title,platform,rating,dificulty,length,genres,developer,publisher,release_year,main_story,main_plus_sides,completionist,all_styles,single_player,metascore,user_score
#idarb,XONE,3.01,2.57,16.97,"Arcade, Platform, Sports",Other Ocean,Other Ocean,2015.0,8.2,13.42,20.95,11.25,8.2,77.0,6.9
'splosion man,X360,3.64,3.56,14.06,Action,Twisted Pixel Games,Microsoft Games Studios,2009.0,7.6,9.23,18.77,9.47,7.6,84.0,7.7
.detuned,PS3,2.23,1.28,1.27,Interactive Art,.theprodukkt,Sony Computer Entertainment,2009.0,0.33,0.15,0.4,0.38,0.33,46.0,3.7
.hack//g.u. last recode,NS,3.71,3.38,79.75,"Compilation, Role-Playing",CyberConnect2,BANDAI NAMCO Entertainment,2017.0,51.27,92.75,127.73,91.52,51.27,73.66666666666667,7.7333333333333325
0 day attack on earth,X360,2.72,3.36,4.06,Shooter,Gulti,Square Enix,2009.0,1.68,13.42,20.95,1.68,1.68,41.0,4.4
007 legends,PS3,3.13,3.11,21.67,"First-Person, Shooter",Eurocom,Activision,2012.0,6.7,7.95,9.58,7.22,6.7,43.0,4.3
007 racing,PS,2.84,3.38,20.18,"Driving, Racing",Eutechnyx,Electronic Arts,2000.0,3.02,3.0,20.95,3.02,3.02,51.0,5.0
0rbitalis,PC,2.93,3.73,5,Puzzle,Alan Zucconi,Unknown,2014.0,2.65,3.7,12.98,4.43,2.65,73.0,7.2
1-2-switch,NS,2.9,1.45,8.34,"Action, Party",Nintendo EPD,Nintendo,2017.0,1.4,3.52,2.33,1.9,1.4,58.0,4.8
10 second ninja,PC,3.19,3.53,5.19,Action,GameDesignDan,Mastertronic,2014.0,1.62,2.7,4.95,3.0,1.62,72.0,7.1
10 second ninja x,PC,3.23,3.48,6.57,"Action, Platform",Four Circle Interactive,Curve Digital,2016.0,2.62,6.12,13.22,5.38,2.62,79.0,4.95
1000 tiny claws,PSP,3.43,2.74,5.46,Action,Mediatonic,Mediatonic,2011.0,1.55,13.42,20.95,1.55,1.55,76.0,6.6
1001 spikes,PS4,3.63,4.19,20.5,Platform,8bits Fanatics,Nicalis,2014.0,7.62,13.73,17.92,12.57,7.62,78.0,6.5
101-in-1 explosive megamix,DS,2.83,2.37,8.27,Party,Nordcurrent,Atlus,2009.0,1.35,2.67,14.13,8.07,1.35,46.0,7.333333333333333
11-11: memories retold,PC,3.56,1.85,11.79,"Adventure, Incremental, Third-Person",Unknown,BANDAI NAMCO Entertainment Europe,2018.0,5.17,6.38,11.6,6.82,5.17,75.66666666666667,7.1000000000000005
12 is better than 6,PC,3.25,3.27,7.74,"Shooter, Top-Down",Ink Stains Games,Pinkapp Games,2015.0,4.83,6.12,7.08,6.07,4.83,59.0,7.4
13 sentinels: aegis rim,NS,4.17,2.93,45.95,"Adventure, Scrolling, Side, Strategy/Tactical",Vanillaware,Atlus,2020.0,31.07,36.62,38.38,35.93,31.07,86.5,8.8
140,PC,3.34,3.37,5.72,"Music/Rhythm, Platform",Jeppe Carlsen,Unknown,2013.0,1.28,2.45,6.52,1.85,1.28,70.0,7.333333333333333
18 wheeler: american pro trucker,PS2,2.7,3.03,16.07,"Action, Driving, Racing",Sega-AM2,Unknown,2001.0,0.83,1.63,1.72,1.05,0.83,60.0,6.166666666666667
187 ride or die,PS2,2.43,2.85,11.59,"Action, Driving, Racing",Ubisoft,Ubisoft,2003.0,7.43,6.18,20.95,7.02,7.43,51.5,6.55
1942: joint strike,PS3,3.36,3.62,4.21,Vertical Scrolling Shooter,Backbone Entertainment,Capcom,2008.0,1.1,13.42,20.95,1.1,1.1,68.5,6.1
1954: alcatraz,PC,3.01,2.88,11.89,"Adventure, Point-And-Click",Unknown,Daedalic Entertainment,2014.0,5.87,6.17,8.6,6.92,5.87,58.0,6.3
1979 revolution: black friday,PS4,2.93,2.29,13.2,Adventure,Unknown,iNK Stories,2016.0,2.2,3.12,6.28,2.98,2.2,75.66666666666667,6.933333333333334
198x,NS,2.5,2.4,9.2,Beat Em Up,Hi-Bit Studios,Hi-Bit Studios,2019.0,1.62,1.77,2.57,1.73,1.62,67.33333333333333,6.199999999999999
2002 fifa world cup,PS,2.85,2.87,33.21,"Simulation, Sports",EA Canada,EA Sports,2002.0,2.45,13.42,20.95,2.45,2.45,77.5,7.025
2010 fifa world cup south africa,PSP,3.27,2.75,18.2,Sports,Unknown,EA Sports,2010.0,23.02,18.12,30.0,22.68,23.02,76.0,7.5
2014 fifa world cup brazil,PS3,3.53,2.87,29.84,Sports,EA Canada,EA Sports,2014.0,4.58,63.5,20.95,32.08,4.58,73.5,4.8
2064: read only memories,VITA,2.67,2.7,18.5,Adventure,MidBoss,MidBoss,2015.0,9.18,11.68,20.1,11.42,9.18,78.0,3.9000000000000004
20xx,PC,3.94,3.73,18.17,Action,Batterystaple Games,Batterystaple Games,2014.0,6.13,16.3,39.0,9.77,6.13,77.0,7.6
24: the game,PS2,3.48,3.09,19.12,"Action, Adventure",SCE Studio Cambridge,Unknown,2006.0,10.97,13.0,20.95,11.4,10.97,62.0,7.9
2dark,PC,3.29,3.5,10.86,Adventure,Gloomywood,Bigben Interactive,2017.0,8.62,12.9,14.0,11.13,8.62,62.333333333333336,6.566666666666666
3 on 3 nhl arcade,X360,3.22,2.52,7.46,Sports,EA Canada,EA Sports,2009.0,1.23,2.0,2.67,2.12,1.23,65.0,7.05
3000th duel,NS,3.35,3.8,24,"Action, Adventure",NEOPOPCORN Corp,NEOPOPCORN Corp,2019.0,15.48,14.97,28.45,17.7,15.48,71.0,8.2
300: march to glory,PSP,3.03,3.0,18.74,Hack And Slash,Collision Studios,Warner Bros. Interactive,2007.0,7.15,7.45,20.95,7.23,7.15,55.0,5.8
3d dot game heroes,PS3,3.93,3.24,33.89,"Action, Adventure",Silicon Studio,Atlus,2010.0,15.73,21.95,29.7,20.42,15.73,77.0,7.8
3d fantasy zone ii w,3DS,4.17,3.8,22.6,"Action, Scrolling, Shooter",M2,Sega,2015.0,1.07,3.25,4.03,2.22,1.07,81.0,7.0
3d gunstar heroes,3DS,4.01,3.77,10.93,"Action, Adventure",Sega,Sega,2015.0,2.13,1.87,14.07,3.1,2.13,89.0,7.9
3d ultra minigolf adventures,X360,3.15,2.81,13.08,Sports,Wanako Studios,Sierra On-Line,2007.0,4.0,4.42,4.85,4.33,4.0,66.0,6.4
428: shibuya scramble,PC,3.97,2.64,50.12,"Adventure, Full Motion Video (Fmv), Visual Novel",ChunSoft,Sega,2018.0,27.52,32.92,41.27,34.18,27.52,85.0,8.0
4pm,PC,2.75,3.14,44.2,"Adventure, First-Person",Bojan Brbora,4PM GAME,2014.0,0.48,0.62,0.52,0.5,0.48,41.0,4.2
4x4 evo 2,XBOX,3.44,2.85,19.12,Unknown,Terminal Reality,Gathering of Developers,2001.0,6.42,13.42,33.0,15.27,6.42,61.333333333333336,7.033333333333333
4x4 evolution,PS2,3.06,3.23,29.06,"Driving, Racing",Terminal Reality,Gathering of Developers,2000.0,14.33,13.42,14.0,14.25,14.33,70.33333333333333,6.6000000000000005
50 cent: blood on the sand,PS3,2.95,2.4,8.27,"Shooter, Third-Person",Swordfish Studios,THQ,2009.0,5.22,7.13,9.75,5.93,5.22,71.5,6.55
50 cent: bulletproof,XBOX,2.53,3.31,7.54,Action,Unknown,Unknown,2005.0,6.3,6.38,9.75,6.45,6.3,48.5,6.1
60 parsecs!,PC,3.0,3.29,5.08,Unknown,Robot Gentleman,Robot Gentleman,2018.0,1.75,6.62,7.1,3.12,1.75,68.0,7.3
7 days to die,PC,3.32,3.38,71.17,"Action, Adventure, First-Person",The Fun Pimps,The Fun Pimps,2013.0,54.72,124.23,415.73,196.93,54.72,40.0,5.75
7 wonders of the ancient world,PS2,2.98,2.46,26.55,Puzzle,Hot Lava Games,MumboJumbo,2007.0,4.95,4.23,8.57,5.47,4.95,55.5,7.15
7th dragon iii code: vfd,3DS,3.99,3.11,45.39,Role-Playing,imageepoch,Sega,2016.0,31.6,40.5,51.27,40.03,31.6,76.0,7.9
88 heroes,PS4,3.83,3.91,12.4,Platform,Bitmap Bureau,Rising Star Games,2017.0,3.42,8.9,20.95,5.23,3.42,72.0,5.8
9 monkeys of shaolin,PS4,2.72,2.75,12,"Action, Role-Playing",Sobaka Studio,Buka Entertainment,2020.0,4.37,5.62,8.43,5.27,4.37,70.75,7.3500000000000005
911 operator,NS,3.47,3.11,26.33,"Management, Simulation",Jutsu Games,PlayWay,2017.0,6.68,10.68,23.15,10.15,6.68,68.0,6.7
99vidas,PS4,3.14,3.85,5.65,"Action, Arcade, Beat Em Up, Fighting",QUByte Interactive,QUByte Interactive,2016.0,3.58,8.18,28.3,6.58,3.58,61.0,6.4
a bird story,PC,3.39,1.21,1.64,Adventure,Freebird Games,Freebird Games,2014.0,1.3,1.45,1.52,1.42,1.3,66.0,7.0
a boy and his blob,PC,3.66,3.06,22,"Platform, Puzzle",WayForward Technologies,Majesco Games,2009.0,9.8,11.3,17.87,13.97,9.8,80.0,8.2
a case of distrust,PC,3.66,2.83,4.57,Adventure,The Wandering Ben,Serenity Forge,2018.0,2.92,3.1,2.95,2.97,2.92,77.0,5.8
a fistful of gun,PC,3.28,3.6,10.4,Action,FarmerGnome,Devolver Digital,2015.0,3.12,2.52,6.03,3.7,3.12,60.0,7.1
a game of dwarves,PC,3.29,2.62,38.56,"City-Building, Strategy",Zeal Game Studio,Paradox Interactive,2012.0,35.0,68.5,35.5,48.6,35.0,60.0,6.4
a game of thrones: genesis,PC,2.44,3.0,6.94,Strategy,Cyanide,Focus Home Interactive,2011.0,10.4,19.27,60.02,27.05,10.4,53.0,4.1
a golden wake,PC,3.55,3.06,8.73,"Adventure, Point-And-Click",Grundislav Games,Wadjet Eye Games,2014.0,5.02,6.38,7.2,5.88,5.02,68.0,6.0
a hat in time,XONE,3.97,2.92,31.41,"Action, Adventure, Platform, Third-Person",Gears for Breakfast,Unknown,2017.0,9.88,16.1,21.07,15.37,9.88,77.0,8.225
a kingdom for keflings,X360,3.75,2.08,17.62,Simulation,NinjaBee,Microsoft Game Studios,2008.0,5.62,12.85,31.48,15.48,5.62,78.0,7.3
a memoir blue,PC,3.05,1.22,0.94,"Adventure, Interactive Art, Puzzle, Real-Time, Side",Cloisters Interactive,Annapurna Interactive,2022.0,1.08,1.15,1.57,1.27,1.08,71.0,5.6
a normal lost phone,PC,3.61,2.06,2.4,Adventure,Plug In Digital,Unknown,2017.0,1.4,1.72,1.73,1.62,1.4,72.0,7.0
a plague tale: innocence,PS5,3.59,3.11,14.05,"Action, Adventure, Stealth, Third-Person",Asobo Studio,Focus Home Interactive,2019.0,11.02,12.85,16.4,12.55,11.02,81.66666666666667,8.566666666666666
a plague tale: requiem,PC,3.62,3.16,20.06,"Action, Adventure, Stealth, Third-Person",Asobo Studio,Focus Home Interactive,2022.0,17.12,19.93,28.02,19.63,17.12,83.0,8.3
a robot named fight!,PC,3.68,3.75,14.94,Action,Matt Bitner Games,Matt Bitner Games,2017.0,4.15,11.0,20.95,6.97,4.15,71.0,7.5
a rose in the twilight,PC,3.5,3.27,11,Adventure,Nippon Ichi Software,NIS America,2017.0,8.42,8.88,13.95,10.05,8.42,75.0,7.9
a short hike,XONE,3.86,2.17,4.42,Adventure,adamgryu,adamgryu,2019.0,1.53,2.27,4.78,2.53,1.53,85.0,8.55
a story about my uncle,PC,3.19,2.91,4.92,"Adventure, First-Person, Platform",Gone North Games,Coffee Stain Studios,2014.0,3.1,4.63,9.82,3.8,3.1,73.0,7.1
a valley without wind,PC,2.99,2.95,22.14,"Adventure, Role-Playing, Strategy",Arcen Games,Arcen Games,2012.0,17.13,13.0,58.32,21.77,17.13,54.0,6.6
a way out,XONE,3.48,2.08,8.46,"Action, Adventure, Third-Person",Hazelight Studios,Electronic Arts,2018.0,6.03,6.77,7.65,6.52,6.03,78.33333333333333,7.833333333333333
a witch's tale,DS,3.53,2.71,46,Role-Playing,Hit Maker,Unknown,2009.0,16.9,16.07,38.08,22.83,16.9,50.0,7.0
a world of keflings,X360,3.53,2.02,16.14,Simulation,NinjaBee,Microsoft Studios,2010.0,7.35,12.32,12.9,10.9,7.35,77.0,6.900000000000001
a.r.e.s. extinction agenda ex,X360,3.35,3.5,30.8,"Action, Platform",Extend Studio,Origo Games,2014.0,4.15,5.25,20.95,4.42,4.15,66.0,7.2
a.w.: phoenix festa,VITA,2.92,3.04,17.48,"Action, Role-Playing",APLUS,Bandai Namco Entertainment,2016.0,3.85,13.93,16.92,11.08,3.85,55.0,4.2
aarklash: legacy,PC,3.48,3.54,13.14,"Adventure, Strategy",Cyanide Studio,Cyanide Studio,2013.0,13.55,20.35,49.0,16.37,13.55,72.0,7.8
aaru's awakening,LNX,0.7,1.86,8.25,"Action, Platform",Lumenox Games,Lumenox Games,2015.0,3.07,4.97,3.78,3.62,3.07,59.0,2.7999999999999994
absolute drift,PC,3.35,3.81,7.24,"Driving, Racing",Funselektor Labs,Funselektor Labs,2015.0,2.87,4.78,9.88,5.68,2.87,70.0,7.333333333333333
absolver,PC,3.07,3.09,15.33,"Massively Multiplayer, Role-Playing",Sloclap,Devolver Digital,2017.0,5.17,9.17,23.57,7.55,5.17,68.66666666666667,6.266666666666667
abyss odyssey,PS3,3.04,3.23,23.92,"Action, Adventure, Multidirectional, Roguelike, Third-Person",ACE Team,ATLUS,2014.0,4.32,9.2,18.92,8.33,4.32,67.66666666666667,6.7
academy of champions: soccer,WII,3.77,2.75,11.63,Sports,Ubisoft Vancouver,Ubisoft,2009.0,7.3,13.42,20.95,7.3,7.3,64.0,6.8
ace attorney investigations: miles edgeworth,AND,3.92,3.0,21.82,Adventure,Capcom,Capcom,2010.0,23.22,24.82,23.77,23.55,23.22,78.0,8.3
ace combat 04: shattered skies,PS2,4.16,3.09,25.4,"Arcade, Simulation",Project Aces,Namco,2001.0,4.35,8.75,26.8,6.17,4.35,89.0,8.7
ace combat 2,PS,4.0,3.18,20.09,"Arcade, Combat Flight Simulator",Namco,Namco,1997.0,2.73,5.12,13.33,3.9,2.73,83.0,8.6
ace combat 5: the unsung war,PS4,4.26,3.32,37.14,"Flight, Simulation, Vehicular Combat",Project Aces,Unknown,2004.0,7.3,13.87,33.47,10.28,7.3,84.0,8.9
ace combat 6: fires of liberation,X360,3.95,3.27,21.96,Arcade,Project Aces,Namco Bandai Games,2007.0,8.53,14.88,39.37,10.55,8.53,80.0,7.9
ace combat 7: skies unknown,XONE,3.78,3.31,20.84,"Action, Flight",BANDAI NAMCO Studios,BANDAI NAMCO Entertainment,2019.0,12.3,19.05,71.15,16.48,12.3,79.0,7.633333333333334
ace combat advance,GBA,2.84,2.74,19.16,"Action, Flight, Top-Down",Human Soft,Namco,2005.0,2.25,1.7,2.7,2.23,2.25,56.0,7.5
ace combat infinity,PS3,3.59,2.98,62.4,"Flight Combat, Simulation",Project Aces,Bandai Namco Games,2014.0,4.43,13.42,38.5,12.95,4.43,54.0,5.7
ace combat x: skies of deception,PSP,4.24,3.44,39.34,"Arcade, Combat Flight Simulator",Access Games,Unknown,2006.0,4.15,7.22,25.5,6.65,4.15,75.0,8.3
ace combat zero: the belkan war,PS2,4.19,3.18,29.4,Arcade,Project Aces,Namco Bandai,2006.0,4.58,10.03,27.03,6.62,4.58,75.0,8.6
ace combat: assault horizon,PS3,3.37,3.17,18.83,Arcade,Project Aces,Namco Bandai Games,2011.0,8.75,13.48,78.67,13.68,8.75,77.5,6.4
ace combat: assault horizon legacy,3DS,3.97,3.02,21.57,Action,Project Aces,Namco Bandai Games,2011.0,4.37,7.48,18.05,5.87,4.37,71.0,7.4
ace combat: joint assault,PSP,3.69,3.59,37.03,"Arcade, Combat Flight Simulator",Access Games,Namco Bandai Games,2010.0,6.6,12.32,64.67,12.17,6.6,71.0,7.0
act of war: direct action,PC,3.73,3.0,22.77,"Real-Time, Strategy",Eugen Systems,Atari,2005.0,12.0,11.78,12.28,11.97,12.0,82.0,8.0
action bass,PS,2.77,3.22,24,Sports,Unknown,Take-Two Interactive,2011.0,3.48,13.42,20.95,3.48,3.48,51.0,7.333333333333333
action henk,PS4,3.58,3.71,13.33,"Action, Driving, Platform, Racing",RageSquid,RageSquid,2015.0,4.55,7.45,30.63,7.9,4.55,73.0,6.7
actraiser renaissance,PC,3.67,2.92,21.2,"Action, Adventure",Unknown,Square Enix,2021.0,19.18,19.12,35.43,22.13,19.18,72.5,7.300000000000001
actual sunlight,VITA,3.21,1.13,1.44,Adventure,Will O'Neill,Will O'Neill,2014.0,1.25,1.35,1.5,1.38,1.25,75.0,6.3
adam's venture chronicles,PC,1.82,2.88,13.33,Adventure,Vertigo Games,SOEDESCO Publishing,2015.0,5.62,5.98,6.67,6.28,5.62,49.0,5.9
adam's venture: origins,PC,2.58,2.67,18.17,Adventure,Vertigo Games,SOEDESCO Publishing,2016.0,5.0,5.57,5.57,5.42,5.0,53.0,5.4
adios,PC,2.96,1.58,1.59,"Adventure, First-Person",Mischief,Mischief,2021.0,1.35,1.55,2.0,1.52,1.35,78.0,6.3
advance guardian heroes,GBA,3.49,3.38,17.33,Fighting Action,Treasure,Unknown,2004.0,2.85,13.42,20.95,2.85,2.85,65.0,7.333333333333333
advance wars,GBA,4.12,3.7,35.43,"Strategy/Tactical, Top-Down, Turn-Based",Intelligent Systems,Nintendo,2001.0,15.95,23.1,32.33,18.32,15.95,92.0,8.8
advance wars 2: black hole rising,GBA,4.22,3.7,37.76,"Strategy/Tactical, Top-Down, Turn-Based",Intelligent Systems,Nintendo,2003.0,27.63,38.23,108.23,35.65,27.63,89.0,8.8
advance wars: days of ruin,DS,4.02,3.69,39.03,Turn-Based,Intelligent Systems,Nintendo,2008.0,21.25,37.42,90.52,29.3,21.25,86.0,8.5
advance wars: dual strike,DS,4.11,3.39,41.96,Turn-Based,Intelligent Systems,Nintendo,2005.0,23.97,55.53,270.0,46.32,23.97,90.0,8.8
advent rising,PC,3.34,3.05,18.15,"Action Adventure, Third-Person",Unknown,Majesco,2005.0,8.02,8.27,8.75,8.2,8.02,69.0,8.05
adventure island: the beginning,WII,3.52,3.96,19.83,Platform,Hudson Soft,Hudson Soft,2009.0,2.05,13.42,20.95,2.05,2.05,60.0,7.333333333333333
adventure time: hey ice king! why'd you steal our garbage?!,3DS,3.41,2.3,12.94,Adventure,WayForward Technologies,D3 Publisher,2012.0,5.05,5.22,6.43,5.43,5.05,67.0,7.2
adventure time: pirates of the enchiridion,NS,3.38,2.24,10.94,"Action, Adventure, Role-Playing, Third-Person, Turn-Based",Climax Studios,Outright Games,2018.0,6.43,8.85,11.95,9.78,6.43,56.0,5.65
adventures of mana,VITA,3.61,2.28,19.5,"Action, Role-Playing, Top-Down",Square-Enix,Square-Enix,2016.0,9.37,12.2,17.67,12.58,9.37,66.0,8.2
aedis eclipse: generation of chaos,PSP,3.51,3.32,49.54,"Strategy/Tactical, Turn-Based",Idea Factory,Unknown,2007.0,8.2,25.0,20.95,25.0,8.2,62.0,6.3
aegis defenders,PC,3.4,4.29,15.73,"Action, Platform",GUTS Department,Humble Bundle,2018.0,9.48,12.82,19.37,13.0,9.48,75.0,6.1000000000000005
aegis of earth: protonovus assault,PS3,3.29,3.0,32.2,"Real-Time, Tactical",Acquire,Aksys Games,2016.0,16.13,26.23,37.35,29.75,16.13,57.0,6.5
aegis wing,X360,3.19,3.25,6.69,"Scrolling, Shooter",Microsoft/Carbonated Games,Microsoft Game Studios,2007.0,2.53,4.05,8.6,4.98,2.53,58.0,7.0
aeon flux,XBOX,2.57,3.5,12.25,"Action, Adventure",Terminal Reality,Majesco Games,2005.0,8.93,15.43,20.95,10.57,8.93,67.5,4.300000000000001
aer: memories of old,PC,3.15,1.45,4.85,Adventure,Forgotten Key,Daedalic Entertainment,2017.0,3.1,4.08,4.5,3.93,3.1,70.75,6.8
aerea,PS4,2.03,1.6,34.29,"Action, Role-Playing",Triangle Studios,SOEDESCO Publishing,2017.0,12.0,15.5,22.17,17.35,12.0,48.0,4.25
aero porter,3DS,3.32,4.14,11.55,Puzzle,Unknown,Level-5,2012.0,2.98,13.42,20.95,2.98,2.98,70.0,7.4
aerowings 2: air strike,DC,3.43,3.56,17,"Flight, Simulation",CRI,Crave,2000.0,3.92,13.42,20.95,3.92,3.92,74.0,8.1
aeternoblade,VITA,3.27,3.56,25.64,Unknown,Corecell Technology,Corecell Technology,2014.0,9.37,14.03,37.1,14.95,9.37,59.0,6.3
aeternoblade ii,PS4,2.71,3.86,40,Platform,Corecell Technology,Corecell Technology,2019.0,20.5,16.0,20.95,19.0,20.5,44.0,4.2
affordable space adventures,WIIU,3.89,3.66,12,"Puzzle, Stealth",KnapNok Games,Nifflas' Games,2015.0,5.58,6.48,8.97,6.13,5.58,81.0,8.1
afrika,PS3,3.74,2.68,35.06,Simulation,Rhino Studios,Natsume,2009.0,19.57,22.0,30.28,25.58,19.57,63.0,6.2
afro samurai,PS3,3.33,3.01,13.01,Action,Namco Bandai Games,Surge,2009.0,7.12,8.1,15.37,8.08,7.12,65.0,6.2
after burner climax,PS3,3.76,2.98,12.9,Arcade/Shoot 'Em Up,Sega-AM2,Sega,2010.0,0.28,2.23,7.18,3.52,0.28,73.5,6.1
after burner: black falcon,PSP,3.63,3.3,21.88,"Action, Flight",Planet Moon Studios,Sega,2007.0,5.82,13.42,20.95,5.82,5.82,73.0,7.2
afterfall: insanity,PC,2.45,3.06,19.14,"Horror, Shooter, Survival, Third-Person",Intoxicate Studios,Nicolas Entertainment Group,2011.0,6.92,8.97,15.7,8.52,6.92,50.0,5.8
again: interactive crime novel,DS,3.33,2.34,15.67,Adventure,Cing,Tecmo,2010.0,10.55,10.83,11.35,10.87,10.55,52.0,6.7
agatha christie: and then there were none,WII,3.4,2.83,16.32,Adventure,AWE Productions,The Adventure Company,2005.0,7.12,8.02,8.93,7.77,7.12,59.0,6.85
agatha christie: evil under the sun,WII,3.65,3.17,25.07,Adventure,AWE Productions,The Adventure Company,2007.0,9.37,13.42,10.63,10.0,9.37,66.0,7.1
age of booty,PC,2.55,1.78,9.6,"Real-Time, Strategy/Tactical",Certain Affinity,Capcom,2008.0,8.2,8.0,12.38,11.65,8.2,75.0,6.45
age of empires ii: definitive edition,PC,4.21,3.59,74.98,"Real-Time, Strategy/Tactical",Unknown,Xbox Game Studios,2019.0,45.92,131.27,253.22,109.13,45.92,85.5,8.850000000000001
age of empires ii: hd edition,PC,4.1,3.31,63.29,Strategy,Hidden Path Entertainment,Microsoft Game Studios,2013.0,34.95,87.28,145.83,72.02,34.95,68.0,7.9
age of empires ii: the age of kings,PS2,3.32,3.4,38.84,"Real-Time, Strategy/Tactical",Ensemble Studios,Unknown,1999.0,41.95,61.8,75.62,54.05,41.95,92.0,9.0
age of empires iii,PC,3.82,3.05,43.6,"Real-Time, Strategy/Tactical",Unknown,Unknown,2005.0,15.1,20.52,33.72,19.58,15.1,81.0,7.7
age of empires iii: definitive edition,PC,3.96,3.25,79.27,"Real-Time, Strategy/Tactical",Unknown,Xbox Game Studios,2020.0,21.0,49.33,91.2,48.13,21.0,75.0,5.8
age of empires iv,PC,3.88,3.58,40.14,"Real-Time, Strategy/Tactical",Relic Entertainment,Xbox Game Studios,2021.0,28.17,36.32,167.92,39.38,28.17,81.0,7.7
age of empires online,PC,3.32,3.06,57.12,"Real-Time, Strategy/Tactical",Unknown,Microsoft Game Studios,2011.0,18.5,13.42,300.0,159.25,18.5,70.0,5.7
age of empires: definitive edition,PC,3.76,3.36,52,"Real-Time, Strategy",Microsoft Studios,Microsoft Studios,2018.0,32.78,59.22,78.13,57.25,32.78,69.0,6.7
age of empires: mythologies,DS,3.73,3.48,29.68,"Strategy/Tactical, Turn-Based",Griptonite Games,THQ,2008.0,29.83,20.67,20.6,24.08,29.83,78.0,7.2
age of empires: the age of kings,DS,3.46,3.25,39.64,"Strategy/Tactical, Turn-Based",Backbone Entertainment,Majesco,2006.0,15.5,27.33,40.0,25.5,15.5,80.0,8.0
age of mythology,PC,4.05,3.09,45.79,"Real-Time, Strategy/Tactical",Ensemble Studios,Unknown,2002.0,17.28,30.0,27.1,23.13,17.28,89.0,8.8
age of mythology: extended edition,PC,4.04,3.11,49.96,"Real-Time, Strategy/Tactical",Unknown,Microsoft Studios,2014.0,28.72,43.73,80.95,46.93,28.72,66.0,7.6
age of pirates 2: city of abandoned ships,PC,3.69,3.82,46.75,Role-Playing,Akella,Playlogic,2009.0,40.27,164.8,20.95,102.53,40.27,61.0,7.5
age of pirates: caribbean tales,PC,3.12,3.18,39.78,Role-Playing,Akella,Unknown,2006.0,9.13,13.42,13.0,10.1,9.13,56.0,5.7
age of wonders ii: the wizard's throne,PC,3.94,3.4,64.52,Turn-Based,Triumph Studios,Take 2,2002.0,52.4,103.63,58.23,72.1,52.4,86.0,8.7
age of wonders iii,PC,3.74,3.38,65.54,"Top-Down, Turn-Based",Triumph Studios,Triumph Studios,2014.0,25.87,72.22,144.33,56.13,25.87,80.0,8.0
age of wonders: planetfall,PC,3.58,3.33,65,"Isometric, Strategy/Tactical, Turn-Based",Triumph Studios,Paradox Interactive,2019.0,53.65,111.07,2000.0,221.03,53.65,81.33333333333333,6.8999999999999995
age of wonders: shadow magic,PC,4.1,3.36,63,"Strategy/Tactical, Turn-Based",Triumph Studios,Gathering of Developers,2003.0,32.73,78.33,77.85,57.47,32.73,82.0,8.8
age of zombies,AND,3.32,3.33,1.67,Action,Halfbrick,Halfbrick,2010.0,1.95,1.92,3.52,2.05,1.95,79.0,6.7
agents of mayhem,PS4,3.17,2.74,29.21,Action,Unknown,Deep Silver,2017.0,16.47,27.25,49.77,26.83,16.47,67.66666666666667,6.133333333333334
aggressive inline,GBA,2.88,2.56,15.75,Sports,Unknown,Acclaim Entertainment,2002.0,4.97,5.42,30.0,7.55,4.97,83.25,7.733333333333333
ai war: fleet command,PC,3.58,3.75,26.75,"Real-Time, Strategy/Tactical",Arcen Games,Arcen Games,2009.0,25.38,186.0,20.95,52.15,25.38,80.0,7.9
ai: the somnium files,XONE,3.0,2.83,26.2,"Adventure, Visual Novel",Spike Chunsoft,Spike Chunsoft,2019.0,23.15,27.52,30.35,27.1,23.15,82.0,8.75
ai: the somnium files - nirvana initiative,NS,3.83,3.3,40,"Adventure, Visual Novel",Spike Chunsoft,Spike Chunsoft,2022.0,26.95,31.8,36.82,32.03,26.95,85.66666666666667,8.299999999999999
aidyn chronicles: the first mage,N64,3.13,3.86,60.91,Role-Playing,H2O Interactive,THQ,2001.0,8.2,62.6,20.95,62.6,8.2,53.0,7.9
aion,PC,3.58,3.12,71.62,"Massively Multiplayer, Role-Playing",Aion Team Development Dept,NCSoft,2009.0,64.32,425.13,900.0,304.42,64.32,76.0,6.6
air conflicts: aces of world war ii,PSP,3.48,3.57,23.71,"Action, Flight",Cowboy Rodeo,Graffiti Entertainment,2009.0,8.2,13.42,12.0,12.0,8.2,36.0,4.3
air conflicts: secret wars,PS3,2.88,3.0,20.8,Action,Games Farm,bitComposer Games,2011.0,7.92,8.65,24.85,9.88,7.92,56.0,7.3
air conflicts: vietnam,PS3,3.13,3.56,18.8,Flight Combat,Games Farm,bitComposer Games,2013.0,5.1,7.08,20.95,5.43,5.1,43.0,2.9
air traffic chaos,DS,3.54,3.85,14.43,Unknown,Sonic Powered,Majesco,2008.0,12.0,13.42,20.95,12.0,12.0,66.0,8.3
airace speed,3DS,3.62,3.91,16.69,"Arcade, Driving, Racing, Third-Person",QubicGames,Unknown,2013.0,2.53,4.67,20.95,3.95,2.53,68.0,7.5
airace xeno,3DS,3.73,3.0,8.27,"Driving, Racing",QubicGames,QubicGames,2014.0,0.62,2.28,20.95,1.95,0.62,66.0,6.8
airblade,PS2,3.1,3.24,20.91,Sports,Criterion Games,Namco,2002.0,1.23,13.42,1.83,1.33,1.23,70.0,6.1
airfix dogfighter,PC,3.72,2.9,26.43,Flight Combat,Unknown,EON Digital Entertainment,2000.0,5.02,16.33,20.95,8.78,5.02,75.0,7.7
airforce delta storm,GBA,3.69,3.76,16.92,"Shooter, Top-Down",Konami,Konami,2001.0,4.0,7.02,8.85,6.72,4.0,61.0,7.0
airscape: the fall of gravity,PC,3.48,3.22,20,"Action, Platform",Cross-Product,Cross-Product,2015.0,4.67,5.68,11.02,7.3,4.67,75.0,6.6
akai katana,ARC,3.42,3.44,1.33,"Scrolling, Shooter",Cave,Cave,2012.0,0.73,1.82,7.75,1.07,0.73,75.0,8.2
akane,PC,3.28,4.0,9.6,Action,Ludic Studios,Ludic Studios,2018.0,6.13,8.12,9.43,8.28,6.13,69.0,7.0
akiba's beat,PS4,3.11,2.46,56.72,"Action, Role-Playing",Acquire,Unknown,2017.0,48.43,50.23,96.75,66.15,48.43,55.0,6.9
akiba's trip: hellbound & debriefed,PS4,2.85,3.5,20,"Action, Adventure, Role-Playing",Acquire,XSEED Games,2021.0,10.33,18.45,38.0,18.1,10.33,52.5,5.949999999999999
akiba's trip: undead & undressed,PC,3.53,2.92,33.89,"Adventure, Beat Em Up, Third-Person, Visual Novel",Acquire,Unknown,2014.0,9.47,16.12,41.48,19.03,9.47,59.333333333333336,7.333333333333333
akimi village,PS3,3.34,2.0,8.67,Adventure,NinjaBee,Sony Online Entertainment,2011.0,8.2,13.42,13.5,13.5,8.2,69.0,3.6
alan wake,PC,3.67,3.06,16.39,"Action, Horror, Shooter, Survival, Third-Person",Remedy Entertainment,Microsoft Game Studios,2010.0,11.35,14.83,28.2,13.9,11.35,83.0,8.1
alan wake remastered,PC,3.42,3.0,13.56,"Action, Adventure, Horror, Shooter, Third-Person",Remedy Entertainment,Epic Games,2021.0,10.55,14.35,25.1,13.38,10.55,79.5,7.95
alan wake's american nightmare,PC,3.27,2.77,7.18,"Action, Horror, Shooter, Survival, Third-Person",Remedy Entertainment,Microsoft Studios,2012.0,3.68,4.85,8.77,4.63,3.68,74.5,7.1
albion online,PC,3.5,3.33,66.83,"Massively Multiplayer, Role-Playing",Sandbox Interactive,Sandbox Interactive,2017.0,10.0,40.58,199.2,81.53,10.0,72.0,5.3
alekhine's gun,PS4,2.97,4.0,26.4,"Action, Adventure, Real-Time, Stealth, Third-Person",Maximum Games,Maximum Games,2016.0,11.63,18.62,20.95,14.53,11.63,38.0,4.25
alex rider: stormbreaker,GBA,2.16,2.24,13,Third-Person Action Adventure,Unknown,THQ,2006.0,2.03,13.42,6.5,2.78,2.03,48.0,6.0
alice: madness returns,PC,3.82,3.02,19.56,"Action, Adventure, Hack And Slash, Horror, Platform, Third-Person",Spicy Horse,Electronic Arts,2011.0,13.9,16.25,22.6,15.87,13.9,71.66666666666667,8.3
alien breed 2: assault,PC,2.68,2.64,6.68,"Action, Shooter",Team 17,Unknown,2010.0,5.77,6.57,9.67,6.35,5.77,67.0,5.400000000000001
alien breed 3: descent,PC,2.65,2.87,8.22,"Action, Shooter",Team 17,Team 17,2010.0,5.43,6.3,8.47,6.07,5.43,65.33333333333333,5.566666666666666
alien breed: evolution,X360,3.21,2.92,10,"Survival, Survival Horror",Team17,Team17,2009.0,10.0,13.5,20.95,12.33,10.0,69.0,8.0
alien breed: impact,PC,2.93,2.78,8.4,"Action, Shooter",Team 17,Unknown,2010.0,5.9,7.12,9.35,6.6,5.9,67.5,6.15
alien hominid,GBA,3.5,3.23,5.01,"Scrolling, Shooter, Side",Unknown,Unknown,2004.0,2.33,3.47,8.37,2.77,2.33,78.0,8.350000000000001
alien hominid hd,X360,3.54,3.92,9.49,"Scrolling, Shooter, Side",The Behemoth,Unknown,2007.0,4.12,7.12,8.73,5.18,4.12,79.0,7.6
alien rage,X360,1.93,3.9,8.1,"First-Person, Shooter",Unknown,City Interactive,2013.0,6.72,10.2,16.78,8.2,6.72,49.0,7.1499999999999995
alien resurrection,PS,3.5,3.97,22.53,Action,Argonaut Games,Fox Interactive,2000.0,7.02,6.77,7.17,6.98,7.02,61.0,7.5
alien shooter: vengeance,PC,3.89,3.5,13.46,Arcade,Sigma Team,Sigma Team,2007.0,5.7,9.0,6.0,6.3,5.7,67.0,7.8
alien spidy,X360,3.32,3.0,12,"Action, Adventure, Platform",Enigma,Kalypso Media Digital,2013.0,16.58,13.42,20.95,16.58,16.58,55.0,4.6
alien swarm,PC,3.52,3.33,14.3,"3-D, Shoot-Em-Up, Top-Down",Valve Corporation,Valve Corporation,2010.0,3.47,14.13,24.18,9.62,3.47,77.0,8.1
alienation,PS4,3.83,3.37,41.96,"Action, Shooter",Unknown,Sony Interactive Entertainment America,2016.0,8.0,17.37,53.27,14.13,8.0,79.0,7.9
aliens versus predator: extinction,PS2,3.31,3.84,26.4,"Real-Time, Strategy",Zono Inc.,EA Games,2003.0,12.67,23.78,20.5,17.67,12.67,65.0,7.85
aliens vs. predator: requiem,PSP,2.84,3.48,36.4,Action,Rebellion,Sierra Entertainment,2007.0,4.15,3.92,9.25,5.3,4.15,49.0,8.6
aliens: colonial marines,X360,2.53,2.76,10.97,"First-Person, Shooter",Gearbox Software,Sega,2013.0,7.1,10.12,26.02,9.07,7.1,45.333333333333336,3.7333333333333334
aliens: fireteam elite,XONE,3.13,3.14,21.6,"Shooter, Survival, Third-Person",Cold Iron Studios,Cold Iron Studios,2021.0,8.9,18.7,61.38,14.75,8.9,68.66666666666667,6.4
aliens: infestation,DS,3.72,3.19,11.09,Action,Unknown,Sega,2011.0,6.22,5.93,6.52,6.22,6.22,76.0,8.1
all zombies must die!,PC,2.63,2.92,8.71,Shooter,Doublesix,Square Enix,2011.0,8.17,9.77,11.2,10.07,8.17,63.5,4.85
all-pro football 2k8,X360,3.27,2.89,26.5,Sports,Visual Concepts,2K Sports,2007.0,13.0,13.42,20.95,13.0,13.0,74.0,7.2
all-star baseball 2002,GC,2.77,2.71,50.04,Sports,Acclaim Studios Austin,Acclaim Entertainment,2001.0,4.2,13.42,20.95,4.2,4.2,71.5,6.949999999999999
all-star baseball 2003,GBA,2.68,2.64,21.14,Sports,Unknown,Unknown,2002.0,1.9,13.42,20.95,1.9,1.9,81.0,7.866666666666667
all-star fruit racing,PS4,3.47,2.44,11.14,"Driving, Racing",3DClouds.it,PQube Limited,2018.0,5.13,19.87,20.95,9.35,5.13,61.5,3.85
alone in the dark: illumination,PC,1.48,2.81,9.86,"Action, Adventure",Pure FPS,Atari,2015.0,4.5,3.93,11.0,6.05,4.5,19.0,1.3
alone in the dark: the new nightmare,GBC,2.68,3.21,8.94,"Horror, Survival",Unknown,Infogrames,2001.0,6.77,9.05,13.43,9.02,6.77,72.66666666666667,7.800000000000001
alpha prime,PC,2.66,3.76,8.38,"First-Person, Shooter",Black Element Software,Unknown,2007.0,5.15,6.83,5.7,5.45,5.15,59.0,6.0
alpha protocol,PS3,3.45,3.02,26.24,"Action, Role-Playing, Stealth, Third-Person",Obsidian Entertainment,Sega,2010.0,13.03,17.82,26.67,16.6,13.03,66.33333333333333,7.2333333333333325
alphabounce,DS,4.01,3.33,28.93,Action,Mad Monkey Studio,Mad Monkey Studio,2010.0,20.12,13.42,20.95,20.12,20.12,78.0,6.8
alter echo,PS2,3.12,3.09,18.21,Action,Outrage Entertainment,THQ,2003.0,6.9,10.5,8.08,7.45,6.9,62.0,7.25
altered beast: guardian of the realms,GBA,3.1,3.77,10.27,Beat Em Up,3d6 Games,THQ,2002.0,2.43,2.7,8.0,3.4,2.43,63.0,6.0
alternativa,PC,2.57,2.4,10.8,Adventure,Centauri Production,Bohemia Interactive,2010.0,5.87,8.33,8.67,6.88,5.87,63.0,5.9
alundra,PS,3.87,3.65,39.27,Unknown,Matrix Software,Unknown,1997.0,31.25,34.35,42.35,34.38,31.25,86.0,8.6
alwa's awakening,PC,3.52,3.1,12.03,Side,Elden Pixels,Elden Pixels,2017.0,7.52,9.8,10.88,9.53,7.52,71.0,7.2
alwa's legacy,NS,3.85,3.91,11.5,Unknown,Elden Pixels,Elden Pixels,2020.0,8.02,9.65,14.15,10.32,8.02,80.0,7.8
always sometimes monsters,PC,3.24,2.54,11.09,"Adventure, Interactive Art, Role-Playing, Scrolling, Top-Down",Vagabond Dog,Devolver Digital,2014.0,8.97,11.92,12.9,11.32,8.97,73.0,7.2
amazing island,GC,3.31,2.66,25.12,"Action, Adventure",Unknown,Sega,2004.0,6.78,7.5,20.95,6.97,6.78,59.0,7.0
america's army: rise of a soldier,XBOX,3.42,3.64,35.4,First Person Shooter,Unknown,Ubisoft,2005.0,3.0,13.42,20.95,3.0,3.0,70.0,7.4
american fugitive,PC,2.83,3.0,19.5,"Action, Open World, Top-Down",Fallen Tree Games,Curve Digital,2019.0,9.43,13.88,24.93,15.23,9.43,66.66666666666667,5.866666666666667
american idol,GBA,1.98,1.43,3.31,Music/Rhythm,Mobius Entertainment,Codemasters,2003.0,2.97,1.53,34.0,4.38,2.97,41.0,4.8
american mcgee's alice,PS3,3.34,3.71,13.66,"Action, Adventure",Rogue Entertainment,Electronic Arts,2000.0,10.6,13.02,21.57,12.03,10.6,85.0,7.9
amid evil,PC,3.85,3.18,13.92,"Action, First-Person, Shooter",Indefatigable,New Blood Interactive,2019.0,8.57,11.25,14.13,10.05,8.57,85.0,7.5
amnesia: a machine for pigs,PC,3.14,2.15,6.75,"First-Person, Survival Horror",The Chinese Room,Frictional Games,2013.0,4.28,5.07,6.18,4.73,4.28,72.0,5.900000000000001
amnesia: memories,VITA,3.69,2.39,30.74,Visual Novel,Unknown,Idea Factory International,2015.0,8.43,23.62,36.0,27.27,8.43,72.0,7.2
amnesia: rebirth,PC,3.21,2.8,13.82,"First-Person, Horror",Frictional Games,Frictional Games,2020.0,8.8,10.85,15.07,10.03,8.8,77.5,6.3
amnesia: the dark descent,PC,3.99,3.16,14.47,"Action, Adventure, First-Person, Horror",Frictional Games,Frictional Games,2010.0,7.88,9.18,12.38,8.85,7.88,85.0,8.6
among the sleep,PC,3.17,1.99,4,"First-Person, Horror, Survival",Krillbite Studio,Krillbite Studio,2014.0,2.47,3.25,3.73,2.92,2.47,66.0,7.0
among us,PS4,3.17,3.0,44.2,Unknown,Innersloth,Innersloth,2018.0,8.2,13.42,20.95,11.25,8.2,82.0,6.65
amped 2,XBOX,3.66,3.43,31.83,Sports,Indie Built,Microsoft Game Studios,2003.0,7.0,13.42,20.95,7.0,7.0,80.0,7.7
amped 3,X360,3.39,2.9,26.69,Sports,Indie Built,2K Sports,2005.0,6.37,9.83,10.17,8.75,6.37,72.0,7.3
amped: freestyle snowboarding,XBOX,3.38,3.35,26.83,Sports,Indie Built,Microsoft Game Studios,2001.0,19.33,20.0,20.0,19.6,19.33,78.0,8.0
amplitude,PS4,3.83,3.95,32.67,Music/Rhythm,Harmonix,Sony Computer Entertainment,2003.0,4.57,16.88,192.5,31.75,4.57,80.0,7.8500000000000005
anachronox,PC,3.9,2.86,38.41,"Role-Playing, Third-Person",Ion Storm,Unknown,2001.0,28.35,31.0,44.82,32.93,28.35,77.0,8.0
anarchy online,PC,3.49,3.33,80.00+,"Massively Multiplayer, Role-Playing",Funcom,Funcom,2001.0,8.2,200.0,20.95,200.0,8.2,72.0,7.3
anarchy reigns,X360,3.66,3.13,20.18,"Action, Fighting",PlatinumGames,Sega,2013.0,5.77,7.57,22.32,7.43,5.77,72.0,8.05
anarcute,PC,3.86,2.64,5,Action,Anarteam,Unknown,2016.0,6.25,8.02,17.8,8.7,6.25,76.5,7.4
ancestors legacy,PC,3.03,3.25,24.55,"Real-Time, Strategy",Destructive Creations,1C Company,2018.0,28.95,37.93,43.85,38.87,28.95,75.5,7.15
ancestors: the humankind odyssey,PC,3.09,3.42,45.5,"Simulation, Survival",Panache Digital Games,Private Division,2019.0,19.37,40.43,53.6,39.37,19.37,68.66666666666667,5.766666666666667
ancient amuletor,PS4,3.75,3.0,4.57,"Adventure, First-Person",TIGAMES,TIGAMES,2017.0,2.4,13.42,20.95,2.4,2.4,60.0,6.6
ancients of ooga,PC,3.29,2.55,10.86,"Platform, Puzzle",Bacon Wrapped Games,NinjaBee,2011.0,7.12,9.27,9.02,8.35,7.12,69.0,5.8
and yet it moves,PC,2.91,3.14,4.6,"Platform, Side",Broken Rules,Broken Rules,2009.0,3.1,4.68,17.63,3.65,3.1,79.0,6.95
angry birds,PSP,3.57,3.37,25.54,"Puzzle, Side",Rovio Mobile,Rovio Mobile,2009.0,6.83,14.52,14.15,10.72,6.83,77.0,3.7
angry birds trilogy,3DS,3.32,3.14,39.07,Puzzle,Unknown,Activision,2012.0,18.35,17.12,30.0,18.73,18.35,63.666666666666664,4.533333333333333
angry video game nerd adventures,PC,3.64,4.22,9.14,"Action, Adventure, Platform, Scrolling, Side",FreakZone Games,Screw Attack Entertainment,2013.0,3.32,4.45,4.1,3.55,3.32,77.0,7.7
angry video game nerd i & ii deluxe,PC,3.81,4.14,16.9,"Action, Adventure",FreakZone Games,Screenwave Media,2020.0,4.2,4.6,19.6,8.33,4.2,75.0,7.900000000000001
anima: gate of memories,XONE,3.42,3.53,21,"Action, Hack And Slash, Real-Time, Role-Playing, Third-Person",Anima Project,Unknown,2016.0,17.23,23.42,29.8,22.08,17.23,62.0,7.3999999999999995
animal crossing: city folk,WII,4.04,2.29,69.01,Simulation,Nintendo EAD,Nintendo,2008.0,66.67,144.33,308.8,133.7,66.67,73.0,7.9
animal crossing: happy home designer,3DS,3.8,1.55,44.91,Sandbox,Nintendo EAD Group No. 2,Nintendo,2015.0,12.45,29.6,59.03,21.63,12.45,66.0,6.9
animal crossing: new horizons,NS,4.28,1.95,80.00+,"Real-Time, Simulation, Top-Down",Nintendo,Nintendo,2020.0,62.17,175.07,447.3,135.1,62.17,90.0,5.6
animal crossing: new leaf,3DS,4.48,2.53,80.00+,Simulation,Nintendo EAD Group No. 2,Nintendo,2013.0,79.08,215.5,500.48,197.83,79.08,88.0,8.7
animal crossing: wild world,DS,4.01,2.15,72.58,Simulation,Nintendo EAD,Nintendo,2005.0,67.13,145.4,391.85,156.43,67.13,86.0,8.5
animal paradise,DS,3.08,1.71,9.43,Life Simulation Game,Empire Interactive,Empire Interactive,2008.0,8.2,13.42,3.5,3.5,8.2,49.0,7.5
animaniacs: the great edgar hunt,XBOX,2.88,2.44,8.38,"Action, Adventure",Warthog,Ignition Entertainment,2004.0,8.38,8.4,11.75,9.62,8.38,65.0,7.333333333333333
anna's quest,PC,3.94,2.7,13.24,Adventure,Daedalic Entertainment,Daedalic Entertainment,2015.0,9.85,11.2,11.52,10.83,9.85,74.0,7.0
anno 1701: dawn of discovery,DS,3.84,3.34,38.64,"Real-Time, Strategy/Tactical",Keen Games,Unknown,2008.0,17.12,16.5,20.95,17.02,17.12,78.0,7.6
anno 1800,PC,3.73,3.11,62.8,"Simulation, Strategy",Blue Byte,Ubisoft,2019.0,15.73,53.78,110.4,33.62,15.73,81.0,7.9
anno 2070,PC,3.76,3.27,49.2,"City-Building, Real-Time, Strategy/Tactical",Unknown,Ubisoft,2011.0,26.3,46.42,233.82,57.2,26.3,83.0,7.1
anno 2205,PC,3.34,2.55,38.94,City-Building,Ubisoft Blue Byte Mainz,Ubisoft,2015.0,19.13,47.18,53.27,32.7,19.13,72.0,6.1
anno: mutationem,PC,3.25,2.78,14.86,"Action, Role-Playing, Third-Person",ThinkingStars,Lightning Games,2022.0,11.6,14.9,18.72,15.18,11.6,73.33333333333333,7.0
anodyne,PS4,3.58,3.09,6.1,"Action, Adventure, Real-Time, Role-Playing, Top-Down",Analgesic Productions,Analgesic Productions,2013.0,6.13,6.98,9.63,6.98,6.13,75.0,6.8
anomaly 2,PC,3.22,3.17,8.08,"Real-Time, Strategy, Tower Defense",11 bit studios,Unknown,2013.0,6.53,10.22,14.05,7.82,6.53,75.5,7.300000000000001
anomaly defenders,PC,3.68,3.24,13,"Strategy, Tower Defense",11 bit studios,Unknown,2014.0,8.83,11.25,24.47,13.5,8.83,70.0,6.5
anomaly: warzone earth,PS3,2.83,3.08,13.47,"Real-Time, Strategy, Top-Down, Tower Defense",11 bit studios,11 bit studios,2011.0,6.7,11.5,23.48,10.37,6.7,79.0,6.8
anthem,PC,2.53,2.48,28.38,"Action, Role-Playing",BioWare,Electronic Arts,2019.0,14.42,29.15,61.08,29.07,14.42,59.333333333333336,3.8333333333333335
aokana - four rhythms across the blue,PC,3.8,1.22,34.67,Visual Novel,Unknown,Unknown,2019.0,24.65,41.52,40.53,36.2,24.65,78.0,7.4
apache: air assault,X360,2.93,3.8,32.11,"Action, Simulation",Gaijin Entertainment,Activision,2010.0,9.25,13.42,37.68,18.72,9.25,66.66666666666667,6.566666666666666
ape escape 2,PS2,3.74,2.8,21.35,Platform,Japan Studio,Unknown,2003.0,8.17,12.75,20.53,12.38,8.17,82.0,8.4
ape escape 3,PS2,4.14,2.75,24.06,Platform,Japan Studio,Sony Computer Entertainment,2006.0,6.37,9.37,13.98,8.65,6.37,77.0,8.8
ape escape academy,PSP,3.38,3.21,21.17,Party,Unknown,Sony Computer Entertainment,2006.0,2.5,4.0,6.73,3.68,2.5,51.0,6.1
ape escape: on the loose,PSP,3.63,2.96,21.15,Platform,Sony Computer Entertainment,Sony Computer Entertainment,2005.0,8.07,8.93,8.3,8.33,8.07,66.0,7.0
ape escape: pumped & primed,PS2,3.69,2.98,26.09,Unknown,SCEI,Ubisoft,2004.0,5.25,6.0,20.95,5.5,5.25,61.0,7.3
ape out,PC,3.48,3.47,3.21,"Beat Em Up, Top-Down",Unknown,Devolver Digital,2019.0,2.28,3.12,13.1,2.7,2.28,83.5,6.6
apex legends,NS,3.24,3.46,38.5,"First-Person, Shooter, Survival",Respawn Entertainment,Electronic Arts,2019.0,8.2,13.42,20.95,11.25,8.2,79.75,6.45
apocalipsis,PC,2.95,2.38,5.21,Adventure,Punch Punk Games,Unknown,2018.0,2.57,3.23,2.98,2.87,2.57,73.0,6.8
apollo justice: ace attorney,3DS,3.95,3.0,23.17,"Adventure, Visual Novel",Capcom,Capcom,2008.0,20.65,22.63,22.58,21.57,20.65,77.5,7.8999999999999995
apotheon,PS4,3.34,2.94,10.99,"Action, Adventure, Platform",Alientrap,Alientrap,2015.0,8.37,12.5,15.82,11.9,8.37,77.0,7.55
aqua,X360,3.16,3.14,7.45,Shooter,Games Distillery,Microsoft Studios,2010.0,3.73,5.0,13.0,4.62,3.73,61.0,8.1
aqua kitty udx,NS,3.86,3.36,19.31,Action,Tikipod Limited,Tikipod Limited,2017.0,4.47,3.0,8.0,4.88,4.47,74.0,8.0
aqua teen hunger force zombie ninja pro-am,PS2,2.93,2.7,8.03,"Action, Driving, Racing",Creat Studios,Midway,2007.0,3.88,8.0,20.95,4.92,3.88,37.0,5.8
aquaman: battle for atlantis,XBOX,1.65,2.63,19.27,"Action, Adventure, Third-Person",Lucky Chicken Games,Unknown,2003.0,4.03,13.42,20.95,4.03,4.03,26.5,2.85
aquanox,PC,3.49,3.04,38.14,"Action, Simulation, Third-Person",Massive Development,Fishtank Interactive,2001.0,9.7,10.25,12.28,10.25,9.7,67.0,7.7
aquanox 2: revelation,PC,3.84,3.16,33.38,Simulation,Massive Development,Unknown,2003.0,11.55,12.82,16.88,13.32,11.55,59.0,7.5
ar nosurge plus: ode to an unborn star,VITA,3.81,2.69,51.99,Role-Playing,Gust Co.,Tecmo Koei,2015.0,36.45,59.43,66.8,56.1,36.45,77.0,8.3
ar nosurge: ode to an unborn star,PS3,3.97,2.73,59.42,"Role-Playing, Third-Person",Gust Co,Tecmo Koei,2014.0,37.62,47.88,54.05,46.93,37.62,67.0,7.8
ar tonelico ii: melody of metafalica,PS2,4.06,2.8,57.73,Role-Playing,Gust,Unknown,2009.0,44.6,59.45,112.42,61.5,44.6,71.0,8.2
ar tonelico qoga: knell of ar ciel,PS3,3.69,2.67,59.13,Role-Playing,Gust,Unknown,2011.0,30.08,44.52,105.47,49.15,30.08,61.0,7.8
ar tonelico: melody of elemia,PS2,3.98,2.68,51.85,Role-Playing,Gust,Unknown,2007.0,31.68,44.08,83.82,42.2,31.68,71.0,8.1
aragami,PC,3.49,3.08,11.77,"Action, Adventure, Stealth, Third-Person",Lince Works,Lince Works,2016.0,6.95,10.52,20.28,10.42,6.95,71.0,7.050000000000001
aragami 2,PC,3.27,3.33,32.25,"Action, Stealth, Third-Person",Lince Works,Lince Works,2021.0,16.48,27.65,30.08,24.15,16.48,64.5,5.75
arc of alchemist,NS,2.81,2.6,62.4,"Action, Role-Playing",Compile Heart,Idea Factory,2020.0,12.23,10.93,17.92,13.55,12.23,41.0,3.4
arc rise fantasia,WII,3.93,3.6,62.78,Role-Playing,Unknown,Unknown,2010.0,47.2,67.67,82.0,62.55,47.2,64.0,8.2
arc the lad collection,PS,4.13,3.17,80.00+,"Role-Playing, Strategy, Tactical, Turn-Based",SCEI,Working Designs,2002.0,8.2,149.27,234.05,185.6,8.2,78.0,8.5
arc the lad: end of darkness,PS2,2.94,3.02,40.63,"Action, Role-Playing",Cattle Call,Unknown,2005.0,15.0,18.72,31.23,20.48,15.0,59.0,4.5
arc the lad: twilight of the spirits,PS2,3.71,2.98,48.42,Role-Playing,Cattle Call,Sony Computer Entertainment,2003.0,37.27,48.53,53.43,45.08,37.27,72.0,8.4
arcade classics anniversary collection,PS4,3.5,3.43,10.67,"Compilation, Scrolling",Konami Digital Entertainment,Konami Digital Entertainment,2019.0,7.0,13.42,7.25,7.17,7.0,62.0,4.45
arcana heart 3: love max!!!!!,PC,3.6,3.22,19.73,Fighting,Examu,Unknown,2014.0,1.8,49.53,20.95,14.53,1.8,68.0,7.599999999999999
arcanum: of steamworks and magick obscura,PC,4.21,3.21,60.58,"Isometric, Real-Time, Role-Playing, Turn-Based",Troika Games,Sierra Entertainment,2001.0,31.32,46.12,90.82,47.97,31.32,81.0,8.7
archeage,PC,3.1,3.0,64.02,"Massively Multiplayer, Role-Playing",XL Games,Trion Worlds,2014.0,8.2,717.0,20.95,717.0,8.2,80.0,3.7
archer maclean's mercury,PSP,3.45,3.49,22.69,Puzzle,Awesome Studios,Ignition Entertainment,2005.0,6.18,13.42,20.95,6.18,6.18,75.0,6.7
arctic thunder,PS2,3.07,2.94,9.67,"Driving, Racing",Unknown,Midway Games,2001.0,0.37,2.38,8.0,2.32,0.37,51.0,5.75
arena of valor,AND,3.26,3.21,47.4,Unknown,Tencent Games,Tencent Games,2011.0,0.32,30.0,20.95,15.15,0.32,79.0,6.8
arise: a simple story,PC,3.0,2.17,9.2,"Adventure, Platform, Third-Person",Piccolo,Techland,2019.0,4.22,4.72,7.4,5.02,4.22,79.66666666666667,7.766666666666667
arizona sunshine,PS4,3.54,2.94,3.5,"Action, Adventure, Virtual Reality",Unknown,Vertigo Games,2016.0,4.15,6.27,8.97,5.03,4.15,63.0,6.3
ark: survival evolved,NS,3.16,4.57,80.00+,"Action, Adventure, First-Person, Survival",Unknown,Studio Wildcard,2017.0,76.05,273.6,674.38,305.87,76.05,56.0,4.833333333333333
arkadian warriors,X360,3.28,2.51,11.67,"Action, Role-Playing",Wanako Studios,Sierra Online,2007.0,4.0,7.0,17.0,11.88,4.0,59.0,5.8
arkanoid ds,DS,3.38,3.35,13.69,"Arcade, Puzzle",Unknown,Taito,2007.0,2.78,18.0,21.22,15.8,2.78,61.0,7.7
armageddon riders,PS3,3.44,2.69,13.33,Vehicular Combat,Targem Games,Targem Games,2011.0,5.78,13.42,20.95,5.78,5.78,62.0,5.8
armed and dangerous,PC,3.64,3.09,13.19,"First-Person, Shooter, Third-Person",Planet Moon Studios,Unknown,2003.0,5.9,7.85,9.35,6.78,5.9,78.5,7.45
armello,PC,3.59,3.32,41.43,"Board Game, Role-Playing",League of Geeks,League of Geeks,2015.0,2.28,30.38,114.25,21.77,2.28,76.33333333333333,7.366666666666667
armies of exigo,PC,3.77,3.32,40,"Real-Time, Strategy/Tactical",Black Hole Entertainment,Electronic Arts,2004.0,17.03,17.0,34.17,23.88,17.03,69.0,7.8
armikrog,PC,3.36,3.19,7.81,"Adventure, Point-And-Click, Puzzle",Pencil Test Studios,Versus Evil,2015.0,3.93,5.15,3.62,4.1,3.93,56.0,6.133333333333333
armillo,WIIU,3.88,2.85,11.54,"Action, Platform, Real-Time, Third-Person",Fuzzy Wuzzy Games,Fuzzy Wuzzy Games,2014.0,5.07,8.77,16.62,8.43,5.07,72.0,8.0
armored core 2,PS2,3.7,3.46,36.51,Action,From Software,Agetec,2000.0,11.48,12.5,18.55,13.1,11.48,78.0,8.6
armored core 2: another age,PS2,3.8,3.5,30.84,Action,From Software,Unknown,2001.0,15.77,25.32,27.93,21.95,15.77,75.0,8.5
armored core 3,PS2,3.86,3.48,33.58,"Action, Shooter, Third-Person",From Software,Agetec,2002.0,12.42,15.32,18.52,14.58,12.42,74.0,8.7
armored core 4,X360,3.52,3.56,30.25,Vehicular Combat,From Software,Unknown,2007.0,8.07,10.13,37.07,11.48,8.07,65.0,7.25
armored core v,X360,3.5,3.45,39.2,Simulation,From Software,Unknown,2012.0,11.45,18.22,58.67,21.23,11.45,66.5,7.15
armored core: for answer,PS3,3.99,3.66,39.92,Vehicular Combat,From Software,Unknown,2008.0,7.45,17.22,110.95,25.6,7.45,63.0,7.85
armored core: formula front - extreme battle,PSP,3.28,3.55,42.67,"Action, Shooter, Third-Person",From Software,Agetec,2005.0,3.55,13.42,20.95,3.55,3.55,66.0,5.5
armored core: last raven,PS2,3.85,4.09,45.56,"Action, Shooter, Third-Person",From Software,Agetec,2006.0,6.8,18.2,28.02,15.03,6.8,59.0,8.3
armored core: nexus,PS2,3.82,3.69,34.77,"Action, Shooter, Third-Person",From Software,Agetec,2004.0,8.43,14.05,31.5,12.07,8.43,73.0,8.1
armored core: nine breaker,PS2,3.51,3.78,38.09,"Action, Shooter, Third-Person",From Software,Agetec,2005.0,2.8,19.12,69.28,20.98,2.8,57.0,8.6
armored core: verdict day,X360,3.8,3.86,47.88,"Action, Simulation",From Software,Namco Bandai,2013.0,12.52,13.53,31.87,15.18,12.52,65.5,7.5
army corps of hell,VITA,3.07,3.33,42.15,Action,Entersphere,Square Enix,2012.0,45.0,65.58,65.0,58.52,45.0,57.0,6.6
army men advance,GBA,2.5,2.69,12.66,"Action, Adventure, Shooter",DC Studios,3DO,2001.0,2.18,13.42,1.53,2.07,2.18,57.0,8.0
army men: air attack 2,PS2,3.24,2.85,16.32,Shooter,3DO,3DO,2000.0,3.48,13.42,3.2,3.45,3.48,74.5,7.449999999999999
army men: green rogue,PS2,2.81,3.75,12.08,"Shooter, Third-Person",Unknown,3DO,2001.0,2.87,3.85,20.95,3.35,2.87,39.0,4.7
army men: rts,GC,3.59,3.33,31.07,"Real-Time, Strategy",Pandemic Studios,3DO,2002.0,9.33,12.37,22.32,13.9,9.33,67.5,7.45
army men: sarge's heroes,PS,3.18,3.07,18.17,Action Shooter,3DO,3DO,1999.0,7.27,11.1,20.95,8.23,7.27,60.0,7.8
army men: sarge's heroes 2,PS2,3.21,2.97,17.57,Action Shooter,3DO,3DO,2000.0,5.33,13.42,6.17,5.5,5.33,49.333333333333336,6.433333333333334
army men: sarge's war,XBOX,3.27,2.4,15,"Shooter, Third-Person",Global Star Software,Global Star Software,2004.0,5.6,4.82,20.95,5.33,5.6,50.0,6.5
army men: world war,PS,3.17,3.65,16.59,Shooter,3DO,3DO,2000.0,8.2,8.0,20.95,8.0,8.2,50.0,6.9
army of two,PS3,3.48,2.83,15.07,"Shooter, Third-Person",EA Montreal,Electronic Arts,2008.0,6.65,7.92,11.53,7.22,6.65,73.0,7.4
army of two: the 40th day,PSP,3.23,2.91,14.33,"Action, Shooter, Third-Person",EA Montreal,Electronic Arts,2010.0,7.5,9.38,17.17,8.52,7.5,65.33333333333333,6.866666666666666
army of two: the devil's cartel,X360,3.34,2.88,14.51,"Action, Shooter, Third-Person",Unknown,Electronic Arts,2013.0,8.13,11.5,21.13,10.53,8.13,56.0,6.5
around the world in 80 days,GBA,2.73,3.24,13.29,"Action, Adventure",Saffire,Hip Games,2005.0,1.98,13.42,4.58,3.07,1.98,40.0,6.2
arslan: the warriors of legend,XONE,3.53,2.7,15.5,Action,Koei Techmo,Koei Techmo,2016.0,8.77,14.25,20.95,9.8,8.77,69.0,7.1
art academy,DS,3.54,2.51,24.89,Educational,Unknown,Nintendo,2009.0,8.68,8.53,11.03,9.82,8.68,75.0,7.6
art academy: home studio,WIIU,3.75,2.0,27.38,"Educational, Interactive Art",Headstrong Games,Nintendo,2015.0,1.97,13.42,20.95,1.97,1.97,82.0,8.0
art of balance,PS4,3.85,3.96,49.94,"Puzzle, Side",Shin'en Multimedia,Unknown,2014.0,5.78,7.55,8.65,7.27,5.78,85.0,7.95
art of fighting anthology,PS4,2.63,3.23,21.95,Fighting,SNK Playmore,Unknown,2007.0,1.95,5.0,21.57,5.73,1.95,60.0,7.0
art of murder: cards of destiny,PC,3.57,2.69,12.92,"Adventure, Third-Person",City Interactive,City Interactive,2009.0,10.38,13.42,10.62,10.48,10.38,57.0,5.5
art of murder: fbi confidential,PC,3.23,2.76,13.88,"Adventure, Third-Person",City Interactive,City Interactive,2008.0,6.9,7.87,7.75,7.28,6.9,50.0,5.2
art style: aquia,DS,3.51,3.77,12,Puzzle,Skip,Nintendo,2009.0,1.82,13.42,20.95,1.82,1.82,70.0,7.3
art style: base 10,DS,3.76,4.08,9.5,Puzzle,Skip,Nintendo,2009.0,2.62,13.42,20.95,2.62,2.62,77.0,7.333333333333333
art style: cubello,WII,3.76,3.43,13.65,"Puzzle, Shooter",Skip,Nintendo,2008.0,2.0,13.42,20.95,2.0,2.0,73.0,7.6
art style: light trax,WII,4.15,4.11,17.45,Unknown,Nintendo,Nintendo,2010.0,8.2,13.42,5.2,5.2,8.2,76.0,7.333333333333333
art style: orbient,WII,3.93,3.84,10.23,Puzzle,skip,Nintendo,2008.0,3.67,13.42,20.95,3.67,3.67,82.0,8.2
art style: rotozoa,WII,3.88,3.65,13.92,"Action, Puzzle, Scrolling, Top-Down",Skip,Nintendo,2010.0,3.22,7.9,20.95,5.55,3.22,68.0,7.333333333333333
arthur and the invisibles,PSP,3.17,1.88,7.14,Adventure,Unknown,Atari,2007.0,11.1,10.1,11.13,10.98,11.1,66.0,6.3
artifact,PC,3.0,3.75,80.00+,"Card Game, Strategy",Valve,Valve,2018.0,8.2,13.42,20.95,11.25,8.2,76.0,2.2
arx fatalis,XBOX,3.61,3.35,44.13,Unknown,Arkane Studios,Unknown,2002.0,20.15,27.08,54.03,26.13,20.15,74.0,8.05
as dusk falls,XBSX,3.65,1.95,8.21,Adventure,Interior Night,Xbox Game Studios,2022.0,6.85,9.0,15.02,7.73,6.85,77.0,7.300000000000001
asemblance,PS4,3.4,3.4,6.87,"Adventure, First-Person",Nilos Studios,Nilos Studios,2016.0,1.12,1.45,1.4,1.32,1.12,61.0,5.3
ash of gods: redemption,PC,3.61,3.25,25.33,"Role-Playing, Strategy",AurumDust,Unknown,2018.0,20.02,24.43,35.5,23.3,20.02,65.0,7.5
asheron's call,PC,4.12,3.17,80.00+,Massively Multiplayer,Turbine Entertainment Software,Unknown,1999.0,8.2,13.42,20.95,11.25,8.2,81.0,8.5
asphalt 3d,3DS,3.11,2.95,20.94,"Driving, Racing",Gameloft,Unknown,2011.0,9.65,15.03,13.73,12.43,9.65,43.0,5.4
asphalt 4: elite racing,DS,3.83,2.24,69,"Driving, Racing",Gameloft,Gameloft,2008.0,3.0,3.17,16.25,6.38,3.0,78.0,7.8
asphalt: injection,VITA,3.24,2.95,36.42,"Driving, Racing",Gameloft,Unknown,2012.0,3.92,15.5,23.25,12.42,3.92,49.0,5.2
asphalt: urban gt,DS,3.32,2.66,21.74,"Driving, Racing",Gameloft,Gameloft,2004.0,6.32,11.0,14.58,11.23,6.32,60.0,7.5
assassin's creed,MOBI,3.52,2.38,8.89,"Action, Adventure, Real-Time, Sandbox, Stealth, Third-Person",Ubisoft Montreal,Ubisoft,2007.0,14.83,20.0,31.23,19.07,14.83,81.0,7.449999999999999
assassin's creed chronicles: china,PC,2.89,2.63,10.08,"Action, Platform, Scrolling, Side, Stealth",Ubisoft,Ubisoft,2015.0,6.28,9.5,18.72,8.77,6.28,67.66666666666667,5.666666666666667
assassin's creed chronicles: india,XONE,2.71,3.4,19.09,"Action, Platform, Scrolling, Side, Stealth",Climax Studios,Ubisoft,2016.0,5.58,7.55,13.9,7.15,5.58,63.333333333333336,5.0
assassin's creed chronicles: russia,PS4,2.76,3.43,17.11,"Action, Adventure",Climax Studios,Ubisoft Entertainment,2016.0,6.5,8.17,14.95,8.05,6.5,58.333333333333336,4.9
assassin's creed ii,MAC,3.79,3.13,52,"Action, Adventure, Open World, Third-Person",Ubisoft Montreal,Ubisoft,2009.0,19.4,26.93,35.92,27.07,19.4,89.0,8.333333333333334
assassin's creed ii: discovery,DS,3.34,2.89,11.38,"Action, Adventure",Griptonite Games,Ubisoft,2009.0,4.58,5.9,5.0,4.8,4.58,69.0,7.1
assassin's creed iii,PC,3.53,2.8,35.66,"Action, Adventure",Ubisoft,Ubisoft,2012.0,16.8,32.37,56.57,29.37,16.8,83.5,6.875
assassin's creed iii: liberation,VITA,3.45,2.85,22.36,"Action, Adventure, Open World, Third-Person",Ubisoft Sofia,Ubisoft,2012.0,8.02,11.47,16.45,11.47,8.02,70.0,7.0
assassin's creed iv: black flag,PC,3.97,2.84,45.38,"Action, Open World, Stealth, Third-Person",Ubisoft Montreal,Ubisoft,2013.0,23.88,42.17,63.43,41.4,23.88,85.25,8.1
assassin's creed odyssey,STA,3.38,2.4,58.1,"Action, Open World, Role-Playing, Third-Person",Ubisoft Quebec,Ubisoft,2018.0,46.07,89.42,151.1,101.57,46.07,85.33333333333333,6.3999999999999995
assassin's creed origins,PC,3.71,2.89,66.37,"Action, Adventure, Third-Person",Ubisoft Montreal,Ubisoft,2017.0,30.25,54.9,88.52,60.15,30.25,83.33333333333333,7.300000000000001
assassin's creed valhalla,PC,3.46,2.86,76.82,"Action, Adventure, Open World, Role-Playing, Third-Person",Ubisoft Montreal,Ubisoft,2020.0,62.33,103.23,155.47,110.52,62.33,82.4,7.46
assassin's creed: altair's chronicles,DS,2.85,2.71,11.81,"Action, Adventure",Gameloft,Ubisoft,2008.0,5.48,6.47,6.27,5.83,5.48,58.0,6.2
assassin's creed: bloodlines,PSP,3.49,2.8,20.41,"Action, Adventure, Third-Person",Unknown,Ubisoft,2009.0,6.27,7.68,15.32,7.95,6.27,63.0,7.0
assassin's creed: brotherhood,PC,4.04,2.83,35.59,"Action, Adventure, Platform, Third-Person",Unknown,Ubisoft,2010.0,15.52,26.13,42.75,25.78,15.52,89.0,8.233333333333334
assassin's creed: revelations,AND,3.27,2.45,31.25,"Action, Open World",Ubisoft Montreal,Ubisoft,2011.0,12.78,21.22,35.12,20.17,12.78,80.0,7.5
assassin's creed: the ezio collection,PS4,4.13,2.96,74.96,"Action, Adventure, Third-Person",Ubisoft,Ubisoft,2016.0,50.72,72.35,108.77,75.83,50.72,72.66666666666667,7.6000000000000005
assassin's creed: the rebel collection,NS,4.01,3.09,53.03,"Action, Adventure, Open World, Third-Person",Ubisoft,Ubisoft,2019.0,37.55,73.65,114.62,71.67,37.55,80.0,8.1
assault android cactus,XONE,3.17,3.62,5.5,"Multidirectional, Shooter",Witch Beam,Unknown,2013.0,3.48,12.62,29.83,7.13,3.48,82.66666666666667,6.7333333333333325
assault heroes 2,X360,3.37,3.56,13.14,Top-Down Shooter,Wanako Studios,Sierra Online,2008.0,3.27,5.13,4.0,4.17,3.27,75.0,5.3
assetto corsa,PS4,3.78,3.95,48.65,"Driving, First-Person, Racing, Simulation, Third-Person, Virtual Reality",Kunos Simulazioni,Kunos Simulazioni,2014.0,44.13,72.93,410.33,151.12,44.13,73.66666666666667,7.0
assetto corsa competizione,PS4,3.42,3.6,51.2,Simulation,Kunos Simulazioni,505 Games,2018.0,14.32,106.35,355.75,115.0,14.32,76.0,6.3500000000000005
astalon: tears of the earth,PS4,3.77,3.67,32,"Action, Open World",LABS Works,DANGEN Entertainment,2021.0,11.55,16.22,21.6,16.85,11.55,82.0,5.400000000000001
astebreed,PC,3.69,3.38,8.1,"Action, Arcade, Scrolling, Shooter, Top-Down",Edelweiss,Active Gaming Media,2014.0,1.87,2.77,19.32,2.62,1.87,86.0,7.400000000000001
asterigos: curse of the stars,PC,3.3,3.2,33.6,"Action, Adventure, Open World, Role-Playing, Third-Person",Acme Gamestudio,tinyBuild,2022.0,20.12,32.68,60.77,31.25,20.12,74.33333333333333,5.933333333333334
astonishia story,PSP,3.03,3.05,21.02,Role-Playing,Sonnori,Ubisoft (North America & Europe),2006.0,15.55,20.47,16.73,18.4,15.55,48.0,5.8
astral chain,NS,4.09,3.31,35.74,"Action, Third-Person",PlatinumGames,Nintendo,2019.0,21.13,29.05,82.33,26.85,21.13,87.0,8.9
astria ascending,PC,3.28,3.5,51.6,Role-Playing,Artisan Studio,Dear Villagers,2021.0,25.47,50.1,91.0,43.78,25.47,64.33333333333333,6.366666666666667
astro bears party,NS,2.78,1.77,5.96,"Multidirectional, Party, Real-Time, Top-Down",QubicGames,QubicGames,2017.0,1.3,2.0,5.0,1.77,1.3,57.0,6.7
astro boy: omega factor,GBA,4.19,3.3,14.36,Beat Em Up,Unknown,Sega,2004.0,3.15,5.7,7.82,5.18,3.15,85.0,8.7
astro boy: the video game,PSP,2.74,2.18,8,"Action, Platform",Unknown,D3 Publisher,2009.0,4.62,2.75,3.0,4.03,4.62,41.0,4.55
astro's playroom,PS5,4.27,2.27,7.36,"Action, Platform, Third-Person",SIE Japan Studio,PlayStation Studios,2020.0,2.9,3.97,5.32,4.48,2.9,83.0,9.2
astrologaster,PC,3.18,2.1,3.11,Adventure,Nyamyam,Nyamyam,2019.0,5.95,7.37,6.22,6.25,5.95,79.0,7.333333333333333
astropop,X360,3.4,3.5,8.25,Puzzle,PopCap Games,PopCap Games,2004.0,2.6,13.42,20.95,2.6,2.6,78.0,5.5
asura's wrath,X360,3.73,2.7,12.78,Action,CyberConnect2,Capcom,2012.0,7.03,9.35,15.23,8.47,7.03,71.0,7.1
atari 50: the anniversary celebration,NS,3.7,3.0,24.1,"Arcade, Compilation",Digital Eclipse,Atari,2022.0,6.68,14.27,10.95,9.95,6.68,87.33333333333333,7.65
atari anniversary advance,GBA,3.61,3.28,5.91,Compilation,Atari,Infogrames,2011.0,1.25,13.42,4.35,2.8,1.25,75.0,7.333333333333333
atari flashback classics,NS,4.02,3.62,24.12,Compilation,AtGames,Atari,2018.0,20.0,13.42,20.95,20.0,20.0,67.0,7.333333333333333
atelier annie: alchemists of sera island,DS,3.74,2.69,26.19,"Role-Playing, Simulation",Amazing,Unknown,2009.0,13.85,19.08,25.0,16.05,13.85,70.0,6.8
atelier ayesha plus: the alchemist of dusk,VITA,4.0,3.15,50.63,Role-Playing,Gust,Tecmo Koei,2015.0,26.38,39.72,81.55,41.73,26.38,76.0,8.3
atelier ayesha: the alchemist of dusk,PS3,3.9,2.81,48.04,Role-Playing,Gust,Tecmo Koei,2013.0,25.13,35.95,37.92,32.57,25.13,70.0,7.8
atelier escha & logy plus: alchemists of the dusk sky,VITA,4.19,2.91,65.16,Role-Playing,Gust,Koei Tecmo,2015.0,23.27,43.55,54.77,40.98,23.27,75.0,8.3
atelier escha & logy: alchemists of the dusk sky,PS3,4.1,2.92,63.64,"Role-Playing, Third-Person, Turn-Based",Gust,Tecmo Koei,2014.0,32.35,49.52,73.07,48.53,32.35,79.0,7.9
atelier firis: the alchemist and the mysterious journey,VITA,3.66,3.0,58.75,Role-Playing,Gust,Unknown,2017.0,24.77,49.98,81.62,48.2,24.77,74.0,7.099999999999999
atelier iris 2: the azoth of destiny,PS2,3.95,2.8,48.54,Unknown,Gust,Unknown,2006.0,28.88,31.62,49.3,33.83,28.88,68.0,7.2
atelier iris 3: grand phantasm,PS2,3.77,2.84,48.97,Unknown,Gust,Unknown,2007.0,31.57,42.38,57.92,42.4,31.57,63.0,6.8
atelier iris: eternal mana,PS2,3.82,2.99,47.8,Role-Playing,Gust,Unknown,2005.0,28.27,42.68,63.25,38.75,28.27,74.0,7.5
atelier lulua: the scion of arland,PC,3.64,2.92,52.4,Unknown,Gust,Koei Tecmo,2019.0,32.83,49.2,58.0,47.23,32.83,78.0,7.1499999999999995
atelier meruru: the apprentice of arland,PS3,4.06,2.96,53.21,Role-Playing,Gust,NIS America,2012.0,30.72,39.05,72.17,38.67,30.72,66.0,8.2
atelier rorona: the alchemist of arland,PS3,3.69,2.88,47.44,Role-Playing,Gust,Unknown,2010.0,20.3,31.72,65.73,29.2,20.3,65.0,7.6
atelier ryza 2: lost legends & the secret fairy,PS5,3.83,2.88,58.57,"Role-Playing, Third-Person",Gust,Koei Tecmo,2021.0,32.88,53.55,71.52,53.5,32.88,80.75,7.75
atelier ryza: ever darkness & the secret hideout,PC,3.94,2.56,59.21,Role-Playing,Gust,Koei Tecmo Games,2019.0,28.15,43.8,63.05,43.27,28.15,79.5,8.049999999999999
atelier shallie plus: alchemists of the dusk sea,VITA,4.1,2.88,64.17,Role-Playing,Gust,Gust,2017.0,28.35,41.37,66.5,43.23,28.35,78.0,7.5
atelier shallie: alchemists of the dusk sea,PS3,3.95,2.93,61.82,Role-Playing,Gust,Gust,2015.0,27.68,45.32,70.03,42.72,27.68,76.0,7.6
atelier sophie: the alchemist of the mysterious book,PC,3.55,2.98,54.71,Role-Playing,Gust,Koei Tecmo,2016.0,34.63,45.58,62.22,48.82,34.63,75.0,7.7
atelier totori: the adventurer of arland,PS3,3.92,3.04,50.45,"Multidirectional, Role-Playing, Third-Person, Turn-Based",Gust,Unknown,2011.0,23.97,37.15,63.38,36.67,23.97,74.0,8.1
athens 2004,PS2,3.14,3.0,8.12,"Simulation, Sports",Eurocom,Unknown,2004.0,4.58,9.0,20.95,6.05,4.58,61.0,7.3
atlas reactor,PC,3.46,3.18,20.1,Unknown,Trion Worlds,Trion Worlds,2016.0,8.2,13.42,20.95,11.25,8.2,81.0,7.5
atom zombie smasher,PC,3.25,3.73,6.39,"Real-Time, Strategy/Tactical",Blendo Games,Unknown,2011.0,4.4,9.98,28.03,7.9,4.4,75.0,7.2
atomic betty,GBA,3.0,2.21,5.69,"Puzzle, Shooter",Big Blue Bubble,Unknown,2005.0,2.33,13.42,2.0,2.22,2.33,62.0,7.9
atomic ninjas,PS3,1.14,4.27,3.7,Action,Grip Games,Grip Games,2013.0,2.0,13.42,20.95,2.0,2.0,59.5,6.1
attack of the friday monsters! a tokyo tale,3DS,3.76,1.91,5.29,"Adventure, Simulation",Millennium Kitchen,Level-5,2013.0,3.05,3.47,5.77,3.55,3.05,77.0,7.5
attack on titan,PS3,3.63,2.69,34.11,"Action, Third-Person",Omega Force,Koei Tecmo,2016.0,10.33,28.63,60.93,22.83,10.33,75.5,7.05
attack on titan 2,PC,3.83,3.1,46,Action,Koei Tecmo,Unknown,2018.0,16.67,31.65,90.02,27.97,16.67,73.66666666666667,7.233333333333333
attack on titan 2: final battle,PC,3.21,2.86,30,Unknown,Koei Tecmo Games,Koei Tecmo Games,2019.0,13.13,21.58,136.95,32.55,13.13,74.5,7.099999999999999
attack on titan: humanity in chains,3DS,3.88,3.08,63.34,Action,Spike Chunsoft,Atlus,2015.0,2.77,8.87,115.23,14.28,2.77,46.0,4.4
attractio,PC,4.0,4.0,13.78,"Action, First-Person, Platform, Puzzle, Shooter",GameCoder Studios,Bandai Namco Entertainment,2016.0,8.2,10.75,15.23,12.98,8.2,58.0,6.1
atv offroad fury,PS2,3.42,2.9,18.5,"Driving, Racing",Rainbow Studios,Sony Computer Entertainment,2001.0,3.97,6.0,24.82,6.95,3.97,82.0,8.4
atv offroad fury 2,PS2,3.52,2.92,27.41,"Driving, Racing",Rainbow Studios,Sony Computer Entertainment America,2002.0,14.0,14.88,20.95,14.55,14.0,82.0,8.7
atv offroad fury 3,PS2,3.5,3.06,35.44,"Driving, Racing",Climax Studios,Sony Computer Entertainment,2004.0,11.73,17.17,20.95,14.45,11.73,78.0,7.9
atv offroad fury 4,PS2,3.84,3.03,31.03,"Driving, Racing",Climax Racing,Sony Computer Entertainment America,2006.0,6.68,17.67,20.95,13.27,6.68,77.0,8.8
atv offroad fury pro,PSP,3.63,2.71,18.97,"Driving, Racing",Climax Racing,Sony Computer Entertainment,2006.0,8.2,35.0,20.95,35.0,8.2,76.0,7.5
atv quad power racing 2,XBOX,3.48,2.25,30.6,"Driving, Racing",Climax Brighton,Acclaim Entertainment,2003.0,4.65,33.22,20.95,16.08,4.65,68.66666666666667,7.800000000000001
atv: quad power racing,GBA,2.63,2.43,7.44,"Driving, Racing",Unknown,Acclaim Entertainment,2000.0,5.22,13.42,20.95,5.22,5.22,45.5,6.5
audiosurf 2,PC,3.52,2.92,41.3,"Action, Driving, Music/Rhythm, Racing",Dylan Fitterer,Dylan Fitterer,2013.0,13.6,17.22,280.5,28.42,13.6,76.0,7.3
aura: fate of the ages,PC,3.6,3.81,29.17,Adventure,Streko-Graphics Inc.,The Adventure Company,2004.0,5.32,5.5,7.58,6.35,5.32,63.0,5.5
auto modellista,GC,3.28,3.59,31.82,"Driving, Racing",Capcom Production Studio 1,Capcom,2003.0,4.33,4.8,10.68,4.93,4.33,60.0,7.033333333333333
automachef,PC,3.25,3.64,30.29,"Puzzle, Simulation",Hermes Interactive,Team17 Digital,2019.0,27.22,43.2,40.95,37.25,27.22,68.0,6.8
avadon: the black fortress,PC,3.45,3.13,52.3,Role-Playing,Spiderweb Software,Unknown,2011.0,39.32,54.9,80.1,54.98,39.32,75.0,7.5
avalon code,DS,3.93,3.14,40.23,Action Role-Playing Game,Matrix Software,Unknown,2009.0,25.68,31.23,76.0,34.45,25.68,71.0,7.8
avatar: the last airbender - the burning earth,X360,2.13,1.55,4.73,"Action, Adventure",Unknown,THQ,2007.0,4.45,5.2,4.47,4.62,4.45,54.0,5.4
aven colony,PC,3.0,3.0,31.17,"Simulation, Strategy",Mothership Entertainment,Team17 Digital,2017.0,29.15,35.42,34.95,31.43,29.15,71.66666666666667,7.666666666666667
avencast: rise of the mage,PC,3.16,3.1,23.47,"Action, Role-Playing",ClockStone Software,Lighthouse Interactive,2007.0,13.17,15.8,18.67,15.53,13.17,68.0,7.2
avernum 2: crystal souls,PC,4.14,3.29,73.57,Role-Playing,Spiderweb Software,Spiderweb Software,2015.0,37.37,85.3,102.0,81.7,37.37,78.0,7.6
aviary attorney,PC,3.64,2.81,6.04,Adventure,Sketchy Logic,Sketchy Logic,2015.0,4.68,6.42,8.45,5.97,4.68,77.0,7.3
away: shuffle dungeon,DS,3.46,2.88,27.26,"Action, Role-Playing",Unknown,Unknown,2008.0,16.8,17.0,24.87,20.5,16.8,65.0,6.8
awesomenauts,X360,3.45,3.06,14.5,"Action, Battle Arena",Ronimo Games,dtp Entertainment,2012.0,14.3,41.5,155.9,56.42,14.3,76.0,7.55
awesomenauts assemble!,PS4,3.63,3.21,36.33,Battle Arena,Ronimo Games,Ronimo Games,2014.0,8.2,20.0,20.95,20.0,8.2,77.5,7.3
axel & pixel,X360,3.59,2.5,9.33,"Graphic Adventure, Point-And-Click Adventure",Silver Wish Games,2K Play,2009.0,3.2,3.18,5.93,4.28,3.2,72.0,7.5
axiom verge,PC,3.92,3.22,14.88,"Action, Adventure, Real-Time, Side",Tom Happ,Tom Happ,2015.0,10.85,13.77,17.32,13.0,10.85,85.0,8.05
axiom verge 2,PS4,3.03,3.33,17.78,"Action, Adventure",Thomas Happ Games,Thomas Happ Games,2021.0,8.75,11.7,15.55,11.4,8.75,77.0,6.3999999999999995
azkend 2: the world beneath,PS4,3.18,2.81,9.8,Puzzle,10tons,Unknown,2012.0,5.42,7.67,20.0,6.67,5.42,67.5,7.333333333333333
azur lane: crosswave,PC,2.72,2.0,25.6,"Action, Role-Playing",Unknown,Idea Factory International,2020.0,10.12,17.47,28.23,18.33,10.12,56.0,6.3
azure striker gunvolt,PC,3.81,3.43,15.87,"Action, Platform, Scrolling",Unknown,Inti Creates,2014.0,5.62,9.38,32.68,8.13,5.62,77.0,8.1
azure striker gunvolt 2,PC,3.68,3.29,18.29,"Action, Platform, Shooter, Third-Person",Inti Creates,Inti Creates,2016.0,4.78,7.82,10.05,6.35,4.78,76.0,7.7
azure striker gunvolt 3,NS,3.95,3.33,16.77,"Action, Platform, Scrolling, Side",Inti Creates,Inti Creates,2022.0,4.4,6.15,20.4,6.27,4.4,82.0,6.7
azure striker gunvolt: striker pack,PS4,3.28,3.0,22.4,"Action, Compilation, Platform",Inti Creates,Yacht Club Games,2016.0,9.15,16.42,20.95,12.57,9.15,82.0,7.900000000000001
azurik: rise of perathia,XBOX,2.82,3.61,26.81,"Action, Adventure",Adrenium Games,Microsoft Game Studios,2001.0,42.5,28.0,20.95,37.67,42.5,52.0,7.9
babel rising,PS3,2.83,2.38,9.06,"Strategy/Tactical, Tower Defense",Bulkypix,Bulkypix,2009.0,2.88,4.5,7.32,4.63,2.88,53.0,3.4
back 4 blood,XONE,2.4,4.5,24.71,"First-Person, Shooter",Turtle Rock Studios,Warner Bros. Games,2021.0,12.07,25.43,99.8,19.95,12.07,76.0,5.533333333333333
back in 1995,PS4,2.82,2.1,3.75,"Adventure, Survival, Third-Person",Throw the Warped Code Out,Degica Games,2016.0,2.32,1.78,2.65,2.4,2.32,52.0,6.0
back to the future: the game,XONE,3.49,2.64,17.12,"Adventure, Point-And-Click",Telltale Games,Telltale Games,2010.0,12.2,13.82,13.65,12.92,12.2,66.0,4.1
backyard wrestling: don't try this at home,XBOX,1.93,3.0,4.15,Sports,Paradox Development,Eidos Interactive,2003.0,3.5,13.42,20.95,3.5,3.5,50.5,6.0
bad apple wars,VITA,3.74,1.59,23.43,Adventure,Aksys Games,Aksys Games,2017.0,5.12,4.5,18.95,13.83,5.12,78.0,7.4
bad bots,PC,2.46,3.36,3.93,"Action, Platform",Point Five Projects,Digital Tribe,2013.0,2.9,3.77,5.5,3.77,2.9,49.0,4.5
bad boys: miami takedown,XBOX,1.2,4.12,7.08,"Action, Adventure",Blitz Games,Unknown,2004.0,3.62,4.13,11.62,4.07,3.62,35.0,4.050000000000001
bad mojo,PC,3.87,2.92,3.73,"Action, Adventure, Survival Horror",Pulse Entertainment,Acclaim Entertainment,1996.0,3.23,5.02,5.13,4.0,3.23,74.0,6.9
bad north,PC,3.06,3.81,10.4,Real-Time,Plausible Concept,Raw Fury,2018.0,6.38,9.72,21.78,9.88,6.38,73.0,7.05
badland: game of the year edition,PS4,3.38,3.91,7.71,Adventure,Frogmind,Frogmind,2015.0,7.5,12.37,14.0,9.7,7.5,74.5,6.6000000000000005
bakugan battle brawlers,PS3,3.35,2.23,32.41,Action,Now Production,Activision,2009.0,8.95,40.13,35.38,21.27,8.95,61.666666666666664,6.966666666666667
bakugan: champions of vestroia,NS,3.71,3.38,46,Role-Playing,WayForward,Warner Bros. Interactive Entertainment,2020.0,22.92,40.0,50.0,31.75,22.92,53.0,4.5
bakugan: defenders of the core,X360,3.46,2.88,40.05,Role-Playing,Unknown,Activision,2010.0,10.15,13.5,21.8,14.2,10.15,56.0,7.7
baldur's gate ii: shadows of amn,MAC,4.19,3.0,41.57,"Real-Time, Role-Playing, Top-Down",BioWare,Unknown,2000.0,64.83,90.28,138.32,94.87,64.83,95.0,9.1
baldur's gate: dark alliance,GBA,3.39,2.96,25.47,"Action, Adventure, Hack And Slash, Real-Time, Role-Playing, Top-Down",Unknown,Unknown,2001.0,11.77,16.37,20.08,14.37,11.77,81.25,8.125
baldur's gate: dark alliance ii,PS2,3.79,3.01,36.82,Unknown,Unknown,Interplay Entertainment,2004.0,11.87,16.83,77.93,21.07,11.87,74.0,8.2
baldur's gate: enhanced edition,MAC,3.5,3.78,35.75,"Role-Playing, Top-Down",Overhaul Games,Atari,2012.0,31.33,56.3,101.03,56.48,31.33,78.0,6.8
band hero,PS3,3.25,2.61,29.56,Music,Unknown,RedOctane,2009.0,6.2,9.07,20.6,9.08,6.2,74.0,6.225
band of bugs,X360,3.48,3.3,13.44,"Tactical, Turn-Based",NinjaBee,Microsoft Game Studios,2007.0,4.18,4.7,20.95,4.43,4.18,68.0,6.2
bang bang racing,PC,2.77,2.93,5.61,"Driving, Racing",Unknown,Digital Reality,2011.0,2.65,3.58,5.97,3.68,2.65,58.0,6.0
bangai-o,DC,4.14,3.66,20.74,Unknown,Treasure,Various,2001.0,6.58,13.42,20.95,6.58,6.58,87.0,8.4
bangai-o spirits,DS,3.78,3.98,15.65,Action,Treasure,Unknown,2008.0,6.17,11.82,19.5,10.9,6.17,83.0,7.8
banished,PC,3.74,3.73,40.28,"City-Building, Real-Time, Strategy",Shining Rock Software,Unknown,2014.0,15.47,34.88,96.78,45.58,15.47,73.0,8.1
banjo-kazooie,N64,4.33,3.07,31.06,"Action, Adventure, Platform, Third-Person",Rare,Unknown,1998.0,11.7,15.32,14.38,14.02,11.7,84.5,8.75
banjo-kazooie: grunty's revenge,GBA,3.44,2.85,13.67,Platform,Rareware,THQ,2003.0,4.83,5.02,6.05,5.53,4.83,72.0,7.9
banjo-kazooie: nuts & bolts,X360,3.58,2.93,31.9,Platform,Rare,Microsoft Game Studios,2008.0,16.03,24.95,41.42,25.4,16.03,79.0,6.7
banjo-pilot,GBA,3.19,2.93,14.29,"Driving, Racing",Rare,THQ,2005.0,2.15,2.93,7.45,3.63,2.15,68.0,6.1
banjo-tooie,X360,4.29,3.16,26.55,"Action, Adventure, Platform",Rare,Nintendo,2000.0,17.17,23.93,24.23,22.77,17.17,81.5,8.600000000000001
banner of the maid,PC,2.89,3.44,27.33,Turn-Based,CE-Asia,CE-Asia,2019.0,35.85,42.83,55.38,44.12,35.85,69.5,8.149999999999999
baroque,WII,3.21,3.95,41.11,"Action, First-Person, Roguelike, Role-Playing, Third-Person",Sting Entertainment,Unknown,2008.0,12.6,13.67,20.95,12.92,12.6,50.0,8.3
barrow hill: curse of the ancient circle,PC,3.23,2.57,8.83,"Adventure, First-Person, Point-And-Click",Shadow Tor Studios,Shadow Tor Studios,2006.0,5.3,6.3,5.08,5.35,5.3,65.0,7.1
baseball riot,VITA,3.5,2.5,6.8,"Arcade, Sports",10tons,10tons,2015.0,4.35,13.42,6.05,5.2,4.35,56.5,6.3
bastion,PS4,3.85,2.94,13.72,"Action, Top-Down",Supergiant Games,Warner Bros. Interactive Entertainment,2011.0,6.48,9.53,20.88,9.05,6.48,87.75,8.075
baten kaitos origins,GC,4.17,3.38,61.57,Role-Playing,Unknown,Nintendo,2006.0,42.97,62.88,176.15,62.9,42.97,75.0,8.3
baten kaitos: eternal wings and the lost ocean,GC,4.06,3.27,61.5,Role-Playing,Unknown,Unknown,2004.0,51.88,60.8,185.25,61.02,51.88,80.0,8.3
batman begins,MOBI,2.8,2.6,10.7,"Action, Adventure",Eurocom,Unknown,2005.0,6.88,8.85,9.18,7.67,6.88,65.0,7.5
batman: arkham asylum,MAC,4.0,3.11,21.86,"Action, Adventure, Beat Em Up, Third-Person",Rocksteady Studios,Unknown,2009.0,11.98,16.78,25.67,15.52,11.98,91.33333333333333,8.733333333333333
batman: arkham city,PC,4.26,2.99,31.23,"Action, Adventure, Beat Em Up, Puzzle, Third-Person",Rocksteady Studios,Warner Bros. Interactive Entertainment,2011.0,12.93,23.0,46.63,20.37,12.93,93.66666666666667,8.766666666666667
batman: arkham knight,PC,3.74,2.98,38.76,"Action, Adventure, Beat Em Up, Open World, Puzzle, Third-Person, Vehicular Combat",Rocksteady Studios,Warner Bros. Interactive Entertainment,2015.0,17.28,32.92,52.75,32.67,17.28,80.66666666666667,6.533333333333333
batman: arkham origins,IOS,3.24,2.83,14.78,"Action, Adventure",Unknown,Warner Bros. Interactive Entertainment,2013.0,12.83,22.77,43.5,20.13,12.83,74.66666666666667,7.733333333333333
batman: arkham origins blackgate,VITA,3.23,2.93,17.19,"Action, Adventure",Armature Studio,Warner Bros. Interactive Entertainment,2013.0,7.42,10.45,14.53,9.2,7.42,64.5,6.85
batman: arkham origins blackgate - deluxe edition,PC,3.12,3.0,15.49,"Action, Adventure",Armature Studio,Warner Bros. Interactive Entertainment,2014.0,7.75,10.75,17.87,10.73,7.75,60.666666666666664,6.666666666666667
batman: arkham vr,PC,3.56,1.78,4.33,Virtual Reality,Unknown,Warner Bros. Interactive Entertainment,2016.0,1.38,2.45,4.6,2.28,1.38,74.0,7.3
batman: dark tomorrow,XBOX,1.57,4.21,14,"Action, Adventure",HotGen,Kemco,2003.0,6.08,13.42,20.95,6.08,6.08,27.0,3.15
batman: return to arkham,PS4,4.26,3.08,45.1,"Action, Compilation",Rocksteady,Warner Bros. Interactive Entertainment,2016.0,21.1,29.48,47.5,29.08,21.1,73.0,8.6
batman: rise of sin tzu,GBA,3.35,3.76,24.87,"Action, Beat Em Up",Ubisoft Montreal,Ubisoft,2003.0,6.92,13.42,20.95,6.92,6.92,64.0,7.575
batman: the enemy within - episode 1: the enigma,PC,3.65,1.75,3.25,"Adventure, Point-And-Click, Third-Person",Telltale Games,Telltale Games,2017.0,2.37,2.43,2.33,2.37,2.37,74.33333333333333,5.766666666666667
batman: the enemy within - episode 2: the pact,PC,3.63,1.57,2,"Action, Point-And-Click, Third-Person",Telltale Games,Telltale Games,2017.0,1.73,1.82,1.67,1.73,1.73,69.0,6.35
batman: the enemy within - episode 4: what ails you,PC,3.83,1.75,1.5,"Action, Adventure, Point-And-Click, Third-Person",Telltale Games,Telltale Games,2018.0,1.42,1.6,1.38,1.43,1.42,77.0,7.15
batman: the enemy within - episode 5: same stitch,PC,3.81,1.71,2,"Action, Adventure, Point-And-Click, Third-Person",Telltale Games,Telltale Games,2018.0,1.85,1.8,1.83,1.85,1.85,85.0,7.5
batman: the telltale series,PC,3.39,1.42,10.63,"Adventure, Point-And-Click, Third-Person",Telltale Games,Telltale Games,2016.0,8.55,9.3,9.62,9.1,8.55,68.0,7.4
batman: the telltale series - episode 3: new world order,PS4,3.62,1.62,2.18,"Adventure, Third-Person",Telltale Games,Telltale Games,2016.0,1.63,1.75,1.65,1.65,1.63,73.33333333333333,7.3
batman: vengeance,GBA,3.08,3.94,16.63,"Action, Adventure",Ubisoft,Ubisoft,2001.0,6.58,8.55,7.67,7.13,6.58,66.6,6.96
battalion wars,GC,3.67,3.52,24.65,"Action, Real-Time, Tactical",Kuju Entertainment,Nintendo,2005.0,6.57,8.97,9.62,7.48,6.57,76.0,8.6
battalion wars 2,WII,3.75,3.26,26.84,Unknown,Kuju Entertainment,Nintendo,2007.0,9.48,10.17,10.0,9.53,9.48,75.0,8.0
battle brothers,PC,4.01,4.14,72.78,"Strategy, Turn-Based",Overhype Studios,Overhype Studios,2015.0,32.82,57.12,110.33,51.33,32.82,77.0,7.95
battle chasers: nightwar,PC,3.79,3.17,51.06,"Role-Playing, Strategy, Top-Down, Turn-Based",Airship Syndicate,THQ Nordic,2017.0,28.52,45.08,74.72,47.43,28.52,79.25,7.375
battle chef brigade,PS4,3.69,4.21,12.83,"Action, Adventure, Puzzle, Role-Playing, Third-Person",Trinket Studios,Adult Swim Games,2017.0,9.18,10.33,12.35,9.92,9.18,82.0,8.1
battle engine aquila,PS2,3.29,3.56,13.78,Simulation,Lost Toys,Unknown,2003.0,5.75,5.0,16.2,6.83,5.75,71.33333333333333,7.95
battle fantasia,PS3,3.19,3.3,16.16,Fighting,Arc System Works,Unknown,2008.0,1.03,5.53,20.95,1.73,1.03,69.0,6.199999999999999
battle princess madelyn,NS,2.88,3.71,7.71,"Action, Adventure, Arcade, Multidirectional, Platform, Side",Causal Bit Games,Unknown,2018.0,5.5,9.63,20.95,7.57,5.5,67.5,6.25
battle princess of arcadias,PS3,3.71,3.06,34.56,"Action, Role-Playing, Scrolling",Nippon Ichi Software,NIS America,2014.0,11.13,17.05,20.95,13.67,11.13,69.0,8.0
battle realms,PC,3.9,3.37,35.82,"Real-Time, Strategy",Liquid Entertainment,Ubisoft,2001.0,19.18,38.4,49.33,32.05,19.18,82.0,8.6
battle worlds: kronos,PC,3.29,3.11,30.33,Strategy,KING Art Games,KING Art Games,2013.0,39.53,76.0,55.1,46.03,39.53,71.0,7.099999999999999
battle: los angeles,PC,2.02,2.21,4.5,First-Person Shooter,Saber Interactive,Konami,2011.0,1.08,1.35,2.38,1.57,1.08,40.0,4.033333333333333
battleblock theater,PC,3.86,3.13,20.08,Platform,The Behemoth,Microsoft Studios,2013.0,10.32,18.42,45.62,15.15,10.32,85.0,7.9
battleborn,PC,3.35,2.93,45.25,"First-Person, Shooter",Gearbox Software,2K Games,2016.0,9.42,39.07,139.7,30.2,9.42,69.33333333333333,6.966666666666666
battlefield 1,PC,3.62,2.92,33.78,"First-Person, Shooter",EA DICE,Electronic Arts,2016.0,6.77,10.6,31.3,9.2,6.77,88.0,7.566666666666666
battlefield 1942,PC,3.87,3.04,41.04,"First-Person, Real-Time, Shooter",Digital Illusions CE,Unknown,2002.0,7.35,29.58,30.82,13.17,7.35,89.0,8.5
battlefield 1943,PS3,3.81,3.05,42.32,"First-Person, Shooter",EA Digital Illusions CE,Electronic Arts,2009.0,9.75,17.4,32.38,22.22,9.75,83.5,7.9
battlefield 2,PC,4.03,3.08,52.82,"First-Person, Shooter",Digital Illusions CE,EA Games,2005.0,8.7,34.42,113.65,28.72,8.7,91.0,8.4
battlefield 2042,PS5,1.88,3.0,37.26,"First-Person, Shooter, Vehicular Combat",Dice,Electronic Arts,2021.0,8.2,13.42,20.95,11.25,8.2,65.0,2.3333333333333335
battlefield 2142,PC,3.86,3.04,51.48,"First-Person, Shooter",Digital Illusions CE (DICE Stockholm),Electronic Arts,2006.0,8.2,13.42,20.95,11.25,8.2,80.0,6.8
battlefield 2: modern combat,X360,3.38,3.23,30.36,"First-Person, Shooter",Digital Illusions,EA Games,2005.0,6.85,8.83,5.75,7.2,6.85,79.0,7.8999999999999995
battlefield 3,X360,3.9,3.18,26.75,"First-Person, Shooter",EA Digital Illusions CE,Electronic Arts,2011.0,6.2,13.32,75.77,10.02,6.2,86.0,7.533333333333333
battlefield 4,PS3,3.55,2.95,37.61,"First-Person, Sandbox, Shooter, Vehicular Combat",EA Digital Illusions CE,Electronic Arts,2013.0,6.48,9.83,20.85,8.43,6.48,81.25,6.275
battlefield hardline,PC,2.97,2.75,23.6,"First-Person, Shooter",Visceral Games,Electronic Arts,2015.0,7.48,11.58,30.82,9.95,7.48,71.66666666666667,4.933333333333334
battlefield heroes,PC,3.46,3.03,39,"Shooter, Third-Person",Unknown,Unknown,2009.0,8.2,13.42,20.95,11.25,8.2,69.0,6.1
battlefield v,PS4,2.77,3.02,39.78,"First-Person, Shooter",EA DICE,Electronic Arts,2018.0,6.45,10.7,39.35,9.08,6.45,77.33333333333333,2.9333333333333336
battlefield vietnam,PC,3.76,2.99,44.66,"First-Person, Real-Time, Shooter",Digital Illusions CE,Electronic Arts,2004.0,14.67,13.25,16.25,14.37,14.67,84.0,7.6
battlefield: bad company,PS3,3.89,3.02,25.53,"Action, First-Person, Shooter",EA Digital Illusions CE,Electronic Arts,2008.0,7.47,11.7,66.02,11.2,7.47,83.5,7.949999999999999
battlefield: bad company 2,IOS,3.41,2.6,14.94,"Action, First-Person, Shooter",EA Digital Illusions CE,Electronic Arts,2010.0,6.85,10.95,21.85,8.62,6.85,87.66666666666667,8.433333333333332
battlefleet gothic: armada,PC,3.08,3.91,28.67,"Real-Time, Strategy",Tindalos Interactive,Focus Home Interactive,2016.0,21.6,25.43,69.47,29.33,21.6,77.0,7.6
battlerite,PC,3.45,3.68,25.38,"Action, Fighting, Top-Down",Stunlock Studios,Stunlock Studios,2016.0,39.65,13.42,43.4,40.4,39.65,85.0,7.3
battles of prince of persia,DS,3.11,3.72,31.14,"Tactical, Turn-Based",Ubisoft Montreal,Ubisoft,2005.0,8.0,13.42,20.95,8.0,8.0,64.0,7.8
battlestations: midway,X360,3.27,3.24,18.92,"Action, Real-Time Tactics",Unknown,Unknown,2007.0,7.43,9.87,20.95,7.97,7.43,74.5,7.5
battlestations: pacific,X360,3.72,3.49,28.75,"Action, Real-Time Tactics",Unknown,Unknown,2009.0,12.42,20.05,12.75,13.83,12.42,75.0,8.100000000000001
bayonetta,PS4,3.64,3.45,17.6,"Action, Hack And Slash",PlatinumGames,Sega,2010.0,11.68,16.0,43.72,14.15,11.68,87.4,8.24
bayonetta 2,NS,4.24,3.64,24.3,"Action, Hack And Slash",PlatinumGames,Nintendo,2014.0,9.15,13.4,48.52,11.25,9.15,91.5,8.75
bayonetta 3,NS,3.98,3.41,24.64,"Action, Adventure, Hack And Slash, Third-Person",PlatinumGames,Nintendo,2022.0,13.13,19.37,45.07,16.63,13.13,86.0,7.2
beacon pines,PC,3.6,1.13,6.06,"Adventure, Isometric, Visual Novel",Hiding Spot,Fellow Traveller,2022.0,5.68,6.47,6.87,6.5,5.68,83.5,8.2
beam breakers,PC,3.7,2.88,18,"Driving, Racing",Similis,JoWooD Entertainment,2002.0,6.0,13.42,20.95,6.0,6.0,61.0,6.8
beat city,DS,3.68,3.83,56.75,Music/Rhythm,Universomo,THQ,2010.0,3.42,5.5,20.95,4.45,3.42,70.0,5.8
beat cop,PC,3.03,2.78,8.47,"Adventure, Simulation",Pixel Crow,11 Bit Studios,2017.0,8.02,10.58,16.57,10.4,8.02,70.5,6.65
beat down: fists of vengeance,PS2,3.36,3.12,19.9,"Action, Fighting",Cavia,Capcom,2005.0,9.03,19.72,20.95,15.27,9.03,48.0,8.3
beat hazard,PC,3.68,3.18,24.83,Music/Rhythm,Cold Beam Games,Cold Beam Games,2010.0,4.65,13.45,25.33,12.83,4.65,70.0,7.2
beat saber,OQ,4.03,3.76,70.73,"Fitness, Music/Rhythm, Virtual Reality",Beat Games,Oculus,2018.0,6.73,27.23,60.63,29.98,6.73,89.5,8.35
beatbuddy: tale of the guardians,PC,3.33,2.56,7.89,"Action, Adventure, Music/Rhythm, Platform, Real-Time",Threaks,Reverb Publishing,2013.0,5.32,6.22,12.25,6.42,5.32,75.0,7.400000000000001
beautiful katamari,X360,3.8,3.06,23.15,"Action, Puzzle, Third-Person",Unknown,Namco Bandai,2007.0,5.57,14.72,90.0,12.77,5.57,73.0,6.9
bee simulator,PS4,3.07,2.0,4.5,"Adventure, Simulation",Varsav Game Studios,Bigben Interactive,2019.0,3.0,6.25,10.25,5.68,3.0,57.75,5.9
before the echo,PC,3.76,3.28,13.19,"Music/Rhythm, Role-Playing",Iridium Studios,Iridium Studios,2011.0,9.32,12.67,13.22,12.25,9.32,70.0,7.3
before we leave,PC,3.04,2.56,28.29,City-Building,Balancing Monkey Games,Balancing Monkey Games,2020.0,17.92,23.2,20.95,20.57,17.92,72.0,7.3
before your eyes,PC,4.02,1.14,2,"Adventure, First-Person",GoodbyeWorld Games,Skybound Games,2021.0,1.68,2.02,3.37,1.95,1.68,77.0,8.6
beholder,PC,3.52,3.51,11.07,Adventure,Warm Lamp Games,Alawar Entertainment,2016.0,6.15,11.05,22.42,9.83,6.15,75.0,7.9
bejeweled 2,PSP,3.52,2.65,56.45,Puzzle,Unknown,Unknown,2004.0,1.43,3.95,56.25,13.15,1.43,74.0,6.900000000000001
bejeweled 3,X360,3.74,2.75,28.71,Puzzle,PopCap Games,PopCap Games,2010.0,4.65,11.02,51.33,17.77,4.65,78.33333333333333,8.0
bejeweled twist,DS,3.84,2.8,48.11,Puzzle,Unknown,PopCap Games,2008.0,3.67,13.42,20.95,3.67,3.67,77.5,7.599999999999999
ben 10 alien force: vilgax attacks,X360,2.62,2.58,10.45,Action,Unknown,D3 Publisher,2009.0,6.05,5.42,6.42,6.03,6.05,61.0,8.8
bendy and the ink machine,NS,3.25,3.21,9.6,"Action, First-Person, Horror, Puzzle",Unknown,Unknown,2017.0,4.45,7.17,12.75,6.07,4.45,70.5,7.25
beowulf: the game,PSP,2.24,2.55,8.89,"Action, Hack And Slash",Ubisoft,Ubisoft,2007.0,11.23,9.53,14.25,12.02,11.23,48.666666666666664,4.8999999999999995
berserk and the band of the hawk,PC,3.46,2.89,28.28,"Action, Hack And Slash, Third-Person",Omega Force,Koei Tecmo,2017.0,15.88,22.57,72.35,27.1,15.88,66.0,7.099999999999999
beyblade: evolution,3DS,3.05,2.52,7.6,Unknown,Intergrow,Unknown,2013.0,7.4,12.72,27.0,12.43,7.4,49.0,5.4
beyond divinity,PC,3.26,3.21,44.31,Role-Playing,Larian,CDV,2004.0,22.22,35.75,55.72,35.42,22.22,73.0,7.3
beyond eyes,PS4,3.07,2.07,6.19,Adventure,Unknown,Team17,2015.0,2.02,2.78,3.5,2.63,2.02,57.333333333333336,5.766666666666667
beyond good & evil,PS2,3.99,2.94,19.79,"Action, Adventure, Third-Person",Unknown,Ubisoft,2003.0,10.67,12.42,13.4,12.08,10.67,85.75,8.6
beyond: two souls,PS4,3.52,2.09,16.6,"Adventure, Interactive Art",Quantic Dream,Sony Computer Entertainment,2013.0,10.77,12.8,28.48,12.43,10.77,72.66666666666667,7.8999999999999995
big air freestyle,GC,2.4,3.22,6,"Driving, Racing",Paradigm Entertainment,Infogrames,2002.0,2.58,13.42,20.95,2.58,2.58,56.0,8.8
big bang mini,DS,3.87,3.41,17.17,Action,Arkedo Studio,SouthPeak Interactive,2009.0,7.0,9.5,16.0,10.18,7.0,78.0,8.2
big brain academy,DS,3.41,2.86,13.23,"Educational, Puzzle",Nintendo EAD,Nintendo,2006.0,4.03,15.25,14.9,9.73,4.03,74.0,7.4
big brain academy: brain vs. brain,NS,3.5,3.21,9,"Educational, Party, Puzzle, Trivia",Nintendo,Nintendo,2021.0,0.87,8.45,8.57,5.78,0.87,73.0,8.0
big brain academy: wii degree,WII,3.37,2.69,12.87,"Educational, Puzzle",Nintendo EAD Group No. 4,Nintendo,2007.0,1.75,8.42,20.95,6.18,1.75,68.0,7.1
big bumpin',X360,2.33,2.43,4.75,"Action, Driving, Racing",Blitz Games,King Games,2006.0,1.38,13.42,20.95,1.38,1.38,63.0,5.6
big mutha truckers,GBA,2.47,2.58,10.08,"Driving, Racing",Unknown,Unknown,2002.0,4.38,5.0,20.95,4.58,4.38,60.5,4.8
big mutha truckers 2,PS2,3.03,2.27,19.43,"Driving, Racing",Empire Interactive,THQ,2005.0,10.0,9.95,20.95,9.98,10.0,48.333333333333336,3.0
big pharma,PC,3.09,3.2,34,Simulation,Twice Circled,Positech Games,2015.0,24.25,32.9,80.18,39.45,24.25,72.0,6.4
big rumble boxing: creed champions,PS4,3.65,3.5,10,Unknown,Survios,Survios,2021.0,4.03,11.0,16.5,10.4,4.03,62.5,6.0
big scale racing,PC,3.61,2.57,10.4,"Driving, Racing",BumbleBeast,HD Interactive,2002.0,6.52,13.42,9.0,7.75,6.52,60.0,7.5
billy hatcher and the giant egg,GC,3.55,3.19,23.63,Platform,Sonic Team,Sega,2003.0,7.92,15.25,26.85,10.88,7.92,71.0,8.5
binary domain,PC,3.7,2.93,12.02,"Shooter, Tactical, Third-Person",Ryu ga Gotoku Studio,Sega,2012.0,9.35,11.57,20.95,10.22,9.35,71.33333333333333,8.033333333333333
bionic commando rearmed 2,X360,3.33,3.15,6.6,"Action, Platform, Puzzle",Fatshark,Capcom,2011.0,6.28,20.67,20.95,8.5,6.28,62.5,5.5
bionicle heroes,GBA,3.2,2.2,37.77,Third-Person Shooter,Unknown,Eidos Interactive,2006.0,8.95,17.38,19.68,15.4,8.95,58.8,7.16
bioshock,BB,2.95,3.14,10,"Action, First-Person, Horror, Shooter",Unknown,2K Games,2007.0,12.22,16.27,24.17,15.07,12.22,95.33333333333333,8.866666666666667
bioshock 2,PC,3.81,3.01,19.54,"Action, First-Person, Horror, Shooter",Unknown,Unknown,2010.0,10.7,14.85,25.5,13.87,10.7,88.0,8.233333333333334
bioshock infinite,LNX,3.95,2.88,28.67,"Action, First-Person, Shooter",Irrational Games,2K Games,2013.0,11.75,16.75,30.88,14.93,11.75,93.66666666666667,8.533333333333333
bioshock: the collection,PC,4.09,3.04,52.13,"Action, Adventure, Compilation, First-Person, Role-Playing, Shooter",Unknown,2K Games,2016.0,35.08,50.73,74.02,48.43,35.08,83.0,8.3
biped,PC,3.3,2.86,4.29,Unknown,NEXT Studios,Unknown,2020.0,2.95,5.05,11.17,4.77,2.95,72.0,7.75
bird mania 3d,3DS,2.94,2.77,7.08,"Action, Adventure",Teyon,Teyon,2012.0,0.17,13.42,20.95,0.17,0.17,51.0,6.2
birds of steel,PS3,3.67,3.74,49.89,"Flight Combat, Simulation",Gaijin Entertainment,Konami,2012.0,10.0,8.93,20.95,9.47,10.0,75.0,8.25
birth of america,PC,3.38,2.86,13.14,"Strategy/Tactical, Turn-Based",SEP BOA,AGEOD,2006.0,13.0,13.42,20.95,13.0,13.0,71.0,5.7
birthdays the beginning,PS4,3.84,2.68,25.43,Simulation,Unknown,NIS America,2017.0,5.2,13.42,20.95,5.2,5.2,65.0,6.5
birushana: rising flower of genpei,NS,4.06,2.5,52,Visual Novel,Unknown,Unknown,2022.0,10.1,34.02,49.77,37.87,10.1,79.0,7.333333333333333
bit.trip beat,PC,3.4,3.97,6.09,"Action, Music/Rhythm",Gaijin Games,Gaijin Games,2009.0,3.63,6.9,8.65,4.65,3.63,80.0,8.5
bit.trip core,PC,3.37,4.33,10.5,"Action, Music/Rhythm",Gaijin Games,Aksys Games,2009.0,1.77,5.4,13.2,3.67,1.77,80.0,8.1
bit.trip runner,PC,3.4,4.04,12.18,Platform,Gaijin Games,Aksys Games,2010.0,8.82,14.08,28.2,12.28,8.82,76.0,8.0
bit.trip saga,3DS,3.74,3.98,26.34,"Music, Various",Gaijin Games,Unknown,2011.0,10.7,8.0,20.95,9.35,10.7,75.0,7.9
bit.trip void,PC,3.3,4.3,6,"Music/Rhythm, Shooter",Gaijin Games,Aksys Games,2009.0,1.03,2.65,7.15,2.0,1.03,79.0,7.9
black & bruised,GC,3.13,3.08,16.31,Fighting,Digital Fiction,Majesco,2003.0,4.48,13.42,20.95,4.48,4.48,64.5,7.333333333333333
black & white,PC,3.66,3.26,43.52,"Real-Time, Simulation, Top-Down",Lionhead Studios,Unknown,2001.0,16.1,20.42,18.65,18.07,16.1,90.0,7.8
black & white 2,PC,3.74,3.03,37.36,"Real-Time, Simulation",Lionhead Studios,Electronic Arts,2005.0,12.93,25.0,17.83,15.37,12.93,75.0,7.2
black bird,NS,4.03,4.13,9.44,Unknown,Onion Games,Onion Games,2018.0,1.43,5.0,20.95,2.62,1.43,73.0,8.0
black book,PC,3.68,2.88,31.71,"Adventure, Card Game, Role-Playing",Morteshka,HypeTrain Digital,2021.0,20.65,30.85,37.82,30.73,20.65,75.0,8.3
black clover: quartet knights,PC,3.38,3.61,26.67,"Action, Adventure, Third-Person",Bandai Namco Entertainment,Bandai Namco Entertainment,2018.0,2.73,3.9,12.05,4.63,2.73,53.0,6.5
black mesa,PC,4.11,3.16,18.13,"First-Person, Shooter",Crowbar Collective,Crowbar Collective,2020.0,15.28,18.9,28.0,17.62,15.28,84.0,8.9
black rock shooter: the game,PSP,3.91,3.05,25.51,"Action, Role-Playing",Imageepoch,Imageepoch,2011.0,10.25,14.23,28.62,12.37,10.25,66.0,7.8
black sigil: blade of the exiled,DS,3.68,3.17,37.78,Role-Playing,Studio Archcraft,Graffiti Entertainment,2009.0,27.5,31.75,52.43,40.0,27.5,58.0,7.5
black the fall,PC,3.38,2.96,7.92,"Puzzle, Scrolling, Side",Sand Sailor Studio,Square Enix,2014.0,3.27,3.78,4.07,3.65,3.27,68.66666666666667,6.633333333333333
blackguards,PC,3.39,3.6,44.19,"Role-Playing, Strategy, Turn-Based",Daedalic Entertainment,Daedalic Entertainment,2014.0,40.75,46.18,57.62,46.02,40.75,68.0,7.1
blackguards 2,PC,3.33,3.79,21.67,"Role-Playing, Strategy, Turn-Based",Daedalic Entertainment,Daedalic Entertainment,2015.0,16.97,22.2,28.17,21.92,16.97,74.0,7.3
blacklight: retribution,PS4,2.83,2.97,26.34,"First-Person, Shooter",Zombie Studios,Perfect World Entertainment,2012.0,8.2,13.42,20.95,11.25,8.2,66.5,6.85
blacksite: area 51,PC,2.8,2.83,9.04,"First-Person, Shooter",Midway Studios Austin,Midway,2007.0,5.65,5.75,7.02,5.75,5.65,59.333333333333336,5.6
blackwood crossing,PC,3.0,2.0,4.86,"Adventure, First-Person",PaperSeven,Vision Games Publishing,2017.0,2.02,2.47,2.73,2.37,2.02,73.0,6.633333333333333
blade & soul,PC,3.67,3.1,73.44,"Massively Multiplayer, Role-Playing",Team Bloodlust,NCSOFT,2016.0,45.0,55.0,2000.0,536.25,45.0,68.0,4.6
blade dancer: lineage of light,PSP,2.94,3.37,33.33,"Role-Playing, Third-Person, Turn-Based",Hit Maker,Unknown,2006.0,27.5,28.2,28.35,27.8,27.5,60.0,6.5
blade ii,XBOX,2.92,3.75,7,"Action, Beat Em Up",Mucky Foot Productions,Activision,2002.0,7.47,6.0,20.95,6.73,7.47,51.0,6.6
blade kitten,PS3,3.32,2.47,11.3,"Action, Adventure",Krome Studios,Atari,2010.0,4.98,8.38,11.32,6.98,4.98,56.333333333333336,6.800000000000001
blade strangers,PC,3.94,3.39,24.73,Fighting,Studio Saizensen,Nicalis,2018.0,2.17,5.23,20.95,3.48,2.17,75.0,7.900000000000001
bladed fury,PC,3.75,2.6,4,"Action, Adventure, Role-Playing",NEXT Studios,NEXT Studios,2018.0,3.43,3.85,8.75,3.85,3.43,71.5,7.900000000000001
blades of time,X360,3.07,3.31,19.6,"Action, Adventure",Gaijin Entertainment,Konami,2012.0,9.12,10.6,15.73,10.37,9.12,47.666666666666664,6.266666666666667
bladestorm: nightmare,XONE,3.38,2.62,75,"Real-Time, Strategy, Tactical",Omega Force,Koei,2015.0,29.03,39.0,20.95,31.52,29.03,58.0,7.1
bladestorm: the hundred years' war,PS3,3.55,2.86,41.86,Real-Time Tactics,Omega Force,Koei,2007.0,30.53,51.25,94.82,58.87,30.53,60.5,7.15
blair witch,PS4,2.63,2.5,7.71,Horror,Bloober Team,Bloober Team,2019.0,5.28,6.12,10.38,5.88,5.28,65.0,6.325
blasphemous,XONE,3.54,3.1,12.64,"Action, Platform, Side",The Game Kitchen,Team17 Digital,2019.0,13.98,20.25,32.15,20.65,13.98,78.5,7.55
blast corps,N64,3.66,3.79,32.63,"Action, Puzzle",Rare,Nintendo,1997.0,7.65,9.78,18.07,10.18,7.65,90.0,8.3
blast factor,PS3,3.32,3.68,27,Shooter,Unknown,Sony Computer Entertainment,2006.0,8.2,6.0,20.95,6.0,8.2,68.0,6.4
blaster master zero,PS4,3.71,3.2,12.53,"Action, Shooter, Side",Inti Creates,Inti Creates,2017.0,6.33,8.25,10.38,8.17,6.33,78.0,7.6
blaster master: overdrive,WII,3.82,4.05,17.39,"Action, Platform",Sunsoft,Sunsoft,2010.0,3.93,13.42,9.0,5.62,3.93,58.0,8.1
blazblue: calamity trigger,PC,3.86,3.14,20.84,Fighting,Arc System Works,Unknown,2008.0,10.35,19.78,36.0,14.83,10.35,86.5,8.1
blazblue: calamity trigger portable,PSP,3.99,3.36,21.32,Fighting,Arc System Works,Aksys Games,2010.0,9.72,13.42,29.5,13.02,9.72,82.0,7.4
blazblue: central fiction,PS3,4.06,3.03,58.41,Fighting,Arc System Works,Arc System Works,2016.0,10.77,22.22,89.67,25.48,10.77,84.0,7.7
blazblue: chrono phantasma,ARC,3.84,2.82,40.56,Fighting,Arc System Works,Aksys Games,2014.0,17.62,27.7,35.65,22.87,17.62,83.0,7.599999999999999
blazblue: chrono phantasma extend,PS4,3.96,3.23,45.45,"Fighting, Visual Novel",Arc System Works,Unknown,2015.0,12.23,36.75,64.88,26.35,12.23,82.5,7.7
blazblue: continuum shift,X360,4.12,3.47,25.61,"Fighting Game, Visual Novel",Arc System Works,Unknown,2010.0,15.93,25.4,59.3,26.97,15.93,86.0,8.4
blazblue: continuum shift extend,PSP,3.91,3.22,22.42,Fighting,Arc System Works,Unknown,2012.0,9.75,28.67,36.42,19.75,9.75,83.0,7.5
blazblue: cross tag battle,PC,3.57,3.03,50.43,Fighting,Arc System Works,Arc System Works,2018.0,4.25,9.75,12.97,7.72,4.25,77.5,7.05
blazerush,PS3,3.5,3.13,12.08,"Arcade, Driving, Racing",Targem Games,Targem Games,2014.0,6.25,10.28,10.58,8.52,6.25,66.0,8.3
blazing angels 2: secret missions of wwii,PS3,3.3,3.33,18.82,Flight Combat,Ubisoft Romania,Ubisoft,2007.0,9.5,16.0,20.95,11.67,9.5,71.33333333333333,6.5
blazing angels: squadrons of wwii,X360,3.4,3.37,20.87,Flight Combat,Ubisoft Romania,Ubisoft,2006.0,7.82,13.42,20.95,7.82,7.82,64.8,6.64
blazing beaks,NS,3.64,4.42,31.6,"Action, Roguelike",Applava,Applava,2017.0,17.22,21.98,63.57,23.37,17.22,80.0,8.0
blazing chrome,PC,3.72,3.45,8.1,Platform,JoyMasher,The Arcade Crew,2019.0,2.55,4.63,10.38,3.18,2.55,79.0,7.7
bleach: dark souls,DS,3.79,3.05,20.99,Fighting,Treasure,Sega,2008.0,10.93,10.25,5.4,10.08,10.93,82.0,7.8
bleach: shattered blade,WII,3.25,2.58,19.96,Fighting,Polygon Magic,Sega,2007.0,3.37,3.45,8.8,5.37,3.37,58.0,7.3
bleach: the 3rd phantom,DS,3.86,3.0,34.33,Tactical Rpg,Sega,Sega,2009.0,45.97,48.37,85.93,49.97,45.97,59.0,7.6
bleach: the blade of fate,DS,3.75,2.91,18.99,Fighting,Treasure,Sega,2007.0,4.13,14.57,7.5,9.12,4.13,83.0,7.4
bleed,PC,3.54,3.63,4.68,"Action, Platform",Bootdisk Revolution,Unknown,2012.0,1.53,3.97,12.02,2.37,1.53,75.0,7.4
blender bros.,GBA,2.9,2.64,15.11,"Action, Platform",Hudson Soft,Infogrames,2002.0,1.9,3.25,5.22,3.07,1.9,73.0,7.333333333333333
blinx: the time sweeper,XBOX,3.37,3.59,24.74,Unknown,Artoon,Microsoft Game Studios,2002.0,10.68,8.02,12.95,10.63,10.68,71.0,7.6
blitz: the league,X360,3.15,2.85,10.44,Sports,Midway Games,Midway Games,2005.0,12.25,13.42,20.95,12.25,12.25,74.33333333333333,7.3999999999999995
blitz: the league ii,PS3,3.53,3.09,12.89,"American Football, Sports",Midway Games,Midway Games,2008.0,14.83,20.17,20.95,15.58,14.83,65.0,7.55
blitzkrieg 2,PC,4.11,3.38,62.86,"Real-Time, Strategy, Tactical",Nival Interactive,CDV Software,2005.0,19.6,25.0,42.78,27.93,19.6,75.0,7.2
blitzkrieg 3,PC,4.0,3.5,80.00+,"Real-Time, Strategy",Nival,Nival,2017.0,8.2,44.8,20.95,44.8,8.2,68.0,4.0
blitzkrieg: burning horizon,PC,4.27,3.6,12.5,Strategy/Tactical,Nival Interactive,cdv Software,2004.0,5.32,13.42,20.95,5.32,5.32,75.0,7.2
blitzkrieg: rolling thunder,PC,4.31,3.67,18.4,Strategy/Tactical,La Plata,cdv Software,2004.0,4.75,13.42,20.95,4.75,4.75,73.0,6.4
blocks that matter,PC,3.33,3.0,9.92,Unknown,Swing Swing Submarine,Unknown,2011.0,6.22,9.43,22.87,12.65,6.22,72.0,7.2
blok drop u,WIIU,2.94,2.12,1.4,Puzzle,RCMADIAX,Unknown,2014.0,0.77,13.42,1.07,1.0,0.77,53.0,5.7
bloo kid 2,3DS,3.83,3.4,23.11,"Action, Platform",Winterworks,Winterworks,2014.0,3.28,5.5,25.0,6.7,3.28,64.0,7.333333333333333
blood & truth,PS4,3.9,2.97,10.12,"Action, Shooter, Virtual Reality",SIE London Studio,Sony Interactive Entertainment,2019.0,5.13,6.53,15.57,6.22,5.13,80.0,8.0
blood ii: the chosen,PC,3.35,3.34,12.29,"First-Person, Shooter",Monolith Productions,GT Interactive,1998.0,9.0,9.12,11.87,9.85,9.0,72.0,7.1
blood knights,X360,1.53,3.69,5.86,"Action, Adventure",Deck 13,Kalypso Media,2013.0,4.22,5.13,8.8,5.2,4.22,43.0,4.8
blood wake,XBOX,3.22,3.93,17.29,Vehicle Combat,Stormfront Studios,Microsoft Game Studios,2001.0,5.82,8.0,30.0,11.08,5.82,71.0,7.6
blood will tell,PS2,3.84,3.35,27.81,Unknown,WOW Entertainment,Sega,2004.0,14.55,15.77,20.05,16.87,14.55,67.0,8.1
bloodborne,PS4,4.44,4.13,62.76,"Action, Real-Time, Role-Playing, Third-Person",From Software,Sony Computer Entertainment,2015.0,33.08,45.12,79.25,50.5,33.08,92.0,8.9
bloodforge,X360,3.16,3.24,7,"Action, Hack And Slash",Unknown,Microsoft Studios,2012.0,5.5,13.42,12.0,7.67,5.5,42.0,7.3
bloodrayne,GC,3.33,3.19,14.59,"Action, Adventure, Hack And Slash, Third-Person",Terminal Reality,Majesco,2002.0,7.12,8.15,10.88,7.97,7.12,72.25,8.0
bloodrayne 2,PC,3.28,3.15,15.08,Action,Terminal Reality,Unknown,2004.0,8.97,10.08,11.67,9.68,8.97,69.33333333333333,7.900000000000001
bloodrayne: betrayal,PC,2.68,3.75,7.75,Action,WayForward Technologies,Unknown,2011.0,4.9,7.33,8.37,5.62,4.9,68.5,6.8
bloodstained: curse of the moon,XONE,3.71,3.46,10.74,"Action, Platform, Side",Inti Creates,Inti Creates,2018.0,2.33,5.03,10.38,3.57,2.33,79.5,7.8
bloodstained: curse of the moon 2,PC,3.66,3.84,12.19,Action,Inti Creates,Inti Creates,2020.0,4.67,10.38,16.12,8.45,4.67,81.0,7.8999999999999995
bloodstained: ritual of the night,NS,3.63,3.1,35.11,"Action, Adventure, Platform, Role-Playing, Side",ArtPlay,505 Games,2019.0,14.1,21.22,36.3,22.72,14.1,81.0,7.6
bloody roar 4,PS2,3.48,3.03,21.97,Fighting,Unknown,Konami,2003.0,0.72,0.77,5.77,1.73,0.72,59.0,8.6
bloody roar: primal fury,GC,3.6,3.08,16.46,Fighting,Eighting,Hudson Soft,2002.0,0.8,6.38,5.5,2.82,0.8,75.0,8.3
blossom tales: the sleeping king,NS,3.86,2.39,14.23,"Action, Adventure, Platform, Role-Playing",Castle Pixel,FDG Entertainment,2017.0,7.48,9.78,13.82,9.73,7.48,80.0,7.8
blowout,XBOX,3.03,3.0,18.86,"Shooter, Third-Person",Terminal Reality,Majesco,2003.0,4.25,13.42,20.95,4.25,4.25,56.5,6.0
blue dragon,X360,3.76,2.88,59.44,Role-Playing,Unknown,Microsoft Game Studios,2007.0,45.53,58.5,96.33,58.3,45.53,79.0,8.0
blue dragon plus,DS,3.4,3.05,28.37,Tactical Role-Playing,Unknown,Unknown,2009.0,14.12,17.33,20.95,14.8,14.12,69.0,6.6
blue dragon: awakened shadow,DS,3.79,3.28,41.28,Role-Playing,Unknown,Unknown,2010.0,24.67,31.4,20.95,28.03,24.67,63.0,6.7
blue fire,PC,3.66,3.44,16.73,"Action, Adventure",ROBI Studios,Graffiti Games,2021.0,9.9,12.7,14.1,12.87,9.9,70.5,7.45
blue reflection,PC,3.71,2.04,30.1,Role-Playing,Gust,Koei Tecmo,2017.0,20.67,28.32,33.48,29.1,20.67,66.0,7.3
blue reflection: second light,PC,3.29,2.43,55,Role-Playing,Gust,Koei Tecmo,2021.0,35.65,46.65,63.38,47.43,35.65,77.66666666666667,8.633333333333333
blueberry garden,PC,3.32,2.64,1.36,"Platform, Puzzle",Erik Sved,Erik Sved,2009.0,1.35,1.37,1.45,1.38,1.35,68.0,6.7
blues and bullets - episode 1: the end of peace,XONE,4.0,2.9,9.43,"Adventure, Point-And-Click",A Crowd of Monsters,A Crowd of Monsters,2015.0,1.87,13.42,2.17,1.92,1.87,71.5,5.85
blur,PS3,3.57,3.31,34.67,"Driving, Racing",Bizarre Creations,Activision,2010.0,9.43,14.92,21.15,12.82,9.43,81.33333333333333,7.8999999999999995
bmx xxx,XBOX,2.14,3.06,4.9,"Driving, Racing, Sports",Z-Axis,Acclaim Entertainment,2002.0,5.03,20.48,23.0,14.8,5.03,57.333333333333336,5.366666666666667
body harvest,N64,3.51,3.93,31.71,"Action, Adventure, Open World, Shooter, Third-Person",DMA Design,Unknown,1998.0,14.05,13.42,13.9,14.02,14.05,73.0,7.9
bodycount,X360,2.41,3.07,9.67,"First-Person, Shooter",Guildford Studio,Codemasters,2011.0,5.58,6.75,20.95,5.78,5.58,51.5,4.65
boiling point: road to hell,PC,3.02,3.43,38.33,"First-Person, Shooter",Deep Shadows,Atari,2005.0,15.07,33.17,49.97,32.78,15.07,61.0,7.3
boing! docomodake ds,DS,3.74,2.59,17.23,"Platform, Puzzle",Unknown,Unknown,2009.0,2.87,13.42,2.52,2.68,2.87,72.0,7.333333333333333
boktai 2: solar boy django,GBA,4.07,3.24,35.39,"Action, Role-Playing",Konami,Konami,2004.0,14.53,20.67,20.95,17.93,14.53,78.0,8.2
boktai: the sun is in your hand,GBA,3.98,3.19,25.77,"Action, Role-Playing",Konami Computer Entertainment Japan,Konami,2003.0,10.32,14.08,20.95,12.38,10.32,83.0,7.9
bomb chicken,NS,3.67,3.88,4.21,Platform,Nitrome,Unknown,2018.0,4.68,5.93,6.28,5.4,4.68,77.0,7.7
bombastic,PS2,3.56,3.67,16.89,Puzzle,Shift,Capcom,2003.0,2.63,4.38,20.95,3.07,2.63,72.0,7.2
bomber crew,PC,3.63,3.83,11.15,Simulation,Runner Duck,Curve Digital,2017.0,15.65,19.67,27.38,20.9,15.65,74.66666666666667,7.233333333333333
bomberman blast,WII,3.83,2.92,13.85,Action,Hudson Soft,Hudson Soft,2008.0,1.0,13.42,1.0,1.0,1.0,86.0,7.6
bomberman generation,GC,3.71,2.92,26.11,"Action, Adventure",Game Arts,Unknown,2002.0,9.65,9.83,12.73,10.18,9.65,81.0,8.3
bomberman jetters,GC,3.38,2.91,21.17,Unknown,Hudson Soft,Majesco Entertainment,2004.0,7.37,13.42,10.08,8.27,7.37,70.0,8.1
bomberman land portable,PSP,3.44,2.64,24.82,Party,Racjin,Hudson Soft,2008.0,8.2,11.82,20.95,11.82,8.2,55.0,7.8
bomberman land touch!,DS,3.67,2.89,22.13,"Party, Puzzle",Hudson Soft,Unknown,2006.0,12.98,12.48,8.0,12.25,12.98,78.0,7.7
bomberman land touch! 2,DS,3.89,2.93,17.94,"Party, Puzzle",Hudson Soft,Hudson Soft,2008.0,7.72,10.37,10.0,8.67,7.72,74.0,7.2
bomberman live,X360,3.65,2.87,21.31,"Action, Puzzle",Backbone Entertainment,Hudson Soft,2007.0,8.2,1.98,20.95,1.98,8.2,84.0,8.0
bomberman online,DC,4.06,3.27,46.2,"Action, Isometric, Party, Strategy/Tactical",Hudson Soft,Sega,2001.0,1.82,4.53,20.95,3.17,1.82,80.0,8.6
bomberman ultra,PS3,3.5,2.86,11.5,Action,Hudson Soft,Hudson Soft,2009.0,3.07,5.52,5.42,4.1,3.07,81.0,7.7
bomberman: act zero,X360,1.89,3.5,30.05,Action,Hudson Soft,Konami,2006.0,3.0,13.42,20.95,3.0,3.0,34.0,2.3
bombslinger,PC,3.86,3.7,10.4,"Action, Adventure",Mode4,Mode4,2016.0,1.5,13.42,20.95,1.5,1.5,76.0,7.099999999999999
bone: the great cow race,PC,3.64,2.61,7.67,"Adventure, Point-And-Click",Telltale Games,Telltale Games,2006.0,3.03,3.25,3.07,3.07,3.03,76.0,6.9
boogie,WII,2.48,1.91,8.46,Music/Rhythm,EA Montreal,Electronic Arts,2007.0,3.0,5.0,20.95,4.0,3.0,55.666666666666664,5.3
bookworm adventures: volume 2,PC,3.84,3.15,13,Puzzle,PopCap Games,Unknown,2009.0,5.73,9.12,8.23,7.9,5.73,79.0,6.9
boom blox,WII,3.84,2.94,23.22,Puzzle,Amblin Entertainment,Electronic Arts Los Angeles,2008.0,4.63,16.13,20.95,10.9,4.63,85.0,7.9
boom blox bash party,WII,3.87,2.79,33.26,Puzzle,Unknown,Electronic Arts,2009.0,7.92,17.35,20.95,13.3,7.92,86.0,7.8
boom boom rocket,X360,3.31,3.26,5.38,Music,Bizarre Creations,Electronic Arts,2007.0,1.32,2.37,4.17,2.03,1.32,69.0,6.2
borderlands,PC,3.89,3.02,43.81,"Action, First-Person, Role-Playing, Shooter",Gearbox Software,Unknown,2009.0,22.38,36.98,66.52,35.5,22.38,82.66666666666667,7.866666666666666
borderlands 2,VITA,3.8,3.24,68.18,"Action, First-Person, Role-Playing, Shooter",Unknown,Unknown,2012.0,30.3,59.82,141.13,60.28,30.3,83.25,8.125
borderlands 2 vr,PS4,3.63,2.68,27.77,"Shooter, Virtual Reality",Gearbox Software,2K Games,2019.0,30.0,13.42,98.28,64.13,30.0,72.0,7.4
borderlands legendary collection,NS,3.96,3.13,65.22,Compilation,Turn Me Up Games,2K Games,2020.0,118.08,199.35,321.17,215.57,118.08,82.0,8.2
borderlands: the handsome collection,NS,3.92,3.5,62,"First-Person, Shooter",Unknown,2K Games,2015.0,52.43,109.82,254.68,111.43,52.43,81.0,8.0
botanicula,PC,3.8,2.65,5.04,"Adventure, Point-And-Click, Side",Amanita Design,Unknown,2012.0,3.55,3.87,5.07,4.07,3.55,82.0,8.3
bound,PS4,3.17,1.81,4.96,"Action, Platform",Sony Interactive Entertainment America,Sony Interactive Entertainment America,2016.0,2.25,3.75,21.95,2.57,2.25,71.0,7.0
bound by flame,X360,2.67,3.67,18.75,"Action, Role-Playing",Spiders,Focus Home Interactive,2014.0,12.67,17.28,22.6,16.37,12.67,54.5,6.3
bounty hounds,PSP,3.63,3.36,25.14,"Shooter, Third-Person",XPEC Entertainment,Namco,2006.0,9.23,13.42,20.95,9.23,9.23,63.0,5.7
bounty train,PC,3.83,3.1,20,"Simulation, Strategy",Corbie Games,Daedalic Entertainment,2015.0,18.6,20.83,44.93,24.82,18.6,66.0,7.5
boxboy!,3DS,3.93,3.12,11.12,"Platform, Puzzle, Scrolling, Side",HAL Laboratory,Nintendo,2015.0,5.7,8.38,10.53,7.9,5.7,80.0,8.1
boxing fever,GBA,3.07,3.8,9.79,Sports,Digital Fiction,Majesco,2001.0,0.5,13.42,20.95,0.5,0.5,76.0,7.333333333333333
bpm: bullets per minute,PC,3.24,3.53,16.15,"First-Person, Roguelike, Shooter",Awe Interactive,Awe Interactive,2020.0,3.75,11.08,47.27,9.53,3.75,77.0,7.75
braid,PS3,3.92,3.82,10.5,"Platform, Puzzle, Side",Unknown,Unknown,2008.0,5.13,5.98,8.42,5.97,5.13,92.0,8.3
brain age: concentration training,3DS,3.69,3.79,44.29,"Educational, Puzzle",Nintendo SPD,Nintendo,2013.0,22.58,28.58,150.0,38.33,22.58,69.0,7.2
brain age: train your brain in minutes a day!,DS,3.45,2.73,27.55,Puzzle,Nintendo SPD,Nintendo,2006.0,2.18,11.62,13.3,6.53,2.18,77.0,7.5
brain challenge,PS3,3.12,3.65,34.57,Puzzle,GameLoft,Unknown,2007.0,14.77,18.5,12.0,15.55,14.77,61.0,6.5
brandish: the dark revenant,PSP,3.99,3.58,34.44,"Action, Role-Playing, Third-Person",Nihon Falcom,Nihon Falcom,2015.0,18.13,19.57,20.23,19.1,18.13,78.0,8.3
bratz: rock angelz,GBA,2.71,1.89,11.82,Adventure,Blitz Games,THQ,2005.0,4.07,12.0,9.67,5.65,4.07,60.0,6.3
brave fencer musashi,PS,4.03,3.14,33.34,"Action, Isometric, Real-Time, Role-Playing",Square,Unknown,1998.0,14.9,17.48,17.13,16.43,14.9,81.0,8.6
brave story: new traveler,PSP,3.8,2.8,38.77,Role-Playing,Game Republic,Unknown,2007.0,23.25,27.97,49.33,29.0,23.25,76.0,7.6
brave: the search for spirit dancer,PS2,3.2,2.57,27.17,"Action, Adventure",VIS Entertainment,Evolved Games,2007.0,5.82,9.5,10.33,7.18,5.82,65.0,7.4
bravely default,3DS,4.36,3.17,72.97,"Role-Playing, Turn-Based",Unknown,Unknown,2014.0,54.93,78.12,99.07,75.82,54.93,85.0,8.4
bravely default ii,PC,3.79,3.33,70,"Role-Playing, Strategy/Tactical, Turn-Based",Claytech Works,Unknown,2021.0,50.03,71.08,92.92,70.38,50.03,76.0,7.9
bravely second: end layer,3DS,4.32,3.06,73.65,"Role-Playing, Third-Person, Turn-Based",Silicon Studio,Square Enix,2016.0,44.2,65.87,86.48,62.82,44.2,81.0,8.1
brawlout,PC,3.15,4.31,8.86,Fighting,Angry Mob Games,Angry Mob Games,2017.0,2.23,13.18,40.0,7.65,2.23,62.5,6.45
breach & clear: deadline,PC,3.75,3.63,22.29,"Action, Strategy",Unknown,Unknown,2015.0,9.33,16.3,17.5,15.48,9.33,62.0,6.7
break 'em all,DS,3.33,3.36,42,Breakout,Warashi,D3 Publisher,2006.0,3.03,13.42,20.95,3.03,3.03,68.0,7.333333333333333
breakdown,XBOX,4.13,3.88,22.18,"Action, Adventure, First-Person",Namco,Unknown,2004.0,10.63,9.75,13.0,10.62,10.63,71.0,8.2
breakquest,PSP,3.18,3.07,10,Action,Unknown,Unknown,2004.0,4.1,14.23,18.18,12.17,4.1,58.0,5.9
breath of fire,GBA,3.72,3.04,34.27,Role-Playing,Capcom,Unknown,1994.0,28.42,30.17,31.55,30.0,28.42,79.0,7.6
breath of fire ii,GBA,3.9,3.21,40.16,Unknown,Capcom,Unknown,1995.0,33.25,44.23,45.52,41.0,33.25,81.0,8.5
breath of fire iv,PC,3.91,3.06,51.49,Role-Playing,Capcom,Unknown,2000.0,36.4,44.65,60.67,41.95,36.4,83.0,8.6
breath of fire: dragon quarter,PS2,3.49,3.83,43.69,Role-Playing,Capcom Production Studio 3,Capcom,2003.0,25.55,35.15,49.12,32.37,25.55,78.0,6.6
breathedge,PC,3.32,2.83,23,"Adventure, First-Person, Survival",RedRuins Softworks,Unknown,2021.0,16.45,24.87,36.03,24.12,16.45,70.0,6.6
bridge constructor,PC,2.87,2.83,7.03,Simulation,Meridian4,Headup Games,2012.0,3.97,9.52,16.27,10.35,3.97,62.0,5.95
bridge constructor portal,PC,3.76,3.06,13.82,"Puzzle, Side",ClockStone,Headup Games,2017.0,13.52,17.02,21.95,18.77,13.52,76.0,6.075
brigador,PC,3.79,3.44,18.28,Action,Unknown,Stellar Jockeys,2015.0,8.03,24.47,125.33,20.42,8.03,70.0,8.0
brigandine: the legend of runersia,PS4,3.9,3.5,64.71,"Simulation, Strategy/Tactical, Top-Down, Turn-Based",Matrix Software,Happinet Corporation,2020.0,28.05,56.08,20.95,39.73,28.05,73.0,8.05
bright memory,XBSX,2.5,3.63,3.43,"Action, First-Person, Shooter",FYQD Personal Studio,FYQD Personal Studio,2019.0,0.87,1.2,2.55,1.25,0.87,55.0,4.2
brink,PC,2.94,2.93,19.33,"First-Person, Shooter",Splash Damage,Bethesda Softworks,2011.0,6.47,15.43,22.17,10.9,6.47,70.0,5.866666666666666
britney's dance beat,GBA,2.0,2.19,7,Music/Rhythm,Unknown,THQ,2002.0,1.32,13.42,3.63,1.73,1.32,58.0,6.8999999999999995
broforce,PS4,3.68,3.41,12.83,"Action, Platform, Scrolling",Free Lives,Devolver Digital,2014.0,7.35,10.6,20.23,9.77,7.35,75.5,7.3999999999999995
broken age: act 1,IOS,3.71,2.62,6.3,"Adventure, Point-And-Click",Double Fine Productions,Unknown,2014.0,3.68,4.03,4.63,3.85,3.68,82.0,7.7
broken age: act 2,IOS,3.69,2.67,6.56,"Adventure, Point-And-Click",Double Fine Productions,Unknown,2015.0,6.08,6.88,9.07,6.53,6.08,73.0,6.2
broken sword 5: the serpent's curse,VITA,3.64,3.35,17.85,"Adventure, Point-And-Click",Revolution Software,Revolution Software,2013.0,11.12,13.53,13.58,12.37,11.12,74.5,7.1
broken sword: the shadow of the templars,PS,3.42,3.32,21.48,Adventure,Revolution Software,Unknown,1996.0,9.97,11.08,10.65,10.3,9.97,80.0,8.2
broken sword: the sleeping dragon,PS2,3.51,3.33,16.46,Adventure,Revolution Software,Unknown,2003.0,10.25,10.4,10.68,10.4,10.25,79.5,7.8500000000000005
brothers in arms: d-day,PSP,3.45,3.82,45.52,"Shooter, Tactical",Gearbox Software,Ubisoft,2006.0,7.9,13.42,20.95,7.9,7.9,65.0,8.3
brothers in arms: double time,WII,3.0,3.47,28.89,"First-Person, Shooter",Gearbox Software,Ubisoft,2008.0,5.0,13.42,20.95,5.0,5.0,45.0,6.5
brothers in arms: earned in blood,PS2,3.31,3.6,19.48,"Action, First-Person, Shooter",Unknown,Ubisoft,2005.0,6.98,9.12,14.62,7.9,6.98,80.0,7.966666666666667
brothers in arms: hell's highway,PS3,3.51,3.3,20.2,Action,Gearbox Software,Ubisoft,2008.0,7.65,8.75,13.7,8.13,7.65,77.0,8.0
brothers in arms: road to hill 30,PS2,3.49,3.7,23.86,"First-Person, Shooter",Unknown,Ubisoft,2005.0,7.82,9.77,13.23,8.58,7.82,85.66666666666667,7.6000000000000005
brothers: a tale of two sons,NS,3.67,2.63,10,"Adventure, Third-Person",Starbreeze Studios,505 Games,2013.0,3.15,3.58,4.07,3.5,3.15,84.2,8.34
bruce lee: quest of the dragon,XBOX,2.27,2.9,15.09,Beat Em Up,Ronin Entertainment,Universal Interactive,2002.0,5.8,13.42,20.95,5.8,5.8,32.0,3.0
brunswick pro bowling,PS3,2.47,2.25,13.33,Sports,Unknown,Unknown,2007.0,6.43,13.42,20.95,6.43,6.43,52.0,5.4
bubble bobble 4 friends,NS,3.83,3.25,16.54,Platform,ININ Games,Strictly Limited Games,2019.0,1.58,3.0,6.0,1.85,1.58,68.0,6.4
bubble bobble neo!,X360,3.74,3.7,13.4,"Action, Platform",Unknown,Square Enix,2009.0,1.5,13.42,20.95,1.5,1.5,70.0,7.3
bubsy: the woolies strike back,PC,2.07,2.38,2.25,Platform,Black Forest Games,Accolade,2017.0,1.37,2.63,6.48,2.63,1.37,44.5,5.6
buffy the vampire slayer: chaos bleeds,PS2,3.5,3.09,21.16,Unknown,Eurocom Entertainment Software,Vivendi Universal Games,2003.0,9.08,11.03,20.95,9.87,9.08,73.33333333333333,8.3
build-a-bear workshop,DS,3.25,1.29,11.35,Simulation,Neko Entertainment,The game Factory,2005.0,0.4,13.42,20.95,0.4,0.4,61.0,4.7
bujingai: the forsaken city,PS2,3.46,3.13,16.11,Unknown,Unknown,Unknown,2004.0,7.7,7.6,6.25,7.62,7.7,72.0,7.9
buku sudoku,X360,3.54,3.27,7.07,Puzzle,Absolutist,Merscom,2006.0,8.2,13.42,8.0,8.0,8.2,60.0,7.333333333333333
bulb boy,NS,3.55,2.58,6.27,Adventure,Bulbware,Bulbware,2015.0,2.02,2.33,2.78,2.38,2.02,75.0,7.3
bullet witch,PC,2.88,2.94,11.75,"Action, Third-Person Shooter",Cavia,Unknown,2007.0,5.33,8.28,18.05,6.75,5.33,53.0,6.15
bulletstorm,PS3,3.61,2.88,13.7,"Action, First-Person, Shooter",Unknown,Unknown,2011.0,7.55,9.4,19.37,8.35,7.55,83.0,7.666666666666667
bully,PS2,4.11,2.88,34.63,"Action, Adventure, Sandbox, Third-Person",Rockstar Vancouver,Rockstar Games,2006.0,14.92,19.83,30.05,20.48,14.92,87.0,8.8
bully: scholarship edition,PC,3.84,2.81,29.25,"Action, Adventure, Sandbox, Third-Person",Unknown,Unknown,2008.0,14.83,19.87,28.25,19.7,14.83,78.33333333333333,8.066666666666666
burgertime party!,NS,3.8,3.29,17.33,Unknown,G-Mode,XSEED,2019.0,3.5,13.42,20.95,3.5,3.5,70.0,6.0
burnout,PS2,3.28,3.15,20.04,"Driving, Racing",Criterion Games,Acclaim Entertainment,2001.0,6.53,7.32,10.32,7.65,6.53,77.33333333333333,7.433333333333334
burnout 2: point of impact,PS2,3.67,2.93,22.77,"Driving, Racing",Criterion Games,Acclaim Entertainment,2002.0,10.82,14.48,20.3,15.0,10.82,87.66666666666667,7.599999999999999
burnout 3: takedown,PS2,4.12,3.16,38.81,"Arcade, Driving, Racing",Criterion Games,EA Games,2004.0,13.48,23.3,32.23,21.88,13.48,93.5,8.35
burnout crash!,PS3,3.34,2.98,10.77,Driving,Criterion Games,Electronic Arts,2011.0,4.0,8.5,7.5,7.12,4.0,67.5,5.8
burnout dominator,PS2,3.71,3.23,33.23,"Driving, Racing",EA UK,Electronic Arts,2007.0,11.93,15.58,21.37,15.48,11.93,76.0,7.85
burnout legends,DS,2.95,2.68,14.12,"Driving, Racing",Unknown,Electronic Arts,2005.0,7.98,12.73,17.93,11.77,7.98,62.0,7.25
burnout paradise,X360,3.9,3.02,37.8,"Arcade, Driving, Open World, Racing",Criterion Games,Electronic Arts,2008.0,13.2,26.92,58.8,25.63,13.2,87.5,7.35
burnout paradise remastered,PC,3.72,2.6,37.14,"Arcade, Driving, Open World, Racing, Vehicular Combat",Unknown,Electronic Arts,2018.0,11.35,20.12,38.27,18.3,11.35,79.66666666666667,7.3
burnout revenge,X360,3.84,3.13,28.03,"Arcade, Driving, Racing, Real-Time",Criterion Games,Electronic Arts,2005.0,16.15,19.85,33.63,21.92,16.15,89.33333333333333,8.566666666666668
"bury me, my love",NS,2.73,1.5,4.25,"Adventure, Text",The Pixel Hunt,Playdius Entertainment,2017.0,2.4,4.95,12.75,3.63,2.4,73.0,4.9
bus driver,PC,3.72,2.63,26.44,Simulation,SCS Software,Unknown,2007.0,9.35,8.58,8.2,8.6,9.35,61.0,7.1
bushido blade,PS,3.52,3.28,13.42,"Fighting, Third-Person",Light Weight,Unknown,1997.0,1.47,2.32,2.25,1.73,1.47,83.0,8.4
bust-a-move bash!,WII,3.27,2.81,40.33,Puzzle,Unknown,Majesco,2007.0,3.43,7.15,20.95,5.28,3.43,53.0,3.5
buzz aldrin's space program manager,PC,4.14,3.14,12,"Point-And-Click, Simulation, Strategy, Turn-Based",Polar Motion,Matrix Games,2014.0,11.5,13.42,20.95,11.5,11.5,62.0,6.4
buzz! junior: jungle party,PS3,3.32,1.67,16.89,"Party, Real-Time, Side, Third-Person, Top-Down",Unknown,Sony Computer Entertainment Europe,2006.0,1.5,2.5,3.0,2.2,1.5,70.0,8.0
bye-bye boxboy!,3DS,4.04,3.2,12.39,"Platform, Puzzle, Side",HAL Laboratory,Nintendo,2017.0,4.83,7.63,11.75,8.43,4.83,83.0,7.9
c-12: final resistance,PS,3.34,3.3,15.66,Third-Person Shooter,SCE Studio Cambridge,Sony Computer Entertainment,2002.0,6.5,13.42,5.67,6.42,6.5,63.0,8.2
cabela's dangerous hunts 2011,PS3,3.13,3.14,11.47,Simulation,Activision,Activision,2010.0,4.23,13.42,20.95,4.23,4.23,55.0,6.0
caesar iv,PC,3.58,3.46,54.29,City-Building,Tilted Mill Entertainment,Sierra Entertainment,2006.0,17.43,28.0,68.75,35.12,17.43,74.0,7.9
cafe enchante,NS,3.69,1.25,35.43,Visual Novel,Otomate,Aksys Games,2019.0,39.7,39.95,51.18,47.27,39.7,79.0,7.2
cake bash,PC,3.8,2.6,9,Party,High Tea Frog,Coatsink,2020.0,1.0,3.78,5.82,3.87,1.0,75.5,6.0
cake mania,DS,3.49,2.3,19,Puzzle,Sandlot Games,Sandlot Games,2006.0,4.6,13.42,7.37,6.13,4.6,55.0,6.1
calico,PC,2.88,1.17,7.2,"Simulation, Social",Peachy Keen Games,Unknown,2020.0,4.23,5.77,7.1,6.32,4.23,57.0,6.3
call of cthulhu: dark corners of the earth,PC,3.59,3.85,18.59,"First-Person, Horror, Survival",Headfirst Productions,Unknown,2005.0,11.87,13.63,17.02,12.83,11.87,76.5,7.8999999999999995
call of duty,NGE,3.16,3.22,12.67,"Action, First-Person, Shooter",Infinity Ward,Unknown,2003.0,6.72,8.98,10.07,7.42,6.72,91.0,8.4
call of duty 2: big red one,GC,3.57,3.01,18.04,"Action, First-Person, Shooter",Unknown,Activision,2005.0,6.87,9.87,8.48,7.15,6.87,77.0,6.866666666666667
call of duty 3,PS3,3.39,2.85,18.15,"First-Person, Shooter",Treyarch,Activision,2006.0,8.05,10.3,10.63,8.57,8.05,79.2,7.0600000000000005
call of duty 4: modern warfare,DS,3.29,2.79,15.7,"First-Person, Shooter",Infinity Ward,Activision,2007.0,6.78,9.67,16.7,8.05,6.78,88.75,7.875
call of duty: advanced warfare,PC,3.16,2.66,15.05,"First-Person, Shooter",Sledgehammer Games,Activision,2014.0,7.25,11.57,20.5,9.02,7.25,80.66666666666667,5.5
call of duty: black ops,DS,3.23,3.31,20.58,"Action, First-Person, Shooter",Treyarch,Activision,2010.0,7.25,14.6,20.2,9.5,7.25,82.0,6.38
call of duty: black ops 4,PC,3.02,3.04,39.67,"First-Person, Shooter",Treyarch,Activision,2018.0,5.27,20.67,60.77,15.0,5.27,83.66666666666667,3.8333333333333335
call of duty: black ops cold war,PC,3.11,3.04,32.4,"First-Person, Shooter",Treyarch,Activision,2020.0,5.62,7.43,26.22,7.6,5.62,76.0,4.3
call of duty: black ops ii,PC,3.43,2.81,23.66,"First-Person, Shooter",Treyarch,Activision,2012.0,7.12,11.25,36.1,9.62,7.12,80.25,5.775
call of duty: black ops iii,PS3,3.0,3.22,26.41,"First-Person, Shooter",Treyarch,Activision,2015.0,9.05,16.58,110.7,16.63,9.05,78.33333333333333,4.666666666666667
call of duty: finest hour,PS2,3.57,3.5,25.61,"Action, First-Person, Shooter",Unknown,Activision,2004.0,7.12,6.87,7.15,7.1,7.12,74.33333333333333,7.300000000000001
call of duty: ghosts,PC,2.7,2.68,14.78,"First-Person, Shooter",Unknown,Unknown,2013.0,6.03,8.87,15.23,7.2,6.03,73.6,3.32
call of duty: infinite warfare,PC,3.1,2.84,13.73,"First-Person, Shooter",Infinity Ward,Activision,2016.0,7.53,10.1,21.67,9.8,7.53,76.0,4.433333333333334
call of duty: modern warfare - mobilized,DS,3.63,2.79,16.6,"First-Person, Shooter",n-Space,Activision,2009.0,4.35,14.42,14.62,7.25,4.35,73.0,7.0
call of duty: modern warfare - reflex edition,WII,4.17,3.42,43.58,"First-Person, Shooter",Treyarch,Activision,2009.0,7.42,22.33,20.95,10.05,7.42,76.0,8.1
call of duty: modern warfare 3,PC,3.29,2.81,20.53,"First-Person, Shooter",Unknown,Activision,2011.0,6.27,10.88,47.4,9.23,6.27,81.0,2.975
call of duty: modern warfare 3 - defiance,DS,3.34,3.14,22.74,"First-Person, Shooter",n-Space,Activision,2011.0,4.42,10.02,12.0,6.15,4.42,57.0,1.2
call of duty: roads to victory,PSP,3.76,3.55,40.98,"First-Person, Shooter",Amaze Entertainment,Activision,2007.0,4.38,5.2,7.8,4.78,4.38,64.0,7.1
call of duty: vanguard,PC,2.48,3.13,11.23,"First-Person, Shooter",Sledgehammer Games,Activision Publishing,2021.0,6.3,9.65,36.15,8.75,6.3,73.0,3.966666666666667
call of duty: warzone,PC,3.04,3.49,44.47,"First-Person, Shooter, Survival",Unknown,Activision Publishing,2020.0,8.2,13.42,20.95,11.25,8.2,79.33333333333333,3.8333333333333335
call of duty: wwii,PC,3.01,2.83,13.31,"First-Person, Shooter",Sledgehammer Games,Activision,2017.0,7.07,9.98,20.15,8.3,7.07,77.33333333333333,4.8
call of juarez,X360,3.11,2.98,19.9,"First-Person, Shooter",Techland,Unknown,2007.0,7.97,9.67,11.9,8.77,7.97,71.5,7.25
call of juarez: bound in blood,PS3,3.39,3.02,17.06,"First-Person, Shooter",Techland,Ubisoft,2009.0,7.47,8.58,13.58,8.18,7.47,77.66666666666667,7.7333333333333325
call of juarez: gunslinger,PS3,3.55,2.97,12.8,"Action, First-Person, Shooter",Techland,Ubisoft,2013.0,5.13,7.27,14.38,6.57,5.13,75.5,8.1
call of juarez: the cartel,X360,2.06,2.86,11.05,"First-Person, Shooter",Techland,Ubisoft,2011.0,6.93,9.55,19.97,8.85,6.93,47.666666666666664,4.833333333333333
call of the sea,PC,3.27,2.61,7.65,"Adventure, Puzzle",Out of the Blue,Raw Fury,2020.0,5.65,6.43,7.48,6.42,5.65,78.0,7.6000000000000005
calling,WII,3.58,2.74,17.88,Survival Horror,Hudson Soft,Unknown,2010.0,10.38,13.12,19.4,13.32,10.38,49.0,7.0
calling all cars!,PS3,3.06,2.64,5.09,Car Combat,Unknown,Sony Computer Entertainment,2007.0,3.0,13.42,20.95,3.0,3.0,74.0,7.1
candle: the power of the flame,NS,3.89,4.35,17.82,"Adventure, Puzzle",Teku Studios,Daedalic Entertainment,2016.0,7.62,9.42,8.33,8.38,7.62,72.0,7.599999999999999
cannon spike,ARC,3.86,3.36,3.28,"Multidirectional, Shooter",Psikyo,Capcom,2000.0,1.58,3.87,6.23,2.45,1.58,73.0,8.1
canvaleon,WIIU,3.85,4.21,16.5,"Action, Adventure",OXiAB Game Studio,Unknown,2015.0,8.25,10.5,12.25,10.33,8.25,49.0,6.5
capcom arcade stadium,XONE,2.67,3.6,23.1,"Action, Adventure, Arcade, Beat Em Up, Compilation, Fighting, Shooter",Capcom,Capcom,2021.0,22.0,13.42,10.33,16.17,22.0,78.5,6.45
capcom beat 'em up bundle,XONE,3.88,3.81,18.47,Beat Em Up,Capcom,Capcom,2018.0,7.05,8.47,13.05,8.63,7.05,75.0,7.033333333333334
capcom classics collection reloaded,PSP,3.83,3.27,25.62,Compilation,Capcom,Capcom,2006.0,7.0,13.42,20.95,7.0,7.0,75.0,8.3
capcom fighting collection,XONE,4.15,3.7,28.33,"Action, Arcade, Fighting, Puzzle",Capcom,Capcom,2022.0,7.38,7.47,30.87,12.5,7.38,79.5,4.85
capcom fighting evolution,PS2,3.08,2.96,14.6,Fighting,Capcom Production Studio 2,Capcom,2004.0,2.32,0.8,20.95,2.22,2.32,59.0,6.1000000000000005
capcom vs. snk 2 eo,GC,3.87,3.35,21.04,Fighting,Capcom,Capcom,2001.0,0.93,2.68,20.95,1.18,0.93,74.0,8.5
capcom vs. snk 2: mark of the millennium 2001,PS2,4.15,3.3,28.01,Fighting,Capcom,Capcom,2001.0,0.92,4.45,70.0,3.27,0.92,81.0,8.2
capitalism ii,PC,3.77,3.58,66.03,Management,Enlight,Ubisoft,2001.0,53.33,13.42,20.95,53.33,53.33,82.0,8.6
captain america: super soldier,PS3,3.44,2.62,14.86,"Action, Beat Em Up",Unknown,Sega,2011.0,6.12,7.58,9.57,7.52,6.12,57.25,6.975
captain toad: treasure tracker,NS,3.94,2.68,23.2,"Platform, Puzzle",Nintendo EAD Tokyo,Nintendo,2014.0,7.13,11.83,19.8,12.0,7.13,80.66666666666667,7.833333333333333
captain tsubasa: rise of new champions,PC,2.86,3.33,44,Sports,Bandai Namco Games,Bandai Namco Games,2020.0,11.95,23.88,68.5,18.72,11.95,70.0,7.300000000000001
car battler joe,GBA,3.67,2.49,15.05,"Action, Role-Playing",Ancient,Unknown,2002.0,10.07,13.42,20.95,10.07,10.07,77.0,9.5
carmageddon: reincarnation,PC,3.18,2.9,30.88,"Car Combat, Driving, Racing",Stainless Games,Stainless Games,2014.0,17.93,20.75,29.0,20.72,17.93,54.0,4.4
carmen sandiego: the secret of the stolen drums,XBOX,2.97,2.22,25.33,"Action, Adventure, Platform",Unknown,The Learning Company,2004.0,7.72,13.42,20.95,7.72,7.72,54.333333333333336,7.8
carnival games,WII,2.88,2.26,11.43,Party,Cat Daddy Games,Global Star Software,2007.0,3.75,7.42,20.95,4.35,3.75,52.0,4.5
carnival games vr,PS4,3.65,2.63,12,"Party, Simulation, Virtual Reality",Cat Daddy Games,2k,2016.0,2.83,1.67,20.95,2.53,2.83,58.0,5.8
carnivores: ice age,PSP,3.32,3.2,8.29,Action,Action Forms,WizardWorks,2001.0,8.2,4.0,20.95,4.0,8.2,54.0,7.0
carrion,PC,3.42,2.91,8.23,"Action, Horror, Puzzle, Third-Person",Phobia Game Studio,Devolver Digital,2020.0,4.73,5.65,6.5,5.62,4.73,75.66666666666667,7.866666666666667
cart fury championship racing,PS2,3.13,3.2,9.6,"Driving, Racing",Midway,Midway,2001.0,8.2,18.0,20.95,18.0,8.2,58.0,6.3
cartoon network racing,DS,2.99,2.33,31.31,"Driving, Racing",Unknown,The Game Factory,2006.0,3.17,6.17,10.92,5.88,3.17,47.0,7.1
cartoon network: punch time explosion,3DS,2.86,2.41,9.34,Fighting,Papaya Studio,Unknown,2011.0,2.88,8.72,13.15,6.33,2.88,58.0,6.1
casper: spirit dimensions,GC,1.79,3.0,2.82,"Action, Adventure",Lucky Chicken,Unknown,2001.0,4.2,13.42,20.95,4.2,4.2,58.0,4.0
castle crashers,MAC,3.55,3.63,30.8,"Action, Adventure, Beat Em Up, Role-Playing",The Behemoth,The Behemoth,2008.0,7.37,14.2,42.88,12.87,7.37,83.5,8.350000000000001
castle of heart,NS,3.26,3.78,12.96,"Action, Platform",7Levels,7Levels,2018.0,6.57,6.07,10.47,6.83,6.57,53.0,7.0
castle of shikigami iii,WII,3.88,4.02,31.81,"Scrolling, Shooter",Unknown,Aksys Games,2008.0,1.43,2.5,20.95,1.65,1.43,67.0,7.7
castlestorm,VITA,3.41,3.69,38.44,Action,Zen Studios,Zen Studios,2013.0,7.17,10.82,20.98,11.45,7.17,78.4,7.4399999999999995
castlevania advance collection,XONE,4.05,3.13,33.5,Unknown,Konami Digital Entertainment,Konami Digital Entertainment,2021.0,23.05,32.05,46.03,32.45,23.05,83.5,7.699999999999999
castlevania anniversary collection,PC,3.88,3.84,30.48,"Action, Platform, Scrolling, Side",Konami Digital Entertainment,Konami Digital Entertainment,2019.0,22.7,28.85,31.53,27.05,22.7,78.33333333333333,7.2
castlevania chronicles,PS,3.78,3.94,11.51,"Action, Platform, Side",Konami,Konami,2001.0,3.35,5.08,8.2,4.03,3.35,69.0,7.0
castlevania judgment,WII,3.33,3.01,19.06,Fighting,Eighting,Konami,2008.0,5.07,5.1,20.95,5.07,5.07,49.0,6.0
castlevania: aria of sorrow,MOBI,3.92,3.0,12.67,"Action, Adventure, Platform, Scrolling, Side",Konami Computer Entertainment Tokyo,Konami,2003.0,6.93,8.22,14.0,8.4,6.93,91.0,8.9
castlevania: circle of the moon,GBA,4.01,3.66,22.67,"Action, Adventure",Konami Computer Entertainment Kobe,Konami,2001.0,8.87,11.48,17.85,10.72,8.87,91.0,8.1
castlevania: curse of darkness,XBOX,3.53,3.11,39.41,"Action, Adventure",Konami,Konami,2005.0,12.65,18.1,31.15,16.75,12.65,72.0,7.7
castlevania: dawn of sorrow,MOBI,3.18,3.08,11.06,"Action, Adventure, Multidirectional, Side",Konami,Konami,2005.0,9.73,12.65,26.08,12.95,9.73,89.0,8.5
castlevania: harmony of despair,X360,4.07,3.42,48.87,"Platform, Scrolling, Side",Konami,Konami,2010.0,9.35,17.25,32.13,12.83,9.35,67.5,7.25
castlevania: harmony of dissonance,GBA,3.91,2.96,20.17,"Action, Adventure",Konami TYO,Konami,2002.0,7.72,8.43,11.75,8.97,7.72,87.0,8.1
castlevania: lament of innocence,PS2,3.76,3.13,21.14,"Action, Adventure, Hack And Slash, Horror, Third-Person",Konami,Konami,2003.0,7.62,8.95,12.4,8.7,7.62,79.0,8.5
castlevania: lords of shadow,PS3,3.83,3.28,26.55,"Action, Adventure",Unknown,Konami,2010.0,17.9,22.38,41.55,21.63,17.9,84.0,8.0
castlevania: lords of shadow - mirror of fate,3DS,3.52,2.93,15.27,"Action, Adventure",MercurySteam,Konami,2013.0,8.47,10.52,13.68,10.72,8.47,72.0,7.3
castlevania: lords of shadow - ultimate edition,PC,3.71,3.23,25.61,"Action, Adventure, Isometric, Third-Person",Climax Studios,Konami,2013.0,19.02,26.38,46.82,26.33,19.02,81.0,7.5
castlevania: lords of shadow 2,PC,3.59,3.04,21.49,"Action, Adventure",MercurySteam,Konami,2014.0,14.87,21.1,34.62,18.52,14.87,63.666666666666664,7.7333333333333325
castlevania: order of ecclesia,DS,4.0,3.64,27.56,"Action, Adventure, Platform, Role-Playing, Side",Konami,Konami,2008.0,10.23,13.3,22.37,13.48,10.23,85.0,8.5
castlevania: portrait of ruin,DS,3.91,3.14,26.46,"Action, Adventure",Konami,Konami,2006.0,9.43,12.6,25.77,12.42,9.43,85.0,8.3
castlevania: symphony of the night,IOS,4.37,3.0,22.67,"Action, Adventure, Platform, Role-Playing, Side",KCE Tokyo,Konami,1997.0,8.63,11.8,16.22,11.73,8.63,91.0,8.8
castlevania: the adventure rebirth,WII,3.83,3.68,7.76,"Action, Scrolling, Side",M2,Konami,2009.0,3.78,4.97,4.82,3.9,3.78,78.0,8.5
castlevania: the dracula x chronicles,PSP,4.13,3.83,27.6,Platforming,Konami,Konami,2007.0,4.78,9.03,13.98,7.17,4.78,80.0,8.3
cat quest,PC,3.89,2.09,11.86,"Real-Time, Role-Playing, Top-Down",The Gentlebros,PQube Limited,2017.0,5.72,8.15,11.35,8.33,5.72,75.66666666666667,7.666666666666667
cat quest ii,PS4,3.81,2.6,24.76,"Action, Role-Playing",The Gentlebros,PQube,2019.0,7.65,10.02,13.15,11.08,7.65,77.0,8.0
cate west: the vanishing files,DS,3.35,2.94,19.25,Hidden Object,Gamenauts,Unknown,2008.0,10.17,13.42,7.18,9.17,10.17,65.0,7.333333333333333
catherine: full body,VITA,2.89,3.0,16,"Adventure, Horror, Platform, Puzzle",Studio Zero,Atlus,2019.0,11.85,18.77,101.8,14.88,11.85,80.5,8.15
catlateral damage,PS4,3.39,2.24,13.43,"Action, Simulation",Unknown,Manekoware,2015.0,5.15,4.8,13.93,9.02,5.15,57.0,5.1
cattails,PC,3.61,2.88,40.4,"Adventure, Role-Playing",Falcon Development,Falcon Development,2017.0,15.47,30.92,37.33,23.13,15.47,75.0,7.0
catwoman,PS2,2.22,2.86,14.22,"Action, Adventure",Unknown,Electronic Arts,2004.0,5.5,13.42,8.15,6.17,5.5,49.75,5.8
cave story,DS,3.99,3.79,18.25,Unknown,Unknown,Unknown,2010.0,7.65,9.42,14.95,8.68,7.65,89.0,8.6
cave story 3d,3DS,3.88,3.69,14.35,"Action, Adventure",Nicalis,NIS America,2011.0,6.85,11.22,15.0,9.85,6.85,82.0,8.1
caveman warriors,PS4,3.6,4.0,7.6,Unknown,JanduSoft,JanduSoft,2017.0,3.5,4.0,10.0,5.75,3.5,52.0,5.6
cel damage,GC,3.62,3.71,47.79,Vehicular Combat,Pseudo Interactive,Electronic Arts,2001.0,4.45,4.92,5.83,5.1,4.45,66.0,7.35
celeste,MAC,3.21,3.86,28,"Platform, Scrolling, Side",Extremely OK Games,Extremely OK Games,2018.0,8.58,16.2,39.92,15.28,8.58,91.25,8.1
cellfactor: psychokinetic wars,PS3,3.5,2.73,8,"First-Person, Shooter",Unknown,Ubisoft,2009.0,3.77,13.42,20.95,3.77,3.77,70.5,8.2
celtic kings: rage of war,PC,4.05,3.54,47.5,"Real-Time, Role-Playing",Haemimont Games,Unknown,2002.0,31.33,13.42,20.95,31.33,31.33,82.0,7.3
centipede: recharged,PC,2.67,3.17,3,"Arcade, Shooter",Unknown,Atari,2021.0,2.33,2.85,3.9,3.03,2.33,74.0,7.333333333333333
ceville,PC,3.74,3.58,16.57,Graphic Adventure,Realmforge Studios,Kalypso Media,2009.0,8.77,10.6,9.75,9.37,8.77,73.0,7.0
chained echoes,PS4,3.84,3.61,43.91,"Role-Playing, Turn-Based",Matthias Linda,Deck13,2022.0,35.7,46.53,57.37,47.93,35.7,90.5,8.7
champions of norrath,PS2,3.83,3.07,45.02,Role-Playing,Snowblind Studios,Sony Online Entertainment,2004.0,16.73,25.57,37.1,22.18,16.73,85.0,8.2
champions: return to arms,PS2,3.91,3.15,52.04,"Action, Role-Playing",Snowblind Studios,Sony Online Entertainment,2005.0,16.47,29.17,125.0,33.9,16.47,77.0,8.2
championship manager 2008,PC,3.42,2.13,65.33,"Simulation, Sports",Unknown,Eidos Interactive,2007.0,8.5,13.42,20.95,8.5,8.5,68.0,6.8
championship motocross 2001 featuring ricky carmichael,PS,3.39,2.65,46.62,"Driving, Racing, Third-Person",Funcom,THQ,2001.0,4.5,13.42,20.95,4.5,4.5,70.0,7.3
chaos code: new sign of catastrophe,PS4,3.75,3.0,11.64,Fighting,Unknown,Arc System Works,2017.0,0.27,10.07,20.95,5.87,0.27,66.0,7.333333333333333
chaos legion,PS2,3.6,3.69,26.7,"Action, Adventure",Capcom Production Studio 6,Capcom,2003.0,11.8,15.45,13.5,13.33,11.8,65.0,7.8
chaos wars,PS2,3.5,3.15,55.2,Tactical Role-Playing,Idea Factory,Idea Factory,2008.0,8.2,13.42,70.0,70.0,8.2,64.0,6.4
chaos;child,VITA,4.12,2.46,59.73,Visual Novel,5pb.,Unknown,2017.0,32.82,49.17,54.47,47.97,32.82,76.0,8.4
chariot,XONE,3.14,3.22,29.14,"Action, Adventure, Platform",Frima Studio,Frima Studio,2014.0,12.5,37.72,30.0,22.85,12.5,75.0,7.5
charlie murder,X360,3.69,3.11,23.23,"Fighting, Platform",Ska Studios,Unknown,2013.0,7.02,10.3,19.63,9.73,7.02,78.0,7.1
charlie's angels,PS2,1.19,2.19,17.47,"Action, Beat Em Up",Neko Entertainment,Ubisoft,2003.0,3.63,3.95,2.82,3.62,3.63,23.0,4.0
chase: cold case investigations - distant memories,3DS,3.03,1.53,3.24,"Adventure, Point-And-Click, Visual Novel",Arc System Works,Aksys Games,2016.0,1.52,1.95,1.67,1.58,1.52,59.0,7.0
chase: hollywood stunt driver,XBOX,3.37,3.5,21.42,"Action, Driving, Racing",I-Imagine,Bam! Entertainment,2002.0,8.2,3.38,20.95,3.38,8.2,60.0,7.4
chasing aurora,WIIU,3.68,3.91,16.75,Action,Broken Rules,Broken Rules,2012.0,1.0,13.42,20.95,1.0,1.0,64.0,7.3
chasm,PC,3.57,3.28,15.35,"Action, Adventure, Role-Playing",Discord Games,Discord Games,2015.0,8.85,11.73,15.18,11.75,8.85,72.0,6.6
chess ultra,PS4,3.5,3.7,11.56,"Board Game, Strategy",Ripstone,Ripstone,2017.0,2.15,8.52,5.0,3.88,2.15,79.0,6.9
chibi-robo!,GC,4.08,2.75,26.11,"Adventure, Platform",Unknown,Nintendo,2006.0,12.23,15.55,21.55,16.48,12.23,75.0,8.8
chibi-robo! photo finder,3DS,3.29,2.63,37.42,Unknown,Skip,Nintendo,2014.0,11.4,13.1,20.9,13.23,11.4,49.0,7.6
chibi-robo! zip lash,3DS,3.41,2.63,21.1,"Action, Scrolling",Unknown,Nintendo,2015.0,11.35,17.08,34.37,14.62,11.35,59.0,5.1
chick chick boom,WII,3.66,2.63,12.38,Action,Tons of Bits,Tons of Bits,2010.0,1.7,13.42,20.95,1.7,1.7,72.0,8.2
chicken run,GBC,2.94,2.75,12.44,Platform,Blitz Games,Eidos Interactive,2000.0,4.57,13.42,5.52,4.82,4.57,71.5,7.3
chicken shoot,PC,1.16,1.54,1.95,"Arcade, First-Person, Shooter",Unknown,Unknown,2003.0,0.95,13.42,0.68,0.87,0.95,27.0,5.3
chicken wiggle,3DS,3.58,2.33,6.56,"Platform, Scrolling, Side",Atooi,Unknown,2017.0,2.97,13.42,3.93,3.6,2.97,73.0,7.0
child of eden,PS3,3.68,3.33,11.71,"Music/Rhythm, Shooter",Q Entertainment,Ubisoft,2011.0,3.52,7.58,20.95,4.27,3.52,82.5,7.85
child of light,VITA,3.92,2.7,20.29,"Platform, Role-Playing, Side",Ubisoft Montreal,Ubisoft,2014.0,11.38,13.92,15.87,13.45,11.38,82.0,8.049999999999999
children of mana,DS,3.29,2.69,26.63,"Action, Role-Playing",Unknown,Unknown,2006.0,16.6,22.73,30.13,20.0,16.6,65.0,6.4
children of morta,PS4,3.57,3.27,21.2,"Action, Roguelike",Dead Mage,11 bit studios,2019.0,14.38,19.03,29.08,19.07,14.38,80.5,8.275
chili con carnage,PSP,3.5,3.7,20.14,"Action, Shooter, Third-Person",Deadline Games,Eidos Interactive,2007.0,6.13,7.0,20.95,6.3,6.13,74.0,7.5
chime,PC,3.18,2.92,10.88,"Music/Rhythm, Puzzle",Zo,Unknown,2010.0,2.4,4.95,21.42,6.68,2.4,79.0,7.9
chivalry: medieval warfare,PS4,2.97,3.73,52,"Action, First-Person",Torn Banner Studios,Unknown,2012.0,8.2,13.42,20.95,11.25,8.2,65.0,5.9
chocobo gp,NS,3.42,3.04,29.55,"Driving, Racing, Third-Person",Square Enix,Square Enix,2022.0,2.97,9.82,23.68,6.4,2.97,63.0,2.2
chocobo's mystery dungeon: every buddy!,PS4,3.91,3.17,51.07,"Roguelike, Role-Playing",Square Enix,Square Enix,2019.0,29.97,51.88,124.12,48.55,29.97,71.0,7.3
choplifter hd,PS3,2.62,3.56,13.2,Shoot 'Em Up,inXile Entertainment,inXile Entertainment,2012.0,5.95,6.43,15.55,7.27,5.95,67.0,4.933333333333334
chris sawyer's locomotion,PC,3.75,3.4,67.78,Simulation,Chris Sawyer,]Atari,2004.0,23.5,13.42,20.95,23.5,23.5,59.0,5.7
chroma squad,PC,3.61,2.8,14.13,Role-Playing,Behold Studios,Behold Studios,2015.0,13.0,18.18,34.25,16.1,13.0,74.5,7.3500000000000005
chromagun,NS,3.5,2.8,5,"First-Person, Puzzle",Pixel Maniacs,Pixel Maniacs,2016.0,3.88,3.73,4.52,4.17,3.88,71.5,6.5
chrome,PC,2.91,3.34,17.25,First-Person Shooter,Techland,Strategy First,2003.0,14.55,19.38,18.77,16.3,14.55,69.0,6.8
chromehounds,X360,3.29,3.43,33.7,"Simulation, Vehicular Combat",From Software,Sega,2006.0,10.25,16.0,45.03,19.67,10.25,71.0,6.9
chronicles of mystery: curse of the ancient temple,DS,3.73,2.27,13.7,Adventure,Unknown,City Interactive,2009.0,2.55,13.42,20.95,2.55,2.55,57.0,7.333333333333333
chronicles of mystery: the scorpio ritual,PC,3.31,2.75,9.09,Adventure,City Interactive,City Interactive,2008.0,4.12,5.5,4.63,4.33,4.12,62.0,5.5
chrono cross,PS,4.21,3.02,57.47,Role-Playing,Square Product,Square Electronic Arts,2000.0,34.6,42.6,66.7,42.2,34.6,94.0,8.8
chrono trigger,MOBI,4.07,3.0,47.33,"Role-Playing, Top-Down, Turn-Based",Square,Square,1995.0,23.32,27.17,43.05,27.72,23.32,92.0,9.1
chronovolt,VITA,2.17,2.64,7.09,Puzzle,Playerthree,Unknown,2012.0,7.0,9.95,8.0,8.42,7.0,44.0,3.2
chronus arc,PS4,3.43,3.14,28.67,Role-Playing,Unknown,Kemco,2015.0,10.62,16.15,15.17,13.65,10.62,40.0,6.1
chuchu rocket!,GBA,3.81,3.28,39.8,Puzzle,Sonic Team,Sega,2000.0,2.17,6.23,18.58,4.28,2.17,84.0,7.2
chulip,PS2,3.68,3.68,36.17,Adventure,Punchline,Unknown,2007.0,13.95,17.32,14.18,15.08,13.95,57.0,8.4
cid the dummy,PS2,2.45,3.38,13.42,"Action, Adventure",Unknown,Oxygen Games,2009.0,8.2,6.0,20.95,6.0,8.2,31.0,4.4
cima: the enemy,GBA,3.56,3.49,18.95,Role-Playing,Neverland,Unknown,2003.0,14.48,13.42,20.95,14.48,14.48,70.0,8.2
cities in motion,PC,3.75,3.52,60.44,Management,Colossal Order,Paradox Interactive,2011.0,24.5,44.0,57.97,42.15,24.5,70.0,7.6
cities in motion 2,PC,3.26,3.73,55.73,"Management, Simulation",Colossal Order,Paradox Interactive,2013.0,30.93,84.33,20.95,44.28,30.93,72.0,7.2
cities xl,PC,3.08,2.81,19.43,City-Building,Monte Cristo,Monte Cristo,2009.0,12.75,13.42,20.95,12.75,12.75,69.0,4.1
cities xl 2011,PC,3.62,3.32,33.22,Simulation,Focus Home Interactive,Focus Home Interactive,2010.0,8.2,57.52,20.95,57.52,8.2,70.0,5.7
cities xl 2012,PC,3.5,3.15,35.14,Simulation,Focus Home Interactive,Focus Home Interactive,2011.0,35.17,13.42,20.95,35.17,35.17,61.0,5.6
cities: skylines,PC,4.01,3.01,63.32,"City-Building, Real-Time, Top-Down",Colossal Order,Paradox Interactive,2015.0,29.8,77.7,197.3,71.73,29.8,85.0,8.7
citizen sleeper,PC,3.29,1.89,11.5,Adventure,Jump Over The Age,Fellow Traveller,2022.0,6.82,10.73,13.8,10.33,6.82,83.33333333333333,7.633333333333333
citizens of earth,VITA,3.44,2.42,60.17,Role-Playing,Eden Industries,ATLUS,2015.0,14.8,22.83,34.1,24.77,14.8,67.66666666666667,7.033333333333333
citizens of space,NS,3.59,3.38,32,Role-Playing,Eden Industries,Sega,2019.0,16.17,30.17,29.07,22.8,16.17,63.0,6.7
city of gangsters,PC,3.29,3.0,3.6,Management,SomaSim,Kasedo Games,2021.0,38.15,13.42,20.95,38.15,38.15,67.0,6.6
city of heroes,PC,3.95,2.86,80.00+,"Massively Multiplayer, Role-Playing, Third-Person",Unknown,NCSoft,2004.0,50.0,109.35,20.95,85.6,50.0,85.0,8.4
civcity: rome,PC,3.38,3.25,40.44,City-Building,Unknown,2K Games,2006.0,12.12,30.0,49.73,30.62,12.12,67.0,6.9
cladun: this is an rpg,PSP,3.82,3.33,36.86,"Action, Role-Playing",System Prisma,NIS,2010.0,16.03,63.0,20.95,47.33,16.03,78.0,8.3
claire: extended cut,PS4,3.39,3.13,10.79,"Action, Adventure",Hailstorm Games,Hailstorm Games,2014.0,3.43,5.53,5.03,4.58,3.43,67.0,6.0
clandestine,PC,2.89,3.9,12,Stealth,Logic Artists,Logic Artists,2014.0,9.53,12.1,20.95,10.32,9.53,69.0,7.4
class of heroes,PSP,3.6,3.73,51.67,"Role-Playing, Turn-Based",Unknown,Unknown,2009.0,37.97,53.33,20.95,43.08,37.97,61.0,7.1
claybook,PC,4.0,2.58,13.56,Action,Second Order,Second Order,2017.0,3.0,13.42,1.98,2.48,3.0,60.0,5.7
clive barker's jericho,X360,3.05,3.33,13.76,"First-Person, Shooter, Survival Horror",MercurySteam,Codemasters,2007.0,7.33,8.98,10.27,8.05,7.33,62.0,7.433333333333334
clive barker's undying,PC,3.87,3.27,20.95,"First-Person, Shooter",Unknown,Unknown,2001.0,10.67,12.4,12.58,11.48,10.67,85.0,8.8
clock tower 3,PS2,3.53,3.39,14.17,Survival Horror,Capcom Production Studio 3 Sunsoft,Capcom,2003.0,6.3,7.12,8.65,6.8,6.3,69.0,7.4
clockwork aquario,NS,3.95,3.25,3.14,Arcade,Westone Bit Entertainment,ININ Games,2021.0,0.7,1.0,3.9,1.32,0.7,69.5,6.2
clockwork tales: of glass and ink,PS4,3.63,1.95,6.29,Adventure,Artifex Mundi,Artifex Mundi,2013.0,3.32,3.52,4.37,3.92,3.32,70.0,7.333333333333333
cloning clyde,PC,2.65,2.38,4.25,Platform,NinjaBee,Microsoft,2006.0,5.33,5.58,8.82,6.63,5.33,80.0,8.1
close combat: first to fight,XBOX,3.41,3.43,29.43,"First-Person, Shooter",Destineer,Unknown,2005.0,4.88,13.42,6.83,5.85,4.88,68.0,5.55
closure,PC,3.37,3.42,12.72,"Platformer, Puzzle",Eyebrow Interactive,Unknown,2012.0,6.57,8.43,9.65,8.57,6.57,79.5,6.75
cloudberry kingdom,PS3,3.09,4.32,5,"Action, Platform",Pwnee Studios,Ubisoft,2013.0,8.08,7.5,20.95,7.88,8.08,72.66666666666667,6.866666666666667
cloudbuilt,PC,3.56,3.95,12.88,"Action, Platform, Third-Person",Coilworks,Rising Star Games,2014.0,5.02,17.22,19.3,10.15,5.02,72.0,7.6
cloudpunk,PC,3.26,1.44,15.46,"Adventure, Open World",Ion Lands,Unknown,2020.0,8.87,11.68,15.33,11.57,8.87,63.666666666666664,6.2
clubhouse games,DS,3.91,2.82,33.79,Puzzle,Agenda,Nintendo,2006.0,15.7,15.0,35.0,23.77,15.7,83.0,7.8
clubhouse games: 51 worldwide classics,NS,3.73,2.98,36.55,"Board Game, Card Game, Party",NDcube,Nintendo,2020.0,9.78,22.53,59.5,25.85,9.78,82.0,7.7
clustertruck,PC,3.53,3.83,7.52,"First-Person, Platform, Real-Time",Landfall Games,tinyBuild,2016.0,3.82,5.63,8.92,5.8,3.82,75.0,6.45
cocoto fishing master,PS2,2.25,2.5,9.8,Sports,Neko Entertainment,Conspiracy Entertainment,2007.0,2.85,13.42,20.95,2.85,2.85,52.0,4.2
cocoto platform jumper,PS2,0.97,1.44,1.21,Platform,Neko Entertainment,BigBen Interactive,2004.0,8.2,3.0,20.95,3.0,8.2,59.0,7.333333333333333
code lyoko,DS,3.21,2.64,21.6,"Action, Role-Playing",DC Studios,The Game Factory,2007.0,7.47,8.48,20.0,9.28,7.47,63.0,7.1
code lyoko: fall of x.a.n.a.,DS,3.36,3.2,51.42,Role-Playing,Neko Entertainment,The Game Factory,2008.0,13.98,13.42,20.95,13.98,13.98,51.0,6.3
code lyoko: quest for infinity,PS2,3.17,2.75,25.85,Action,Neko Entertainment & Taffy Entertainment,The Game Factory,2007.0,6.38,6.67,17.5,9.6,6.38,58.0,7.8
code name: s.t.e.a.m.,3DS,3.71,3.76,29.71,"Strategy, Turn-Based",Unknown,Nintendo,2015.0,21.4,25.07,43.55,24.05,21.4,69.0,7.8
code of princess,3DS,3.63,2.95,16.31,"Action, Role-Playing",Unknown,Atlus,2012.0,5.42,8.55,18.53,6.42,5.42,67.0,7.4
code vein,XONE,3.45,3.4,34.83,"Action, Role-Playing",Bandai Namco Studios,Bandai Namco Entertainment,2019.0,27.22,36.03,65.5,37.75,27.22,72.33333333333333,7.6000000000000005
coded arms,PSP,3.55,3.83,51.41,"First-Person, Shooter",Konami,Konami,2005.0,5.67,8.68,20.95,6.57,5.67,59.0,6.5
coded arms: contagion,PSP,3.34,3.0,16.44,"First-Person, Shooter",Creat Studios,Konami,2007.0,10.5,13.42,20.95,10.5,10.5,56.0,6.8
coffee crisis,NS,3.17,3.73,1.93,Beat Em Up,Mega Cat Studios,Unknown,2017.0,1.62,13.42,20.95,1.62,1.62,59.0,4.3
coffee talk,XONE,3.14,1.5,5.38,Visual Novel,Toge Productions,Toge Productions,2020.0,4.43,5.85,8.25,6.03,4.43,73.33333333333333,7.3
coffin dodgers,PS4,2.81,2.45,13.28,"Driving, Racing",Milky Tea Studios,Milky Tea Studios,2015.0,1.72,2.23,6.0,3.58,1.72,41.0,4.199999999999999
cogs,PC,3.17,3.59,10.06,Puzzle,Lazy 8 Studios,Unknown,2009.0,5.4,8.17,15.4,8.42,5.4,73.0,7.4
cold fear,PC,3.47,3.02,12.01,Survival,Darkworks,Ubisoft,2005.0,6.32,7.15,7.15,6.48,6.32,68.33333333333333,7.866666666666666
cold winter,PS2,3.49,2.96,14.84,First-Person Shooter,Swordfish Studios,Vivendi Universal Games,2005.0,7.17,8.67,9.8,7.73,7.17,73.0,8.5
cold zero: no mercy,PC,3.95,3.6,12.57,Unknown,Unknown,Encore,2003.0,12.0,13.42,20.95,12.0,12.0,62.0,8.6
colin mcrae rally 04,PS2,3.62,3.29,24.67,"Driving, First-Person, Racing, Simulation, Third-Person",Codemasters,Codemasters,2004.0,5.4,4.9,12.95,6.12,5.4,84.0,8.2
colin mcrae rally 2.0,GBA,3.08,2.87,29.6,"Driving, Racing, Sports",Unknown,Ubisoft Entertainment,2000.0,6.32,15.75,30.0,10.58,6.32,84.33333333333333,8.450000000000001
colin mcrae rally 2005,PSP,3.38,3.32,23.56,"Driving, Racing",Unknown,Unknown,2004.0,9.35,19.77,31.4,16.58,9.35,83.0,7.75
colin mcrae rally 3,PS2,3.67,3.24,28.91,"Driving, Racing",Codemasters,Codemasters,2002.0,7.87,10.67,14.3,9.75,7.87,86.0,7.449999999999999
collar x malice,VITA,4.25,2.16,44.24,Visual Novel,Idea Factory,Aksys Games,2017.0,11.35,39.38,54.02,46.22,11.35,74.0,7.5
collection of mana,NS,4.17,3.32,65.39,"Action, Role-Playing, Top-Down",Unknown,Square Enix,2019.0,61.35,65.97,85.83,67.92,61.35,83.0,8.0
college hoops 2k6,X360,3.17,2.94,3.56,Sports,Visual Concepts,2K Sports,2005.0,8.2,13.42,1.47,1.47,8.2,76.33333333333333,7.3999999999999995
college hoops 2k7,XBOX,3.5,2.33,23.2,Sports,Visual Concepts,2K Sports,2006.0,12.0,42.17,20.95,34.62,12.0,78.66666666666667,7.366666666666666
college hoops 2k8,X360,3.65,3.05,61.33,Sports,Visual Concepts,2K Sports,2007.0,4.0,13.42,315.0,159.5,4.0,81.5,6.75
colony wars,PS,3.99,3.42,24.07,Space Combat Simulator,Unknown,Sony Computer Entertainment,1997.0,5.2,10.42,9.43,8.42,5.2,91.0,8.3
color guardians,PS4,3.04,2.94,24,Action,Fair Play Labs,Niffler,2015.0,5.77,7.85,9.42,7.88,5.77,62.0,6.2
colors! 3d,3DS,4.04,2.4,52.99,Interactive Art,Collecting Smiles,Collecting Smiles,2012.0,21.27,13.42,20.95,21.27,21.27,89.0,7.5
colosseum: road to freedom,PS2,3.72,3.49,36.64,"Action, Fighting, Role-Playing",Ertain,Koei,2005.0,19.13,13.42,20.95,19.13,19.13,56.0,8.2
columns crown,GBA,2.76,3.35,8.25,Puzzle,WOW Entertainment,Unknown,2001.0,2.38,13.42,20.95,2.38,2.38,70.0,7.8
comanche 4,PC,4.05,3.58,50,"Flight Combat, Simulation",NovaLogic,NovaLogic,2001.0,5.5,5.0,9.6,6.4,5.5,74.0,7.6
combat elite: wwii paratroopers,XBOX,3.44,3.33,32.33,"Shooter, Third-Person",BattleBorne Entertainment,SouthPeak Games,2005.0,4.95,13.42,20.95,4.95,4.95,55.0,7.2
combat of giants: dinosaurs 3d,3DS,3.0,2.38,17.75,Role-Playing,Ubisoft Quebec,Ubisoft,2011.0,5.05,13.42,20.95,5.05,5.05,44.0,5.3
comet crash,PS3,3.36,3.29,15.46,Tower Defense,Pelfast,Pelfast,2009.0,7.55,8.5,30.0,11.6,7.55,83.0,7.3
comic jumper: the adventures of captain smiley,X360,3.44,3.37,14.43,Action,Twisted Pixel Games,Unknown,2010.0,5.42,7.7,8.73,7.2,5.42,74.0,6.7
command & conquer 3: tiberium wars,X360,3.6,3.5,37.67,"Real-Time, Strategy",Unknown,Electronic Arts,2007.0,22.3,27.28,36.23,25.25,22.3,83.5,7.75
command & conquer 4: tiberian twilight,PC,2.43,3.02,29.34,"Real-Time, Strategy, Tactical",EA Los Angeles,Electronic Arts,2010.0,8.63,10.15,20.95,9.12,8.63,64.0,2.1
command & conquer remastered collection,PC,3.96,3.45,58.11,"Real-Time, Strategy/Tactical",Petroglyph,Electronic Arts,2020.0,32.2,60.08,86.02,55.27,32.2,82.0,8.7
command & conquer: generals,PC,3.9,3.09,43.57,"Real-Time, Strategy/Tactical",Unknown,Unknown,2003.0,14.47,18.37,25.47,16.77,14.47,84.0,8.4
command & conquer: red alert,BB,3.39,3.5,71.67,"Real-Time, Strategy/Tactical",Westwood Studios,Unknown,1996.0,25.9,29.5,41.2,28.53,25.9,90.0,8.8
command & conquer: red alert 2,PC,4.2,3.13,45.71,"Real-Time, Strategy/Tactical",Westwood Pacific,EA Games,2000.0,14.45,22.53,38.35,19.2,14.45,84.0,8.9
command & conquer: red alert 3,PS3,3.66,3.44,31.41,"Real-Time, Strategy",EA Los Angeles,Electronic Arts,2008.0,20.67,25.15,46.57,24.73,20.67,78.0,7.1000000000000005
command & conquer: red alert 3 - uprising,PC,3.68,3.13,32.79,"Real-Time, Strategy/Tactical",EA Los Angeles,Electronic Arts,2009.0,9.72,17.67,31.75,12.65,9.72,64.0,6.8
command & conquer: renegade,PC,3.52,3.07,24.39,"Action, Strategy/Tactical",Westwood Studios,EA Games,2002.0,9.18,10.68,10.02,9.67,9.18,75.0,7.7
commandos 2: men of courage,PS2,3.37,3.83,28.8,"Real-Time, Strategy/Tactical",Unknown,Unknown,2001.0,21.18,38.03,34.43,27.88,21.18,73.66666666666667,7.699999999999999
commandos 3: destination berlin,PC,3.57,3.76,22.47,Real-Time Tactics,Unknown,Unknown,2003.0,13.53,16.63,15.98,14.4,13.53,72.0,7.5
company of heroes,PC,4.07,3.46,39.47,Real-Time,Relic Entertainment,THQ,2006.0,19.65,29.9,80.67,26.6,19.65,93.0,8.7
company of heroes 2,PC,3.39,3.31,39.9,"Real-Time, Strategy/Tactical",Relic Entertainment,Unknown,2013.0,16.02,26.08,63.02,22.15,16.02,80.0,2.2
company of heroes: opposing fronts,PC,4.01,3.3,28.16,"Real-Time, Strategy/Tactical",Relic Entertainment,THQ,2007.0,13.37,17.17,52.75,18.72,13.37,87.0,8.5
company of heroes: tales of valor,PC,3.71,3.15,26.57,"Real-Time, Strategy/Tactical",Relic Entertainment,Unknown,2009.0,4.97,6.52,36.55,10.68,4.97,70.0,7.1
conan exiles,PS4,3.14,3.36,65.44,"Open World, Survival",Funcom,Funcom,2017.0,46.28,124.27,156.48,105.87,46.28,66.66666666666667,5.7
conarium,PC,3.38,2.2,8.92,"Adventure, First-Person, Survival Horror",Zoetrope Interactive,Iceberg Interactive,2017.0,4.15,5.17,5.72,4.78,4.15,68.66666666666667,5.8
conception ii: children of the seven stars,VITA,3.66,2.78,54.2,"Role-Playing, Turn-Based",Spike Chunsoft,Unknown,2014.0,44.28,54.25,58.98,51.9,44.28,62.0,7.3999999999999995
concrete genie,PS4,3.57,2.14,9.68,"Adventure, Platform, Puzzle, Third-Person",PixelOpus,Sony Interactive Entertainment,2019.0,5.0,6.15,8.22,6.65,5.0,75.0,8.1
condemned 2: bloodshot,PS3,3.59,3.2,13.25,"Action, First-Person, Horror",Monolith Productions,SEGA,2008.0,8.75,11.88,26.42,10.15,8.75,81.0,8.2
condemned: criminal origins,PC,3.69,3.06,10.89,"Action, First-Person, Survival Horror",Monolith Productions,Sega,2005.0,6.92,8.43,12.83,7.63,6.92,79.5,7.949999999999999
conduit 2,WII,3.91,2.91,31.55,First-Person Shooter,High Voltage Software,Sega,2011.0,6.08,9.83,47.6,10.0,6.08,64.0,7.7
confidential mission,ARC,3.45,2.78,3,"Light Gun, Shooter",Hitmaker,Sega,2001.0,0.73,4.0,2.47,1.38,0.73,70.0,8.1
conflict: desert storm,PC,3.17,3.3,22.55,Unknown,Pivotal Games,SCi,2002.0,8.08,8.33,19.73,9.55,8.08,60.666666666666664,8.200000000000001
conflict: vietnam,PS2,3.33,3.74,25.85,"Shooter, Tactical",Pivotal Games,Unknown,2004.0,10.5,10.62,20.95,10.53,10.5,57.666666666666664,7.466666666666667
confrontation,PC,2.38,3.67,11.57,Role-Playing,Cyanide,Focus Home Interactive,2012.0,10.38,16.9,42.63,28.95,10.38,51.0,5.0
conker's bad fur day,N64,4.19,3.36,23.23,"Action, Platform",Rare,Unknown,2001.0,11.3,12.45,12.65,11.85,11.3,92.0,9.0
conker: live & reloaded,XBOX,3.96,3.19,23.82,"Action, Adventure, Platform, Shooter, Third-Person",Rare,Microsoft Studios,2005.0,11.32,11.47,12.38,11.62,11.32,78.0,8.3
conquest: frontier wars,PC,3.98,3.73,48.33,"Real-Time, Strategy",Fever Pitch Studios,Ubisoft Entertainment,2001.0,21.93,13.42,20.95,21.93,21.93,80.0,8.1
contra 4,MOBI,3.5,4.29,8.67,Run And Gun,WayForward Technologies,Konami,2007.0,3.02,5.05,14.0,3.98,3.02,83.0,8.0
contra advance: the alien wars ex,GBA,3.39,4.01,9.49,"Action, Shooter",Konami Corporation,Konami Corporation,2002.0,0.68,1.5,2.37,1.1,0.68,70.0,7.8
contra anniversary collection,PC,3.71,4.08,16,Compilation,Konami Digital Entertainment,Konami Digital Entertainment,2019.0,9.25,9.2,16.48,12.87,9.25,77.5,6.6
contra rebirth,WII,3.76,3.83,6.13,Action,M2,Konami,2009.0,1.33,1.5,3.03,1.48,1.33,76.0,8.4
contra: rogue corps,PC,1.11,3.0,26.4,Action,Konami,Konami,2019.0,16.12,13.75,82.33,28.88,16.12,50.0,4.433333333333334
contra: shattered soldier,PS2,3.97,4.42,17.11,Unknown,KCET,Konami,2002.0,2.02,13.42,5.35,2.62,2.02,78.0,7.4
contract j.a.c.k.,PC,3.04,3.16,10.12,First-Person Shooter,Monolith Productions,VU Games,2003.0,4.68,5.53,20.95,4.92,4.68,56.0,5.9
contrast,PS4,3.11,2.19,6.26,"Platform, Puzzle, Real-Time, Third-Person",Compulsion Games,Focus Home Interactive,2013.0,3.37,3.77,4.27,3.87,3.37,59.0,6.4
control,PS4,3.77,3.3,26.03,"Action, Adventure, Shooter, Third-Person",Remedy Entertainment,505 Games,2019.0,11.78,19.95,30.32,18.82,11.78,83.66666666666667,7.533333333333333
control: ultimate edition,PS4,3.93,3.24,31.9,"Action, Adventure, Shooter, Third-Person",Remedy Entertainment,505 Games,2020.0,12.98,26.1,39.28,26.67,12.98,85.0,8.0
convoy,PC,3.33,3.83,6.57,Strategy,Convoy Games,Indietopia Games,2015.0,6.12,6.47,20.95,6.27,6.12,72.0,5.5
cookie & cream,DS,3.31,3.0,16,"Action, Adventure, Puzzle",Hi Corp,Agetec,2007.0,8.2,13.42,5.43,5.43,8.2,65.0,7.333333333333333
cooking mama 3: shop & chop,DS,3.62,2.43,17.08,"Arcade, Simulation",Cooking Mama,Unknown,2009.0,10.83,10.15,26.58,14.68,10.83,65.0,6.3
cooking mama: cook off,WII,3.32,2.52,14.95,Simulation,Cooking Mama Limited,Unknown,2007.0,3.28,13.42,20.95,3.28,3.28,61.0,5.7
cooking mama: cookstar,NS,3.07,3.0,20,Unknown,1st Playable Productions,Planet Entertainment,2020.0,8.45,20.67,30.43,21.15,8.45,46.0,6.7
cooking mama: sweet shop,3DS,3.74,2.18,15.47,Unknown,Office Create,Rising Star Games,2017.0,9.95,9.85,10.93,10.37,9.95,56.0,5.0
cooking mama: world kitchen,WII,3.14,2.41,15.11,Simulation,Cooking Mama Limited,Majesco,2008.0,4.53,13.42,20.95,4.53,4.53,62.0,4.8
coraline,PS2,3.21,2.1,9.89,"Adventure, Platform, Third-Person",Unknown,Unknown,2009.0,3.23,4.0,4.53,3.68,3.23,42.0,6.099999999999999
cortex command,PC,2.99,3.29,46.22,Action,Data Realms,Data Realms,2012.0,2.8,4.53,13.9,7.5,2.8,44.0,7.3
corvette,GBA,2.61,2.45,15.46,"Arcade, Driving, Racing",Steel Monkeys,Global Star Software,2003.0,6.68,13.0,20.95,7.95,6.68,57.0,6.5
cosmic star heroine,VITA,3.66,2.77,32.75,Role-Playing,Zeboyd Games,Zeboyd Games,2017.0,12.22,16.77,17.72,15.75,12.22,77.0,7.333333333333333
cossacks 3,PC,3.38,3.42,44.47,"Real-Time, Strategy, Top-Down",GSC Game World,GSC Game World,2016.0,34.23,84.02,104.5,62.53,34.23,63.0,6.4
cossacks ii: battle for europe,PC,3.95,4.0,59,Simulation,GSC Game World,GSC World Publishing,2006.0,48.25,13.42,100.0,61.18,48.25,69.0,8.4
cossacks ii: napoleonic wars,PC,3.85,3.32,67.87,"Real-Time, Strategy/Tactical",GSC Game World,CDV Software,2005.0,33.17,53.0,85.0,53.75,33.17,73.0,7.1
cossacks: european wars,PC,3.91,3.77,68.11,"Real-Time, Strategy/Tactical",GSC Game World,Strategy First,2001.0,30.53,43.75,30.0,37.07,30.53,74.0,8.2
cossacks: the art of war,PC,4.14,3.76,74.67,Real-Time,GSC Game World,CDV Software,2002.0,26.0,150.0,20.95,50.8,26.0,74.0,8.4
costume quest,PC,3.59,2.17,9.21,"Adventure, Role-Playing",Double Fine Productions,THQ,2010.0,5.6,6.75,7.8,6.98,5.6,75.5,8.15
costume quest 2,PC,3.52,2.38,9.66,Role-Playing,Double Fine Productions,Unknown,2014.0,6.73,7.97,9.92,8.45,6.73,71.0,7.05
cotton fantasy,PS4,3.95,3.75,3.33,"Action, Shooter, Side",Studio Saizensen,Unknown,2022.0,0.85,3.42,7.47,2.57,0.85,79.0,7.7
counter-strike: condition zero,PC,3.49,3.15,37.88,"Action, Battle Arena, First-Person, Multidirectional, Real-Time, Third-Person",Unknown,Valve Corporation,2004.0,3.85,15.35,222.2,30.97,3.85,65.0,8.7
counterspy,PS4,3.38,3.15,7.66,"Scrolling, Stealth",Dynamighty,Unknown,2014.0,2.93,5.73,8.02,4.15,2.93,67.0,6.7
crackdown,X360,3.68,2.86,22.39,"Action, Sandbox, Shooter, Third-Person",Realtime Worlds,Microsoft Game Studios,2007.0,11.07,17.43,44.95,15.9,11.07,83.0,7.8
crackdown 2,X360,3.52,2.79,21.7,"Action, Sandbox, Shooter, Third-Person",Ruffian Games,Microsoft Game Studios,2010.0,7.6,15.37,29.7,11.33,7.6,70.0,6.0
crackdown 3,PC,2.64,2.33,12.42,"Action, Adventure, Third-Person",Unknown,Microsoft Studios,2019.0,6.92,11.6,23.87,10.67,6.92,57.0,3.5500000000000003
cradle,PC,3.68,2.79,6.63,"Adventure, First-Person",Flying Cafe for Semianimals,Flying Cafe for Semianimals,2015.0,5.45,6.98,12.87,7.2,5.45,65.0,7.5
crash bandicoot 2: n-tranced,GBA,3.54,3.11,16.91,Platform,Vicarious Visions,Unknown,2003.0,4.08,5.97,11.18,5.23,4.08,75.0,7.8
crash bandicoot 3: warped,PS,4.2,3.1,24.14,Platform,Naughty Dog,Universal Interactive Studios,1998.0,5.67,8.05,15.22,8.4,5.67,91.0,9.0
crash bandicoot 4: it's about time,XONE,3.0,4.53,30.86,"Action, Platform",Toys for Bob,Activision,2020.0,10.1,23.03,89.88,22.15,10.1,83.4,7.58
crash bandicoot n. sane trilogy,NS,3.85,3.92,42.05,"Platform, Third-Person",Vicarious Visions,Activision,2017.0,14.93,25.1,48.13,26.28,14.93,78.25,7.975
crash bandicoot purple: ripto's rampage,GBA,2.93,2.85,14.2,Platform,Vicarious Visions,Vivendi Universal Games,2004.0,4.07,6.48,8.1,5.35,4.07,67.0,6.2
crash bandicoot: the huge adventure,GBA,3.5,3.01,13.23,Platform,Vicarious Visions,Unknown,2002.0,2.78,4.08,10.05,4.23,2.78,78.0,7.9
crash bandicoot: the wrath of cortex,GC,3.34,3.11,19.13,Platform,Traveller's Tales,Unknown,2001.0,7.32,9.23,20.13,10.42,7.32,66.0,7.199999999999999
crash bash,PS,3.63,3.41,30.89,Party,Unknown,Universal Interactive Studios,2000.0,6.83,9.27,12.15,8.55,6.83,68.0,8.0
crash boom bang!,DS,2.12,2.02,21.27,Party,Unknown,Unknown,2006.0,3.13,5.17,5.72,4.12,3.13,37.0,4.3
crash commando,PS3,3.34,2.79,8.73,Shooter,EPOS Game Studios,Sony Computer Entertainment,2008.0,1.2,13.42,20.95,1.2,1.2,78.0,8.1
crash nitro kart,GC,3.2,2.96,22.67,"Driving, Racing",Vicarious Visions,Universal Interactive Studios,2003.0,5.6,7.6,10.72,6.83,5.6,68.33333333333333,7.7333333333333325
crash of the titans,GBA,2.53,2.53,19.6,Platform,Unknown,Sierra Entertainment,2007.0,7.07,9.43,11.9,8.5,7.07,69.25,6.6499999999999995
crash tag team racing,XBOX,2.74,2.17,20.29,"Driving, Platform, Racing",Radical Entertainment,Unknown,2005.0,7.67,11.0,11.72,9.47,7.67,67.25,7.425
crash team racing,PS,4.18,3.03,30.64,"Driving, Racing",Naughty Dog,Sony Computer Entertainment,1999.0,5.75,14.82,24.43,11.9,5.75,88.0,9.0
crash twinsanity,XBOX,3.5,3.19,17.83,Platform,Traveller's Tales Oxford Studio,Vivendi Universal Games,2004.0,5.13,6.18,7.4,5.95,5.13,65.0,8.350000000000001
crashday,PC,3.61,2.87,17.67,"Driving, Racing",Unknown,Atari,2006.0,7.63,7.0,8.2,7.63,7.63,63.0,7.6
crashlands,PC,3.6,3.29,46.8,"Action, Role-Playing",Butterscotch Shenanigans,Butterscotch Shenanigans,2016.0,28.13,46.0,72.88,44.93,28.13,78.0,7.5
crashmo,3DS,3.97,3.76,23.14,"Action, Puzzle",Intelligent Systems,Nintendo,2012.0,9.72,23.37,25.92,14.7,9.72,86.0,8.2
crayola treasure adventures,DS,3.29,1.42,6.36,Puzzle,Crave,Crave,2007.0,48.0,13.42,20.95,48.0,48.0,65.0,7.333333333333333
crayon physics deluxe,PC,3.3,2.85,10.45,"Casual, Family Games, Indie, Puzzle",Kloonigames,Kloonigames,2009.0,3.9,5.78,8.17,4.65,3.9,79.0,7.5
crazy machines 2,PC,3.6,3.0,21.14,Puzzle,Fakt Software,Viva Media,2008.0,22.0,50.0,20.95,31.33,22.0,72.0,7.1
crazy taxi,PS3,3.49,2.89,10.42,"Action, Arcade, Driving, Racing",Unknown,Unknown,2000.0,2.43,4.45,7.52,4.53,2.43,67.0,7.5
crazy taxi 2,DC,3.9,3.18,21.46,"Action, Driving, Racing",Hitmaker,Sega,2001.0,3.9,7.0,7.0,4.47,3.9,82.0,8.3
crazy taxi 3: high roller,XBOX,3.76,3.09,20.68,"Action, Driving, Racing",Hitmaker,Sega,2002.0,3.45,7.65,7.4,5.47,3.45,69.0,8.0
crazy taxi: catch a ride,GBA,2.73,3.07,10.55,"Action, Driving, Racing",Graphic State Games,Unknown,2003.0,0.37,13.42,20.95,0.37,0.37,48.0,5.8
crazy taxi: fare wars,PSP,3.54,3.0,19.69,"Driving, Racing",Unknown,Sega,2007.0,1.28,13.42,20.95,1.28,1.28,64.0,7.0
creaks,PC,3.59,3.21,6.67,Adventure,Amanita Design,Amanita Design,2020.0,6.13,6.42,6.57,6.4,6.13,82.5,7.6499999999999995
create,PS3,2.74,2.33,17.6,Sandbox,EA Bright Light,Electronic Arts,2010.0,8.2,12.0,20.95,12.0,8.2,59.25,6.1
creature in the well,PC,3.31,2.91,6.29,Hack And Slash,Flight School Studio,Flight School Studio,2019.0,4.57,5.9,6.53,6.02,4.57,78.33333333333333,6.7
creepy tale,PC,2.96,1.75,2.13,Adventure,Deqaf Studio,Deqaf Studio,2020.0,1.8,1.98,1.98,1.9,1.8,54.0,6.0
crime cities,PC,3.79,3.92,55.25,Unknown,Techland,EON Digital,2000.0,13.9,13.42,17.75,15.82,13.9,71.0,8.0
crime lab: body of evidence,DS,3.88,3.5,27.6,"Action, Adventure",Navarre,Navarre,2010.0,8.2,13.42,15.0,15.0,8.2,53.0,7.333333333333333
criminal girls 2: party favors,VITA,3.89,3.33,51.44,"Role-Playing, Turn-Based",Unknown,NIS America,2016.0,24.08,39.28,33.57,29.78,24.08,67.0,8.1
criminal girls: invite only,VITA,3.71,2.99,54.01,Role-Playing,Unknown,NIS America,2015.0,30.57,43.92,49.0,39.03,30.57,55.0,6.8
crimson alliance,X360,3.43,3.03,9.74,"Action, Role-Playing",Certain Affinity,Microsoft Studios,2011.0,7.75,8.4,16.0,9.18,7.75,72.0,7.2
crimson dragon,XONE,2.73,3.0,18.33,"On-Rails, Shooter",Grounding Inc,Microsoft Studios,2013.0,6.05,7.45,24.17,7.82,6.05,55.0,6.5
crimson gem saga,PSP,3.64,3.1,37.11,Role-Playing,IRONNOS Sofftware,Unknown,2009.0,22.67,41.58,36.52,36.78,22.67,78.0,7.5
crimson sea,XBOX,3.45,3.35,29.06,Unknown,Koei,Koei,2002.0,10.48,13.42,20.95,10.48,10.48,78.0,8.2
crimson sea 2,PS2,3.64,3.44,42.95,"Action, Adventure",Koei,Koei,2002.0,12.03,38.42,20.0,20.62,12.03,75.0,8.1
crimson shroud,3DS,3.76,3.38,17.08,Role-Playing,Unknown,Level-5,2012.0,7.4,9.4,18.52,8.97,7.4,76.0,7.8
crimson skies,ARC,3.8,3.63,9.81,"Arcade, Flight Combat, Real-Time, Third-Person",Zipper Interactive,Microsoft Game Studios,2000.0,10.8,13.5,20.95,11.25,10.8,83.0,7.7
crimson skies: high road to revenge,XBOX,3.98,3.16,19.84,"Action, Arcade",FASA Interactive,Microsoft Game Studios,2003.0,7.8,11.13,30.98,9.83,7.8,88.0,8.8
crimson tears,PS2,3.25,3.34,26.92,Beat Em Up,Unknown,Capcom,2004.0,13.92,14.0,20.95,13.93,13.92,62.0,8.0
crimsonland,PS4,3.65,3.87,11.09,"Action, Adventure, Role-Playing, Shooter",10 Tons Entertainment,10 Tons Entertainment,2003.0,4.2,8.92,20.97,8.97,4.2,65.5,6.675
crisis core: final fantasy vii,PSP,4.21,3.06,44.75,"Action, Role-Playing",Square Enix,Square Enix,2008.0,18.62,31.5,73.83,28.12,18.62,83.0,8.5
crisis core: final fantasy vii reunion,XBSX,3.79,3.67,40.5,"Action, Role-Playing, Third-Person",Square Enix,Square Enix,2022.0,14.45,21.93,47.15,24.33,14.45,80.75,8.0
cross edge,PS3,3.6,3.65,68.42,Tactical Role-Playing,Idea Factory,Unknown,2009.0,49.83,128.5,212.85,113.9,49.83,52.0,6.4
cross of the dutchman,PC,3.89,3.11,7,"Action, Adventure",Triangle Studios,Triangle Studios,2015.0,2.87,3.02,3.5,3.2,2.87,59.0,6.8
cross racing championship 2005,PC,4.14,3.33,18.4,Unknown,Invictus Games,Invictus Games,2005.0,9.0,13.42,8.75,8.87,9.0,77.0,7.0
crossfirex,XBSX,4.08,3.2,16.8,"First-Person, Shooter",Smilegate,Unknown,2022.0,4.6,8.87,18.4,11.03,4.6,38.0,3.3
crossing souls,PC,3.74,2.72,11.45,"Action, Adventure, Top-Down",Fourattic,Devolver Digital,2018.0,8.97,9.0,10.52,9.22,8.97,70.66666666666667,6.7
crosswords,DS,3.7,2.81,46.67,Puzzle,Unknown,Unknown,2008.0,8.2,17.2,20.95,17.2,8.2,67.0,7.3
crown trick,PC,3.31,3.4,22.4,Roguelike,NEXT Studios,Team17 Digital,2020.0,15.88,29.38,30.78,20.5,15.88,81.5,7.7
cruis'n velocity,GBA,2.87,4.0,11.73,"Driving, Racing",Graphic State Games,Midway Games,2001.0,2.4,13.42,20.95,2.4,2.4,53.0,6.8
crusader kings,PC,3.51,3.67,46.05,Strategy,Paradox Interactive,Paradox Interactive,2004.0,9.37,69.48,20.95,29.4,9.37,73.0,7.4
crusader kings iii,PC,4.08,3.37,76.95,Strategy/Tactical,Paradox Development Studio,Paradox Interactive,2020.0,73.62,177.4,773.07,188.92,73.62,86.33333333333333,7.1000000000000005
crush,PSP,3.77,3.85,13,Puzzle,Zo,Sega,2007.0,6.77,10.6,9.5,8.15,6.77,83.0,8.2
crusty demons,PS2,2.47,3.5,4.3,"Driving, Racing",Unknown,Deep Silver,2006.0,23.0,30.0,37.0,30.0,23.0,51.0,6.0
crying suns,PC,3.7,3.17,13.58,"Strategy, Tactical",Alt Shift,Humble Bundle,2019.0,14.9,22.55,86.37,19.5,14.9,75.0,7.6
crypt of the necrodancer,PS4,3.78,4.44,48.64,"Music/Rhythm, Roguelike",Brace Yourself Games,Unknown,2014.0,13.95,31.1,507.7,31.1,13.95,86.0,7.199999999999999
crysis,X360,3.61,3.36,13.22,"First-Person, Shooter",Crytek Frankfurt,Electronic Arts,2007.0,9.48,11.62,12.32,10.45,9.48,84.33333333333333,7.666666666666667
crysis 2,PC,3.53,3.02,16.23,"First-Person, Shooter",Unknown,Electronic Arts,2011.0,9.1,11.98,14.98,10.27,9.1,85.0,7.300000000000001
crysis 3,PC,3.31,2.89,14.11,"Action, First-Person, Shooter",Unknown,Electronic Arts,2013.0,6.78,8.48,13.0,7.75,6.78,76.33333333333333,6.766666666666667
crysis warhead,PC,3.88,3.02,12.64,"First-Person, Shooter",Crytek Budapest,Electronic Arts,2008.0,5.12,6.12,7.0,5.62,5.12,84.0,7.9
crystal crisis,NS,3.32,3.22,8.4,Puzzle,Nicalis,Nicalis,2019.0,2.62,13.42,11.25,4.07,2.62,79.0,7.5
crystal quest,GB,2.65,3.65,8.56,Unknown,Unknown,Stainless Games,1987.0,1.0,13.42,20.95,1.0,1.0,64.0,7.6
crystar,NS,3.97,3.43,57,Role-Playing,FuRyu,Spike Chunsoft,2019.0,23.32,34.35,51.03,35.18,23.32,66.5,8.7
csi: crime scene investigation,PC,3.16,2.73,12.67,Adventure,Unknown,Ubisoft,2003.0,4.53,3.75,5.35,4.48,4.53,53.0,7.05
csi: miami,PC,3.67,2.86,12.67,Adventure,Unknown,Unknown,2004.0,6.0,13.42,6.35,6.17,6.0,54.0,6.7
ct special forces,PS,3.15,3.12,12.93,Action,Light and Shadow Productions,Hip Interactive,2001.0,2.42,3.5,6.0,2.97,2.42,71.0,7.333333333333333
ct special forces 2: back in the trenches,GBA,3.91,3.11,18.27,Unknown,Light and Shadow Productions,Hip Interactive,2004.0,1.8,13.42,4.87,3.03,1.8,76.0,8.5
cube tactics,3DS,3.53,2.71,14.67,Strategy/Tactical,Fun Unit,Teyon,2014.0,3.68,13.42,20.95,3.68,3.68,62.0,7.333333333333333
cubemen 2,WIIU,3.67,2.69,68,Strategy,Three Sprockets,Three Sprockets,2013.0,4.65,7.33,20.95,5.55,4.65,63.0,7.5
cubic ninja,3DS,2.91,3.34,15.36,Platform,Ubisoft,Ubisoft,2011.0,3.85,13.42,20.95,3.85,3.85,51.0,5.9
cubivore: survival of the fittest,GC,3.83,3.28,22.94,"Action, Adventure",Unknown,Unknown,2002.0,8.6,12.0,15.9,9.38,8.6,71.0,8.1
cuboid,PS3,3.57,3.42,15.56,Puzzle,Creat Studios,TikGames & Creat Studios,2009.0,5.83,6.5,9.88,8.17,5.83,79.0,7.6
culdcept revolt,3DS,4.11,3.49,78.77,"Board Game, Card Game",Unknown,NIS America,2017.0,21.0,79.38,20.95,72.9,21.0,74.0,7.6
culdcept saga,X360,3.79,3.62,55,"Card Game, Strategy",Unknown,Namco Bandai Games,2008.0,8.2,47.62,20.95,47.62,8.2,75.0,8.5
culpa innata,PC,3.14,2.63,43.67,Adventure,Momentum DMT,Strategy First,2007.0,21.5,26.0,24.68,22.9,21.5,66.0,7.7
cult of the lamb,PS5,3.79,3.47,24.13,"Action, Roguelike",Massive Monster,Devolver Digital,2022.0,14.82,20.48,31.0,20.77,14.82,82.33333333333333,6.466666666666666
cultist simulator,PC,3.24,4.25,35.73,"Role-Playing, Simulation",Weather Factory,Weather Factory,2018.0,19.02,40.77,124.32,37.57,19.02,71.0,6.9
cultures 2: the gates of asgard,PC,3.87,3.5,32.33,Strategy,Unknown,Unknown,2002.0,13.67,13.42,20.95,13.67,13.67,72.0,7.6
curious george,GBA,3.29,1.61,7,"Action, Adventure",Monkey Bar Games,Unknown,2006.0,3.85,4.92,5.0,4.07,3.85,55.0,7.7
curse of the dead gods,PS4,2.97,3.64,15.38,Unknown,Passtech Games,Focus Home Interactive,2020.0,21.13,40.82,101.58,34.0,21.13,78.33333333333333,7.366666666666666
curse: the eye of isis,PC,3.0,2.86,10.67,Survival Horror,Asylum Entertainment,Unknown,2003.0,6.83,8.75,11.62,7.98,6.83,61.0,7.1499999999999995
cursed mountain,WII,3.48,3.18,13.8,"Adventure, Survival Horror",Unknown,Deep Silver,2009.0,8.45,9.32,8.22,8.6,8.45,67.0,7.5
custom robo arena,DS,3.99,3.16,33.11,Action Rpg,Noise,Nintendo,2007.0,18.7,23.0,46.5,22.98,18.7,74.0,8.3
cy girls,PS2,3.0,3.43,19.08,"Shooter, Third-Person",Konami,Konami,2004.0,10.63,9.0,20.95,10.22,10.63,53.0,7.0
cyber shadow,PS5,3.21,4.2,9.6,"Action, Platform, Side","Aarne ""MekaSkull"" Hunziker",Yacht Club Games,2021.0,8.8,10.42,14.15,9.88,8.8,80.0,7.16
cyberdimension neptunia: 4 goddesses online,PC,3.67,2.39,33.26,"Action, Role-Playing",Idea Factory International,Idea Factory International,2017.0,13.9,20.43,27.37,21.22,13.9,71.0,6.9
cyberpunk 2077,PS4,2.95,2.86,67.69,"Action, First-Person, Role-Playing, Shooter",CD Projekt RED,CD Projekt,2020.0,26.78,65.52,112.6,69.27,26.78,69.75,5.7250000000000005
d2,DC,4.01,3.03,22.18,"Action, Puzzle, Survival Horror",WARP,Sega,2000.0,9.45,11.0,10.02,9.8,9.45,69.0,8.0
d4: dark dreams don't die,XONE,3.3,2.63,10.47,"Action, Adventure",Access Games,Microsoft Studios,2014.0,4.6,6.97,17.27,6.7,4.6,71.5,7.1
daemon x machina,PC,3.75,2.9,54.96,Action,First Studio,Marvelous Entertainment,2019.0,15.53,22.73,52.95,20.87,15.53,70.5,7.25
daemonica,PC,3.5,3.63,11,"Action, Adventure, Role-Playing",Unknown,Unknown,2005.0,7.0,7.5,20.95,7.17,7.0,65.0,7.7
dakar 18,PC,3.5,3.08,18.5,"Driving, Racing",Bigmoon Entertainment,Unknown,2018.0,13.32,53.15,29.83,27.7,13.32,55.333333333333336,6.1
damascus gear: operation tokyo,VITA,3.23,2.96,36.91,Unknown,Arc System Works,Arc System Works,2017.0,13.77,14.08,41.0,21.63,13.77,59.0,6.7
damnation,X360,1.93,2.48,9,"Shooter, Third-Person",Blue Omega Entertainment,Codemasters,2009.0,8.23,9.12,20.95,8.52,8.23,37.666666666666664,4.199999999999999
dance central,X360,3.86,3.18,26.68,"Exercise, Music, Rhythm",Harmonix Music Systems,MTV Games,2010.0,8.12,13.5,20.95,9.1,8.12,82.0,8.0
dance central 2,X360,3.97,3.17,37.78,"Exercise, Music, Rhythm",Harmonix Music Systems,Harmonix Music Systems,2011.0,8.87,20.8,20.95,10.57,8.87,86.0,8.2
dance central 3,X360,3.93,3.3,54.37,Music/Rhythm,Unknown,Harmonix Music Systems,2012.0,9.25,13.42,20.95,9.25,9.25,86.0,7.8
dance dance revolution disney mix,PS,3.54,2.71,25.12,Music/Rhythm,Konami,Konami,2001.0,2.0,13.42,20.95,2.0,2.0,74.0,8.2
dance dance revolution extreme,PS2,3.86,3.02,35.39,"Exercise, Music",Konami,Konami,2004.0,13.67,14.0,20.95,13.8,13.67,77.0,8.5
dance dance revolution extreme 2,PS2,3.92,3.16,43.9,"Exercise, Music",Konami,Konami,2005.0,5.5,8.0,20.95,6.75,5.5,76.0,8.8
dance dance revolution konamix,PS,3.9,3.17,29.71,"Exercise, Music",Konami,Konami Computer Entertainment Tokyo,2002.0,6.0,13.42,125.67,85.77,6.0,84.0,8.7
dance dance revolution ultramix,XBOX,3.61,3.08,65.83,"Exercise, Music",Konami,Konami,2003.0,8.2,13.42,50.0,50.0,8.2,82.0,8.0
dance dance revolution ultramix 2,XBOX,3.79,3.05,60.18,"Exercise, Music",Konami Digital Entertainment,Konami Digital Entertainment,2004.0,8.2,13.42,40.0,40.0,8.2,78.0,7.1
dance dance revolution ultramix 3,XBOX,3.76,3.06,53.11,"Exercise, Music",Konami,Konami,2005.0,8.2,9.0,20.95,9.0,8.2,75.0,8.6
dance dance revolution universe,X360,3.51,3.23,30.79,Music,Konami,Konami,2007.0,8.2,8.0,20.95,8.0,8.2,74.0,8.0
dance dance revolution universe 2,X360,3.59,3.0,23.38,"Exercise, Music",Konami Digital Entertainment,Konami Digital Entertainment,2007.0,8.0,13.42,20.95,8.0,8.0,65.0,7.4
dandara,PC,3.81,3.75,9.68,"Action, Platform, Side",Long Hat House,Raw Fury,2018.0,6.95,9.38,13.58,9.1,6.95,71.5,7.650000000000001
danganronpa 2: goodbye despair,LNX,4.11,3.14,38.77,"Adventure, First-Person, Multidirectional, Scrolling, Shooter, Side, Third-Person, Visual Novel",Unknown,Unknown,2014.0,34.13,42.93,62.23,40.42,34.13,81.0,8.8
danganronpa another episode: ultra despair girls,PC,3.75,2.71,22.84,"Adventure, Horror, Shooter, Survival, Third-Person",Spike Chunsoft,Unknown,2015.0,16.62,19.63,26.17,19.08,16.62,69.5,7.55
danganronpa s: ultimate summer camp,NS,3.46,2.53,77.14,"Board Game, Role-Playing, Turn-Based, Visual Novel",Spike Chunsoft,Spike Chunsoft,2021.0,23.22,19.6,83.0,43.63,23.22,54.0,5.8
danganronpa v3: killing harmony,PC,3.79,2.72,46.78,"Adventure, Visual Novel",Spike Chunsoft,Unknown,2017.0,39.75,53.0,99.88,48.33,39.75,80.5,7.25
danganronpa: trigger happy havoc,LNX,3.82,3.0,27.33,"Adventure, First-Person, Point-And-Click, Visual Novel",Spike Chunsoft,Unknown,2014.0,25.42,32.12,46.4,30.38,25.42,81.0,8.649999999999999
danger girl,PS,3.18,3.41,16.84,"Action, Adventure, Third-Person",n-Space,THQ,2000.0,6.35,13.42,7.77,6.63,6.35,43.0,5.7
danmaku unlimited 3,NS,4.09,4.05,17.5,"Scrolling, Shooter",Doragon Entertainment,Doragon Entertainment,2017.0,2.08,5.67,20.95,2.37,2.08,84.0,8.1
daredevil,GBA,2.78,3.33,7.82,Action,Griptonite Games,Encore,2003.0,1.8,13.42,20.95,1.8,1.8,50.0,7.4
dark arena,GBA,2.53,3.52,7.29,"First-Person, Shooter",Graphic State Games,Unknown,2002.0,2.62,2.12,20.95,2.5,2.62,65.0,7.8
dark cloud,PS2,3.88,3.18,52.47,"Action, Real-Time, Role-Playing, Third-Person",Level-5,Sony Computer Entertainment,2001.0,31.27,40.57,48.9,38.15,31.27,80.0,8.0
dark cloud 2,PS2,4.17,3.15,65.76,"Action, Real-Time, Role-Playing, Third-Person",Level-5,Sony Computer Entertainment,2003.0,50.73,71.93,151.22,76.92,50.73,87.0,8.5
dark deity,PC,3.29,2.94,30.38,Role-Playing,Sword & Axe,Freedom Games,2021.0,22.15,32.7,40.23,28.12,22.15,76.5,7.0
dark fall: the journal,PC,3.42,3.92,11.36,"Adventure, First-Person",XXv Productions,XXv Productions,2002.0,5.07,8.7,8.63,6.65,5.07,68.0,6.8
dark messiah of might and magic,PC,3.81,3.1,18.78,"Action, First-Person, Role-Playing",Unknown,Ubisoft,2006.0,10.53,13.13,17.53,12.38,10.53,72.0,8.7
dark reign 2,PC,3.47,3.33,22.4,"Real-Time, Strategy",Pandemic Studios,Activision,2000.0,15.5,13.42,20.95,15.5,15.5,77.0,6.9
dark rose valkyrie,PS4,3.36,3.04,58.96,Role-Playing,Compile Heart,Idea Factory,2017.0,34.73,74.5,20.95,59.58,34.73,58.0,5.9
dark sector,PC,3.08,3.17,10.55,"Action, Shooter, Third-Person",Unknown,Unknown,2008.0,8.02,9.48,12.3,8.95,8.02,70.0,7.066666666666666
dark souls,X360,4.35,4.3,70.45,"Action, Role-Playing, Third-Person",FromSoftware,Unknown,2011.0,42.33,60.52,110.35,61.67,42.33,89.0,8.8
dark souls ii,PC,4.06,4.08,67.13,"Action, Adventure, Open World, Real-Time, Role-Playing, Third-Person",From Software,Unknown,2014.0,44.08,64.27,128.83,67.53,44.08,91.0,7.7666666666666675
dark souls ii: scholar of the first sin,PC,3.96,3.93,67.2,"Action, Role-Playing",FromSoftware,Unknown,2015.0,36.13,63.22,109.18,64.27,36.13,85.0,7.666666666666667
dark souls iii,XONE,4.3,4.36,67.49,"Action, Role-Playing",From Software,Unknown,2016.0,32.18,50.63,106.75,55.35,32.18,88.33333333333333,8.899999999999999
dark souls: prepare to die edition,PC,4.33,4.13,65.86,"Action, Adventure, Role-Playing, Third-Person",From Software,Namco Bandai Games,2012.0,46.68,65.23,112.12,68.82,46.68,85.0,7.8
dark summit,GC,3.23,3.74,18.63,Sports,Ritual Entertainment,THQ,2001.0,5.17,5.02,5.22,5.17,5.17,68.66666666666667,4.5
dark train,PC,4.08,3.17,6.67,Adventure,Paperash Studio,Paperash Studio,2016.0,8.83,7.57,20.95,8.1,8.83,77.0,7.333333333333333
dark void,PC,2.68,2.93,15.2,"Shooter, Third-Person",Airtight Games,Capcom,2010.0,7.07,9.97,23.62,8.28,7.07,58.333333333333336,5.566666666666666
dark void zero,PC,3.73,3.76,4.46,Action/Platform,Other Ocean Interactive,Capcom,2010.0,2.3,2.87,5.35,2.88,2.3,84.0,7.2
darkened skye,GC,3.08,3.8,61.57,"Action, Adventure, Shooter, Third-Person",Boston Animation,Unknown,2002.0,17.58,13.42,20.95,17.58,17.58,63.0,6.9
darkest of days,X360,2.6,3.0,24.86,First-Person Shooter,8monkey Labs,Unknown,2009.0,6.57,7.3,8.17,6.92,6.57,47.5,5.5
darkestville castle,PC,3.75,3.0,16,"Adventure, Point-And-Click",Epic LLama,Buka Entertainment,2017.0,4.95,7.43,6.7,6.18,4.95,69.5,7.333333333333333
darkness within: in pursuit of loath nolder,PC,3.48,3.42,10,Adventure,Zoetrope Interactive,Unknown,2007.0,8.02,8.9,11.42,9.07,8.02,52.0,7.0
darksiders,PC,3.7,3.03,23.84,"Action, Adventure, Hack And Slash, Third-Person",Unknown,Unknown,2010.0,17.12,20.8,28.68,20.53,17.12,82.66666666666667,7.933333333333334
darksiders ii,PC,3.86,3.06,36.55,"Action, Adventure, Hack And Slash, Role-Playing, Third-Person",Vigil Games,THQ,2012.0,22.07,29.7,46.42,28.17,22.07,83.25,7.925
darksiders ii: deathinitive edition,PS4,3.76,3.02,36.93,"Action, Adventure, Hack And Slash, Platform, Puzzle, Role-Playing, Third-Person",Unknown,Nordic Games,2015.0,19.7,30.25,54.43,29.63,19.7,74.66666666666667,8.066666666666666
darksiders iii,PS4,3.38,3.56,26.24,"Action, Adventure, Hack And Slash, Platform, Puzzle, Third-Person",Gunfire Games,THQ Nordic,2018.0,14.38,19.45,33.57,19.08,14.38,65.25,7.25
darkspore,PC,3.19,3.06,50.15,"Action, Role-Playing",Maxis Software,Electronic Arts,2011.0,17.92,49.62,20.95,28.48,17.92,65.0,6.0
darkstalkers chronicle: the chaos tower,PSP,3.82,3.18,14.91,Fighting,Capcom Production Studio 5,Capcom,2005.0,1.35,17.55,20.95,4.2,1.35,74.0,7.9
darkstalkers resurrection,X360,3.93,3.0,7.5,Fighting,Iron Galaxy Studios,Capcom,2013.0,1.67,4.0,20.95,1.87,1.67,81.0,7.0
darkstar one,PC,3.4,2.92,46.2,Space Combat Sim,Ascaron Entertainment ltd.,CDV Software,2006.0,22.2,29.22,24.23,27.03,22.2,71.0,7.1
darkstone,PS,3.31,3.25,35.71,Action Rpg,Delphine Software International,Unknown,1999.0,15.97,16.43,22.67,16.95,15.97,58.0,7.6
darkwatch,PS2,3.63,3.13,15.7,"First-Person, Shooter",High Moon Studios,Unknown,2005.0,6.0,8.23,11.0,6.45,6.0,74.5,8.15
darkwood,PS4,3.77,4.14,30,"Horror, Role-Playing, Survival, Top-Down",Acid Wizard Studio,Acid Wizard Studio,2017.0,18.9,27.95,41.72,26.2,18.9,78.5,7.75
darq,PC,3.6,3.0,2.8,Adventure,Unfold Games,Unfold Games,2019.0,2.17,3.53,4.95,3.03,2.17,70.0,7.8
darwinia,PC,3.52,3.21,15,"Real-Time, Strategy, Tactical",Introversion Software,Introversion Software,2005.0,10.23,15.12,23.15,13.12,10.23,84.0,7.8
dash of destruction,X360,2.6,1.65,2.93,"Driving, Racing",NinjaBee,Microsoft Game Studios,2008.0,0.95,0.98,0.98,0.98,0.95,53.0,6.1
datura,PS3,2.65,1.98,3.23,Adventure,Unknown,Sony Computer Entertainment America,2012.0,1.73,1.58,2.03,1.82,1.73,57.0,5.6
dauntless,NS,3.2,3.0,75,"Action, Role-Playing, Third-Person",Phoenix Labs,Phoenix Labs,2019.0,59.0,96.52,90.67,73.42,59.0,78.25,4.7
dave mirra freestyle bmx,DC,3.33,2.64,19.47,Sports,Z-Axis Ltd.,Acclaim,2000.0,7.17,17.0,10.5,12.27,7.17,76.0,7.266666666666667
dave mirra freestyle bmx 2,GBA,2.89,3.31,19.96,Sports,Unknown,Acclaim Max Sports,2001.0,8.43,17.1,30.0,14.33,8.43,80.0,7.975
david beckham soccer,GBA,1.93,2.89,17.6,Sports,Rage Software Limited,Rage Software Limited,2001.0,2.17,13.42,3.35,2.47,2.17,34.0,4.2
dawn of fear,PS4,2.36,3.33,8,"Action, Horror",Gammera Nest,Brok3nsite,2020.0,2.85,13.42,3.4,2.9,2.85,33.0,3.9
dawn of man,PC,2.75,2.86,14.4,"Simulation, Strategy",Madruga Works,Madruga Works,2019.0,19.23,25.25,200.42,48.22,19.23,74.0,7.4
dawn of mana,PS2,3.14,3.06,29.02,"Action, Adventure",Square Enix,Square Enix,2007.0,15.8,14.8,20.95,15.42,15.8,57.0,7.2
daxter,PSP,3.78,2.9,18.24,Platform,Ready at Dawn,SCEA,2006.0,7.8,8.55,12.23,8.82,7.8,85.0,8.3
day of defeat,PC,3.64,3.33,50.28,"First-Person, Shooter",Valve Software,Activision,2000.0,8.2,13.42,20.95,11.25,8.2,79.0,9.0
day of defeat: source,PC,3.69,3.37,45.94,"First-Person, Shooter",Valve Corporation,Valve Corporation,2005.0,8.2,13.42,20.95,11.25,8.2,80.0,9.0
day of infamy,PC,3.71,3.63,29.64,"First-Person, Shooter",New World Interactive,New World Interactive,2016.0,8.2,13.42,20.95,11.25,8.2,77.0,7.9
daylight,PC,2.16,1.67,6,"First-Person, Survival Horror",Zombie Studios,Atlus USA,2014.0,2.17,3.67,5.75,2.5,2.17,49.5,4.449999999999999
daymare: 1998,PC,2.8,3.44,11.14,"Horror, Survival, Third-Person",Invader Studios,Unknown,2019.0,10.22,10.87,15.45,10.9,10.22,61.0,7.033333333333334
days gone,PC,3.72,3.0,54.74,"Action, Adventure, Open World, Shooter, Third-Person",SIE Bend Studio,Sony Interactive Entertainment,2019.0,36.03,51.23,67.87,52.18,36.03,73.5,8.65
daytona usa,SAT,3.63,3.21,11.69,"Driving, Racing",Sega AM2,Sega,1994.0,1.42,2.17,2.0,1.77,1.42,78.0,7.800000000000001
dc super hero girls: teen power,NS,3.43,3.09,27.33,"Action, Adventure",Unknown,Nintendo,2021.0,5.55,17.47,20.95,13.48,5.55,66.0,6.7
dc universe online,NS,3.21,2.43,56.5,"Massively Multiplayer, Role-Playing",Sony Online Entertainment,Unknown,2011.0,92.53,123.83,309.9,137.88,92.53,69.5,7.0
de blob,WII,3.77,2.7,18.83,"Platform, Puzzle",Unknown,THQ,2008.0,8.0,11.92,21.32,11.63,8.0,77.0,7.75
de blob 2,DS,3.64,2.19,13.3,"Platform, Puzzle",Blue Tongue Entertainment,Unknown,2011.0,10.88,17.98,24.73,16.68,10.88,74.83333333333333,7.3500000000000005
de mambo,NS,4.17,4.33,9.67,Action,The Dangerous Kitchen,Unknown,2017.0,3.0,13.42,20.95,3.0,3.0,69.0,6.7
dead by daylight,PC,3.44,3.81,62.94,"First-Person, Stealth, Survival, Third-Person",Behaviour Digital,Starbreeze Studios,2016.0,8.2,13.42,20.95,11.25,8.2,63.5,4.6000000000000005
dead cells,PC,3.92,4.01,35.93,"Action, Platform",Motion Twin,Motion Twin,2018.0,15.07,34.73,90.17,25.45,15.07,89.0,8.075
dead effect,PC,3.55,3.59,12.21,"First-Person, Shooter",Dykast Lubomir,Dykast Lubomir,2014.0,3.77,6.67,13.97,5.77,3.77,59.0,6.099999999999999
dead effect 2,PC,3.45,3.63,12.8,"Action, Role-Playing",BadFly Interactive,BadFly Interactive,2016.0,8.03,16.32,75.2,20.43,8.03,56.0,6.4
dead head fred,PSP,3.68,3.14,18.11,"Action Adventure, Platformer",Vicious Cycle Software,Unknown,2007.0,8.67,11.0,20.95,9.25,8.67,75.0,7.5
dead in vinland,PC,3.38,3.7,45.33,"Adventure, Strategy",Cccp,Unknown,2018.0,36.97,51.2,79.13,50.52,36.97,74.0,7.3
dead island,PC,3.44,3.08,33,"First-Person, Open World, Role-Playing, Shooter",Techland,Deep Silver,2011.0,18.65,28.85,51.4,27.82,18.65,74.0,6.833333333333333
dead island: riptide,PC,3.21,2.97,27.93,"Action, Role-Playing",Techland,Deep Silver,2013.0,12.18,21.73,35.23,19.9,12.18,60.0,6.133333333333333
dead man's hand,PC,2.84,2.87,13.4,"First-Person, Shooter",Human Head Studios,Atari,2004.0,5.48,7.38,13.87,8.22,5.48,62.5,6.5
dead nation,VITA,3.49,3.75,13.93,"Multidirectional, Shooter, Top-Down",Housemarque,Sony Computer Entertainment,2010.0,5.8,9.72,21.42,7.63,5.8,72.5,7.4
dead or alive,ARC,3.44,3.29,15.83,Fighting,Team Ninja,Tecmo,1998.0,0.9,9.18,17.37,3.7,0.9,84.0,8.3
dead or alive 3,XBOX,4.0,3.19,21.78,Fighting,Team Ninja,Tecmo,2001.0,2.57,5.0,29.5,6.87,2.57,87.0,8.6
dead or alive 4,X360,3.77,3.75,26.59,Fighting,Team Ninja,Tecmo,2005.0,3.95,11.33,130.88,18.5,3.95,85.0,8.1
dead or alive 5,PS3,3.9,3.39,25.5,Fighting,Team Ninja,Tecmo Koei,2012.0,3.78,15.5,45.17,7.18,3.78,75.0,7.85
dead or alive 5 last round,PC,3.72,3.1,30.53,Fighting,Koei Tecmo,Team Ninja,2015.0,3.7,10.73,56.0,9.93,3.7,70.66666666666667,7.233333333333333
dead or alive 5 plus,VITA,4.01,3.28,30.32,Fighting,Team Ninja,Tecmo Koei,2013.0,4.22,9.52,20.95,5.27,4.22,80.0,7.9
dead or alive 5 ultimate,ARC,4.0,3.14,53.75,Fighting,Team Ninja,Tecmo Koei,2013.0,4.32,21.32,65.58,19.4,4.32,76.0,7.7
dead or alive 6,XONE,3.34,2.86,21.72,Fighting,Koei Tecmo Games,Koei Tecmo Games,2019.0,3.18,12.0,102.72,13.62,3.18,73.66666666666667,8.366666666666667
dead or alive paradise,PSP,3.21,2.57,28.82,"Minigames, Sport",Unknown,Tecmo Koei,2010.0,19.15,43.57,20.95,26.48,19.15,38.0,5.9
dead or alive ultimate,XBOX,4.11,3.31,30.99,"Fighting, Side",Team Ninja,Tecmo,2004.0,3.75,5.07,78.12,14.45,3.75,83.0,8.8
dead or alive xtreme 2,X360,3.45,2.97,44.09,Sports,Team Ninja,Tecmo,2006.0,1.45,13.42,20.95,1.45,1.45,53.0,7.0
dead or alive xtreme 3: fortune,PS4,3.98,2.67,66.99,Sports,Team Ninja,Koei Tecmo,2016.0,4.1,18.38,67.4,20.62,4.1,43.0,7.5
dead reefs,PC,3.59,3.63,8,Adventure,Streko-Graphics,The Adventure Company,2007.0,6.38,13.42,20.95,6.38,6.38,51.0,6.6
dead rising 2,PC,3.62,3.17,26.9,"Action, Adventure, Third-Person",Unknown,Capcom,2010.0,14.72,18.57,50.17,19.55,14.72,79.0,6.8
dead rising 2: case west,X360,3.81,3.01,9.15,Unknown,Unknown,Capcom,2010.0,2.63,3.18,6.0,3.2,2.63,74.0,6.8
dead rising 2: case zero,X360,3.74,2.92,7.04,"Action, Adventure, Third-Person",Unknown,Capcom,2010.0,2.5,3.48,4.87,3.7,2.5,79.0,7.7
dead rising 2: off the record,PS4,3.73,3.3,31.78,"Action, Adventure",Unknown,Capcom,2011.0,12.97,20.3,39.25,19.82,12.97,70.0,6.8
dead rising 3,XONE,3.91,2.89,32.04,Beat Em Up,Capcom Vancouver,Microsoft Studios,2013.0,13.9,22.87,45.07,21.03,13.9,78.0,6.9
dead rising 4,PC,3.03,2.34,28.55,"Action, Adventure, Survival, Third-Person",Capcom Game Studio Vancouver,Microsoft Studios,2016.0,9.98,19.32,35.0,15.27,9.98,73.0,4.449999999999999
dead rising 4: frank's big package,PS4,3.54,2.74,42.58,Unknown,Capcom,Capcom,2017.0,8.48,17.27,20.95,12.0,8.48,72.0,5.2
dead rising: chop till you drop,WII,3.66,2.98,24.79,"Action, Adventure",Unknown,Capcom,2009.0,8.85,7.95,20.95,8.58,8.85,61.0,6.5
dead space 2,PC,4.03,3.15,18.33,"Horror, Shooter, Survival, Third-Person",Visceral Games,Electronic Arts,2011.0,9.17,11.78,17.65,10.5,9.17,88.66666666666667,8.566666666666666
dead space 3,PC,3.35,3.02,19.18,"Shooter, Third-Person",Visceral Games,Electronic Arts,2013.0,12.85,16.68,25.45,15.48,12.85,77.33333333333333,6.4
dead space: extraction,PS3,3.34,3.03,14.21,"On-Rails, Shooter",Unknown,Electronic Arts,2009.0,5.83,7.35,13.62,6.65,5.83,80.5,7.300000000000001
dead state,PC,3.38,3.09,44.56,"Role-Playing, Strategy/Tactical",DoubleBear Productions,DoubleBear Productions,2014.0,40.48,93.98,130.57,98.9,40.48,70.0,6.4
dead synchronicity: tomorrow comes today,PC,3.67,2.77,8.85,"Adventure, Point-And-Click",Fictiorama Studios,Daedalic Entertainment,2015.0,5.57,7.45,6.32,6.25,5.57,69.5,6.95
dead to rights,GBA,2.25,3.06,18.77,"Action, Shooter, Third-Person",Namco,Namco,2002.0,8.62,10.22,14.37,9.38,8.62,72.5,7.375
dead to rights ii,PC,3.0,3.82,16,Action,Widescreen Games,Namco,2004.0,6.22,10.0,15.0,7.4,6.22,52.5,6.25
dead to rights: reckoning,PSP,3.21,3.02,8.43,Action,Rebellion Developments,Namco,2005.0,1.88,2.22,4.95,2.18,1.88,54.0,7.2
dead to rights: retribution,X360,3.34,3.12,14.32,"Action, Shooter, Third-Person",Volatile Games,Namco Bandai Games,2010.0,7.93,10.35,16.37,8.83,7.93,60.5,6.449999999999999
deadcore,PC,3.23,4.08,8.47,"Action, First-Person, Puzzle",5 Bits Games,Bandai Namco Games,2014.0,4.2,6.1,12.73,5.47,4.2,78.0,6.6
deadfall adventures,PC,3.18,2.79,15.33,"Action, Adventure, First-Person, Shooter",The Farm 51,Nordic Games,2013.0,8.08,12.18,13.52,9.95,8.08,48.0,7.300000000000001
deadliest warrior: legends,PS3,3.21,2.92,4.13,Fighting,Pipeworks Software,Unknown,2011.0,0.47,1.25,20.95,0.85,0.47,56.0,5.6
deadliest warrior: the game,PS3,3.15,2.56,6.15,Fighting,Pipeworks Software,Spike Games,2010.0,0.63,1.5,10.5,2.58,0.63,56.0,7.7
deadlight,X360,3.33,2.9,5.79,"Horror, Survival",Tequila Works,Microsoft Studios,2012.0,4.1,5.53,8.47,5.02,4.1,73.0,7.550000000000001
deadly creatures,WII,3.7,2.96,14.91,Action,Rainbow Studios,THQ,2009.0,6.15,8.52,18.6,7.22,6.15,72.0,8.5
deadly dozen,PC,3.41,3.7,14.22,"Shooter, Tactical",nFusion Interactive,Infogrames,2001.0,6.25,7.92,9.58,7.92,6.25,56.0,6.9
deadly dozen: pacific theater,PC,4.05,3.78,18.86,"Shooter, Tactical",nFusion Interactive,Infogrames,2002.0,4.22,8.33,20.95,5.25,4.22,79.0,7.3
deadly premonition,X360,4.02,2.99,23.96,"Horror, Open World, Survival, Third-Person",Unknown,Unknown,2010.0,18.67,24.05,36.08,24.95,18.67,68.0,8.3
deadly premonition 2: a blessing in disguise,NS,3.35,2.25,29.79,"Action, Adventure, Horror, Open World, Survival, Third-Person",Unknown,Rising Star Games,2020.0,19.72,30.98,35.9,25.72,19.72,56.0,5.5
deadpool,PC,3.5,2.95,13.75,"Action, Third-Person",High Moon Studios,Activision,2013.0,7.4,9.55,17.0,8.82,7.4,61.5,7.125
deal or no deal,DS,2.26,1.84,11.16,Trivia,Unknown,Various,2006.0,0.15,2.0,4.42,0.55,0.15,20.0,2.2
dear esther,PC,3.13,1.35,2.33,"First-Person, Interactive Art",Unknown,The Chinese Room,2012.0,1.33,1.72,2.65,1.7,1.33,75.0,6.5
death come true,IOS,1.65,1.76,7.63,"Adventure, Full Motion Video (Fmv)",Unknown,IzanagiGames,2020.0,2.17,2.33,2.92,2.53,2.17,75.0,3.6
death crimson ox,DC,3.28,2.93,6.45,"Action, Shooter",Ecole,Ecole,2001.0,0.82,2.0,3.0,1.28,0.82,46.0,5.1
death jr.,PSP,3.28,2.87,15.68,Action,Backbone Entertainment,Konami,2005.0,4.67,3.88,20.95,4.52,4.67,61.0,7.6
death jr. ii: root of evil,PSP,3.5,2.97,18.57,"Action, Adventure",Backbone Entertainment,Unknown,2006.0,6.83,7.9,5.0,7.05,6.83,68.0,7.9
death road to canada,PC,3.7,4.07,31,"Action, Roguelike, Role-Playing, Survival, Top-Down",Rocketcat Games,Rocketcat Games,2016.0,6.27,21.87,291.5,18.65,6.27,78.5,6.9
death squared,XONE,3.68,3.8,9,Puzzle,SMG Studio,SMG Studio,2017.0,6.1,7.88,9.15,7.38,6.1,78.0,7.7
death stranding,PC,3.82,2.92,54.8,"Action, Open World, Third-Person",Kojima Productions,Unknown,2019.0,40.97,62.02,115.82,63.13,40.97,84.0,7.6
death stranding: director's cut,PS5,4.13,3.06,70.26,"Action, Open World, Third-Person",Kojima Productions,Unknown,2021.0,38.3,61.57,115.05,64.1,38.3,85.0,7.55
death to spies,PC,3.43,3.9,16.36,"Action, Stealth",Haggard Games,Unknown,2007.0,13.47,15.4,16.22,14.32,13.47,69.0,7.3
death's door,XONE,3.28,3.43,16.57,"Action, Role-Playing, Top-Down",Acid Nerve,Devolver Digital,2021.0,9.3,12.1,16.22,12.63,9.3,87.0,7.800000000000001
death's gambit,PC,3.33,4.03,16.38,"Action, Role-Playing, Side",White Rabbit,Adult Swim Games,2018.0,10.35,13.7,18.58,12.32,10.35,71.5,7.25
deathloop,PC,3.56,2.95,21.11,"First-Person, Roguelike, Shooter",Arkane Studios,Bethesda Softworks,2021.0,16.72,25.37,37.32,24.08,16.72,88.0,6.466666666666666
deathrow,XBOX,3.75,3.41,19,"Action, Arcade, Sports",Southend Interactive,Ubisoft Entertainment,2002.0,8.2,16.22,20.95,16.22,8.2,79.0,7.8
deathsmiles,ARC,3.98,3.0,8.68,"Scrolling, Shooter",Cave,Unknown,2010.0,0.8,2.82,12.85,1.3,0.8,77.0,8.1
deathspank,PC,3.73,2.88,16,Action,Hothead Games,Electronic Arts,2010.0,8.63,11.15,12.0,11.33,8.63,78.33333333333333,7.8999999999999995
deathspank: thongs of virtue,PC,3.57,2.94,18.77,"Action, Role-Playing",Hothead Games,Electronic Arts,2010.0,9.68,12.85,15.87,14.13,9.68,78.0,7.866666666666666
deception iv: blood ties,VITA,3.75,3.88,45,"Action, Role-Playing, Strategy",Tecmo Koei,Tecmo Koei,2014.0,15.17,21.78,20.95,17.05,15.17,68.5,7.6
dedede's drum dash deluxe,3DS,3.91,2.96,4.04,Music/Rhythm,HAL Laboratory,Nintendo,2014.0,0.47,1.35,3.77,1.65,0.47,65.0,7.3
deep labyrinth,DS,2.89,3.5,32.22,Role-Playing,Interactive Brains,Unknown,2006.0,11.3,8.73,20.95,10.67,11.3,57.0,6.3
deep rock galactic,PS5,3.41,3.62,58.64,"Action, First-Person",Ghost Ship Games,Coffee Stain Publishing,2020.0,48.93,134.73,524.95,160.6,48.93,85.0,8.2
deep sky derelicts,PC,3.56,3.79,31.41,Role-Playing,Snowhound Games,Fulqrum Publishing,2017.0,18.8,30.13,26.17,28.08,18.8,70.0,6.5
def jam rapstar,X360,2.63,3.36,9.44,Music,Unknown,Konami,2010.0,4.67,13.42,20.95,4.67,4.67,74.5,6.349999999999999
def jam vendetta,GC,3.41,2.9,12.77,Sports,Unknown,EA Sports BIG,2003.0,6.75,11.38,15.18,8.58,6.75,80.5,8.399999999999999
def jam: fight for ny,GC,3.82,3.01,18.79,Fighting,Unknown,Electronic Arts,2004.0,6.1,9.92,14.5,8.12,6.1,83.5,8.75
def jam: icon,X360,2.53,2.92,20.11,Fighting,Unknown,Electronic Arts,2007.0,7.72,13.25,20.95,8.57,7.72,68.5,5.1
defend your castle,WII,3.73,2.96,5.45,Arcade,XGen Studios,XGen Studios,2008.0,1.37,13.42,20.95,1.37,1.37,65.0,7.1
defense grid: the awakening,X360,3.76,3.51,22.88,"Strategy, Top-Down, Tower Defense",Hidden Path Entertainment,Hidden Path Entertainment,2008.0,11.65,34.87,108.43,29.45,11.65,81.5,8.45
deliver us the moon,PC,3.53,2.27,6.57,Adventure,KeokeN Interactive,Wired Productions,2019.0,5.15,6.27,8.25,6.25,5.15,73.0,7.050000000000001
delta force: black hawk down,XBOX,3.05,3.38,16.11,"First-Person, Shooter",NovaLogic,NovaLogic,2003.0,7.28,9.27,8.75,7.63,7.28,65.33333333333333,7.633333333333332
delta force: black hawk down - team sabre,PC,3.18,3.5,8,"First-Person, Shooter",Unknown,Unknown,2004.0,6.35,13.42,10.93,6.95,6.35,70.0,7.3
delta force: land warrior,PC,3.56,2.92,21.36,"First-Person, Shooter, Tactical",NovaLogic,NovaLogic,2000.0,5.68,6.17,10.1,6.63,5.68,74.0,7.5
delta force: task force dagger,PC,3.42,3.17,18.75,"First-Person, Shooter",Zombie Studios,NovaLogic,2002.0,7.07,4.87,6.82,6.67,7.07,51.0,7.6
delta force: xtreme,PC,3.14,2.74,25.06,"First-Person, Shooter",NovaLogic,NovaLogic,2005.0,4.3,13.42,6.45,4.65,4.3,65.0,5.8
delta force: xtreme 2,PC,2.56,2.67,12.27,"Action, First-Person, Shooter",NovaLogic,NovaLogic,2009.0,3.47,3.35,4.95,3.88,3.47,40.0,4.9
dementium ii,PC,3.11,3.0,7.78,"First-Person Shooter, Survival Horror",Renegade Kid,SouthPeak Interactive,2010.0,4.27,4.65,6.5,4.87,4.27,75.0,8.4
dementium: the ward,DS,3.48,3.49,11.42,"First-Person, Shooter",Renegade Kid,Unknown,2007.0,4.08,3.8,4.45,4.2,4.08,72.0,8.0
demikids: light version,GBA,2.98,2.47,27.8,"Role-Playing, Turn-Based",Multimedia Intelligence Transfer,Atlus,2003.0,11.78,13.42,20.95,12.18,11.78,62.0,8.4
democracy 3,PC,3.22,3.5,11.45,"Simulation, Strategy",Positech Games,Positech Games,2013.0,6.9,11.47,36.05,13.0,6.9,70.0,7.1
demon gaze,VITA,3.92,3.38,55.59,"First-Person, Role-Playing",Unknown,NIS America,2014.0,38.13,52.25,57.88,45.55,38.13,70.0,8.6
demon gaze ii,PS4,3.75,3.15,47.5,Unknown,Unknown,NIS America,2017.0,43.28,40.97,50.65,43.83,43.28,73.0,6.7
dengeki bunko: fighting climax,VITA,3.85,2.8,18.01,Fighting,Unknown,Sega,2015.0,2.68,11.95,16.27,5.92,2.68,70.5,8.15
deponia,NS,3.19,3.57,12,Adventure,Daedalic Entertainment,Lace Mamba Global,2012.0,8.25,9.9,10.83,9.38,8.25,72.5,7.35
derrick the deathfin,PS3,3.77,3.14,5.67,Unknown,Different Tuna,Unknown,2012.0,1.77,2.2,6.67,3.98,1.77,72.0,8.1
descenders,PC,3.15,4.0,12.4,Unknown,RageSquid,No More Robots,2018.0,5.47,14.85,82.57,20.45,5.47,76.5,5.8500000000000005
descent 3,PC,3.69,3.69,21.55,First-Person Shooter,Outrage Entertainment,Interplay Productions,1999.0,10.98,8.5,13.0,10.88,10.98,89.0,7.7
desert rats vs. afrika korps,PC,4.09,3.8,30.67,"Real-Time, Tactical",Digital Reality,Unknown,2004.0,16.77,13.42,20.95,16.77,16.77,70.0,7.4
desktop dungeons,AND,3.86,3.67,50,"Adventure, Puzzle, Roguelike",QCF Design,QCF Design,2013.0,20.78,45.88,151.8,57.02,20.78,82.0,7.599999999999999
desperados 2: cooper's revenge,PC,2.95,2.89,19.43,"Real-Time, Tactical",Spellbound Entertainment,Atari Games,2006.0,24.5,27.05,20.95,25.03,24.5,66.0,6.4
desperados iii,PC,4.05,3.59,31.88,"Real-Time, Strategy/Tactical",Mimimi Productions,THQ Nordic,2020.0,27.15,38.2,71.98,34.77,27.15,84.33333333333333,7.733333333333333
desperados: wanted dead or alive,PC,3.91,3.58,25.89,"Real-Time, Tactical",Spellbound Entertainment,Atari,2001.0,23.73,35.75,32.85,29.27,23.73,78.0,8.9
desperate housewives: the game,PC,4.0,3.0,14.4,Unknown,Liquid Entertainment,Buena Vista Games,2006.0,10.23,13.42,20.95,10.23,10.23,61.0,6.1
despicable me: the game - minion mayhem,DS,3.31,2.6,18,Action,WayForward,D3Publisher,2010.0,4.62,13.42,20.95,4.62,4.62,54.0,7.333333333333333
destination: treasure island,PC,4.0,3.17,15.2,Adventure,Kheops Studio,Nobilis,2007.0,5.75,13.42,20.95,5.75,5.75,74.0,7.0
destiny,PS4,3.63,2.98,62.96,"First-Person, Role-Playing, Shooter",Bungie,Activision,2014.0,12.28,96.35,609.18,130.95,12.28,75.5,5.8
destiny 2,XBSX,3.38,3.5,63.38,"First-Person, Role-Playing, Shooter",Bungie,Activision,2017.0,12.47,54.07,235.5,57.82,12.47,85.0,4.6
destiny 2: shadowkeep,PC,2.6,3.12,59.6,"First-Person, Shooter",Bungie,Bungie,2019.0,6.42,13.08,42.75,11.73,6.42,74.66666666666667,6.033333333333334
destiny connect: tick-tock travelers,PS4,3.37,2.5,24.4,"Role-Playing, Third-Person",Nippon Ichi Software,NIS America,2019.0,16.9,18.05,24.08,18.7,16.9,57.0,6.1
destiny of spirits,VITA,3.5,2.95,80.00+,"Role-Playing, Strategy",Unknown,Sony Computer Entertainment,2014.0,248.5,397.67,264.5,317.0,248.5,66.0,7.0
destroy all humans! 2,PS4,3.68,2.63,22.43,"Action, Adventure, Shooter, Third-Person",Pandemic Studios,THQ,2006.0,11.77,14.53,20.95,16.0,11.77,74.0,8.200000000000001
destroy all humans! big willy unleashed,WII,3.54,3.03,39.14,"Action, Beat Em Up, Sandbox, Third-Person",Locomotive Games,THQ,2008.0,6.4,6.9,20.95,6.68,6.4,53.0,7.1
destroy all humans! path of the furon,PS3,3.29,3.17,25.75,Adventure,Sandblast Games,THQ,2008.0,11.33,14.93,17.85,14.15,11.33,34.0,6.4
destruction allstars,PS5,2.65,2.94,14.45,"Action, Third-Person, Vehicular Combat",Lucid Games,PlayStation Studios,2021.0,3.87,14.0,20.95,6.77,3.87,62.0,5.0
destruction derby raw,PS,3.58,3.22,19.83,"Driving, Racing",Studio 33,Midway Games,2000.0,8.65,10.0,17.0,10.58,8.65,69.0,7.0
detective gallo,NS,3.89,2.5,6.71,"Adventure, Point-And-Click",Footprints Games,Adventure Productions,2018.0,4.82,5.2,6.08,5.18,4.82,61.0,6.0
detective pikachu,3DS,3.62,2.4,15.8,"Adventure, Third-Person",Creatures,Unknown,2018.0,12.23,13.7,14.98,13.17,12.23,71.0,7.4
detroit: become human,PC,3.93,2.21,17.3,"Adventure, Third-Person",Quantic Dream,Sony Computer Entertainment,2018.0,12.13,16.45,33.15,15.27,12.13,79.0,8.4
deus ex: human revolution,MAC,4.04,3.11,41.67,"Action, First-Person, Role-Playing, Sandbox, Shooter, Third-Person",Unknown,Square Enix,2011.0,21.9,30.6,46.02,30.42,21.9,89.33333333333333,8.4
deus ex: human revolution - director's cut,MAC,3.71,3.25,52.22,"Action, First-Person, Role-Playing, Sandbox, Shooter",Eidos Montreal,Square Enix,2013.0,23.65,32.28,48.42,32.92,23.65,88.0,8.5
deus ex: invisible war,PC,3.26,2.85,25.63,"Action, Role-Playing",Ion Storm,Eidos Interactive,2003.0,9.15,14.08,19.7,13.63,9.15,82.0,7.2
deus ex: the fall,PC,2.65,2.14,8.72,"Action, Role-Playing",Eidos Montreal,Square Enix,2013.0,4.3,5.5,8.28,5.87,4.3,45.0,3.4
devastation,PC,2.62,2.68,10.59,"First-Person, Shooter",Digitalo Studios,Unknown,2003.0,9.2,4.48,14.0,9.22,9.2,62.0,5.6
devil daggers,PC,3.67,4.72,36.85,"Action, First-Person, Shooter, Survival Horror",Sorath,Sorath,2016.0,4.92,1.28,94.35,39.5,4.92,83.0,7.2
devil kings,PS2,3.65,3.4,36.5,Hack And Slash,Capcom,Capcom,2005.0,4.58,25.5,30.33,13.58,4.58,64.0,7.4
devil may cry,NS,3.85,3.55,23.67,"Action, Adventure, Hack And Slash",Team Little Devils,Capcom,2001.0,6.45,8.7,17.45,7.35,6.45,84.0,8.15
devil may cry 2,PS2,3.09,2.79,18.33,"Action, Adventure, Hack And Slash",Capcom,Capcom,2003.0,5.07,7.33,19.55,6.1,5.07,59.0,7.0
devil may cry 3: dante's awakening,PS2,4.23,3.85,29.79,"Action, Adventure, Hack And Slash",Unknown,Capcom,2005.0,11.67,16.6,42.17,14.58,11.67,84.0,9.1
devil may cry 4,X360,3.96,3.4,24.23,"Action, Adventure, Hack And Slash",Capcom,Capcom,2008.0,11.45,15.58,62.12,13.85,11.45,82.0,8.433333333333334
devil may cry 4: special edition,XONE,3.97,3.19,29.09,"Action, Battle Arena, Hack And Slash, Third-Person",Capcom,Capcom,2015.0,11.02,17.93,70.08,14.82,11.02,74.33333333333333,8.433333333333332
devil may cry 5,XONE,4.12,3.2,17.61,"Action, Hack And Slash, Third-Person",Capcom,Capcom,2019.0,11.27,18.58,79.93,15.17,11.27,88.0,8.2
devil may cry 5: special edition,XBSX,4.19,3.33,29.6,"Action, Adventure, Hack And Slash, Third-Person",Capcom,Capcom,2020.0,10.43,18.33,86.38,15.48,10.43,86.5,8.05
devil may cry hd collection,XONE,3.76,3.93,34.8,"Action, Compilation, Hack And Slash",Capcom,Capcom,2012.0,23.58,32.65,89.78,32.12,23.58,70.5,8.375
devil's hunt,PC,2.8,2.8,21.6,Adventure,Layopi Games,1C Entertainment,2019.0,6.32,6.57,11.88,6.92,6.32,47.0,5.5
devil's third,WIIU,3.52,3.58,21.77,"First-Person, Hack And Slash, Shooter, Third-Person",Unknown,Nintendo,2015.0,8.18,12.07,20.25,9.72,8.18,43.0,6.6
devious dungeon,VITA,3.35,3.65,9.47,"Action, Platform",Ravenous Games,Unknown,2014.0,6.3,4.92,5.92,6.0,6.3,59.0,6.4
devotion,PC,3.92,1.93,3.9,"Adventure, First-Person, Horror, Puzzle",RedCandleGames,RedCandleGames,2019.0,2.9,3.17,3.6,3.07,2.9,86.0,7.8
dewy's adventure,WII,3.49,3.44,14.33,Unknown,Nestle Waters North America,Konami,2007.0,5.07,8.3,20.95,6.68,5.07,67.0,6.3
dex,PS4,3.56,3.11,27.82,"Action, Role-Playing, Scrolling, Side",Dreadlocks,Dreadlocks,2015.0,11.33,14.27,17.77,14.9,11.33,67.0,7.366666666666666
dexter's laboratory: deesaster strikes!,GBA,2.34,3.38,7.73,"Action, Adventure",Virtucraft,BAM! Entertainment,2001.0,6.35,13.42,10.0,7.27,6.35,65.0,7.3
diablo,PS,3.81,3.44,42.2,"Action, Hack And Slash, Horror, Isometric, Real-Time, Role-Playing",Unknown,Unknown,1997.0,13.73,18.78,33.48,17.97,13.73,94.0,8.6
diablo ii,MAC,4.21,3.29,62.02,"Action, Role-Playing",Blizzard North,Unknown,2000.0,34.33,52.88,282.83,67.33,34.33,88.0,8.8
diablo ii: resurrected,PS4,2.85,3.59,61.68,"Action, Isometric, Role-Playing",Blizzard Entertainment,Activision,2021.0,22.9,56.3,149.47,44.98,22.9,79.5,3.4250000000000003
diablo iii,PC,3.58,3.06,58.85,"Action, Role-Playing, Top-Down",Blizzard Entertainment,Blizzard Entertainment,2012.0,18.28,55.13,182.47,44.87,18.28,87.0,5.733333333333333
diablo iii: eternal collection,XONE,3.86,3.06,73.87,"Action, Role-Playing, Top-Down",Blizzard Entertainment,Blizzard Entertainment,2017.0,20.98,44.72,275.35,53.07,20.98,88.0,7.400000000000001
diablo iii: ultimate evil edition,PS3,4.21,2.99,71.38,"Action, Role-Playing",Blizzard Entertainment,Blizzard Entertainment,2013.0,19.08,39.83,143.42,45.45,19.08,88.0,7.699999999999999
diablo immortal,AND,1.91,1.63,49.48,"Action, Role-Playing",NetEase Game,Blizzard Entertainment,2022.0,23.4,35.28,50.0,29.53,23.4,59.0,0.3
diabolical pitch,X360,1.68,4.21,1.3,"Action, Sports",Grasshopper Manufacture,Microsoft Studios,2012.0,3.5,13.42,20.95,3.5,3.5,56.0,6.5
diaries of a spaceport janitor,PC,3.9,2.69,6.89,"Adventure, Role-Playing",Sundae Month,tinyBuild,2016.0,8.15,12.42,28.45,10.93,8.15,69.0,8.9
dicey dungeons,PC,3.86,3.34,27.33,Strategy/Tactical,Terry Cavanagh,Terry Cavanagh,2019.0,27.73,46.92,60.28,45.53,27.73,80.0,7.8
diddy kong racing,N64,3.97,3.31,29.68,"Driving, Racing",Rare,Nintendo,1997.0,11.5,14.17,20.62,14.97,11.5,88.0,8.5
diddy kong racing ds,DS,3.35,3.04,18.81,"Driving, Racing",Rare,Nintendo,2007.0,8.3,10.15,26.18,12.87,8.3,63.0,7.2
die hard: nakatomi plaza,PC,3.03,3.34,9.37,First-Person Shooter,Piranha Games,Sierra Entertainment,2002.0,8.23,11.0,9.5,8.77,8.23,54.0,5.4
die hard: vendetta,GC,3.05,3.0,15.05,"First-Person, Shooter",Bits Studios,Sierra Entertainment,2002.0,10.55,8.83,20.95,10.17,10.55,54.0,7.0
dig dug,NES,3.43,3.02,11.49,"Action, Arcade",Namco,Atari,1982.0,0.88,2.42,4.47,2.07,0.88,65.0,6.5
dig dug: digging strike,DS,3.34,3.0,13.13,Unknown,Bullets,Namco,2005.0,1.77,13.42,20.95,1.77,1.77,65.0,7.1
digimon all-star rumble,PS3,2.78,3.15,40.34,Fighting,Prope,Bandai Namco Games,2014.0,1.87,4.13,20.95,2.37,1.87,49.0,5.3
digimon battle spirit,GBA,3.29,2.71,13.5,Fighting,Dimps,Bandai,2003.0,1.47,2.15,8.12,2.38,1.47,60.0,7.9
digimon racing,GBA,3.09,2.69,14.83,"Driving, Racing",Griptonite Games,Bandai,2004.0,2.0,13.42,20.95,2.0,2.0,62.0,7.333333333333333
digimon rumble arena 2,GC,3.42,2.86,19.06,Fighting,Bandai Games,Bandai Games,2004.0,1.4,4.93,11.58,4.98,1.4,64.0,7.6499999999999995
digimon story cyber sleuth: complete edition,NS,4.19,3.02,80.00+,Unknown,h.a.n.d.,Bandai Namco,2019.0,90.52,113.78,205.0,126.03,90.52,76.0,6.6
digimon survive,PC,3.75,3.18,53.22,"Role-Playing, Strategy/Tactical, Turn-Based, Visual Novel",HYDE,Bandai Namco Games,2022.0,32.12,41.78,77.93,47.42,32.12,72.0,7.266666666666667
digimon world 4,PS2,3.46,3.57,52.27,Action,Bandai,Unknown,2005.0,22.82,35.72,54.0,31.58,22.82,48.0,6.5
digimon world data squad,PS2,3.59,2.85,36.43,Unknown,Namco Bandai Games,Namco Bandai Games,2007.0,16.25,44.92,134.83,52.15,16.25,43.0,7.6
digimon world ds,DS,3.79,2.96,39.5,Role-Playing,Namco Bandai,Namco Bandai,2006.0,22.53,29.88,20.95,25.53,22.53,71.0,7.9
digimon world: next order,VITA,3.98,2.94,55.33,Role-Playing,B.B. Studio,Bandai Namco Entertainment,2017.0,44.37,59.83,113.4,63.43,44.37,68.0,7.0
dillon's dead-heat breakers,3DS,3.66,3.29,34.5,"Action, Strategy, Third-Person, Tower Defense",Vanpool,Nintendo,2018.0,18.08,28.27,20.95,21.13,18.08,69.0,7.7
dillon's rolling western,3DS,3.57,3.46,24.89,"Action, Adventure",Vanpool,Nintendo,2012.0,24.88,24.13,52.62,26.17,24.88,65.0,7.6
dillon's rolling western: the last ranger,3DS,3.82,3.45,39.69,"Action, Adventure, Tower Defense",Vanpool,Nintendo,2013.0,22.78,29.83,45.93,28.1,22.78,68.0,7.0
diner dash: sizzle & serve,PSP,3.35,3.21,21,Action,Unknown,Eidos Interactive,2007.0,8.2,23.17,20.95,23.17,8.2,59.5,7.3
dino crisis,DC,3.75,3.36,17.62,"Action, Survival, Third-Person",Capcom,Capcom,1999.0,6.63,8.6,10.45,7.28,6.63,66.5,8.75
dino crisis 2,PC,3.89,3.13,20.31,"Horror, Survival",Capcom,Capcom,2000.0,5.42,8.42,17.12,6.43,5.42,86.0,9.3
dino crisis 3,XBOX,2.71,3.53,31.56,"Action Adventure, Third-Person Shooter",Capcom Production Studio 4,Capcom,2003.0,6.82,9.97,20.95,7.52,6.82,51.0,3.8
dino island,PC,3.53,3.0,25.42,"Sandbox, Simulation",Monte Cristo,Monte Cristo,2002.0,8.2,50.0,33.5,41.75,8.2,42.0,7.5
dino stalker,PS2,3.12,3.17,8.39,"First-Person, Shooter",Capcom Production Studio 3,Capcom,2002.0,1.38,13.42,6.5,1.58,1.38,50.0,6.2
dinosaur king,DS,3.78,2.89,44.88,Role-Playing,Climax Entertainment,Sega,2008.0,23.22,39.07,82.5,38.52,23.22,61.0,7.9
dinotopia: the sunstone odyssey,XBOX,3.05,2.43,12.33,"Action, Adventure",Vicious Cycle Software,TDK Mediactive,2003.0,5.37,13.42,6.42,5.53,5.37,44.0,7.333333333333333
dinotopia: the timestone pirates,GBA,3.16,2.71,11.63,Action,RFX Interactive,TDK Mediactive,2002.0,2.98,13.42,20.95,2.98,2.98,64.0,8.4
dirge of cerberus: final fantasy vii,PS2,3.5,3.06,25.81,"Action, Role-Playing, Shooter, Third-Person",Square Enix PDD 1,Square Enix,2006.0,11.9,13.87,34.62,13.53,11.9,57.0,7.9
dirty bomb,PC,3.4,3.28,56.47,"First-Person, Shooter",Splash Damage,Nexon America,2015.0,8.2,13.42,20.95,11.25,8.2,63.0,7.7
disaster report,PS2,3.67,2.89,18.49,Adventure,Irem,Agetec,2003.0,5.38,6.28,12.7,6.13,5.38,66.0,8.2
disaster report 4: summer memories,NS,3.25,2.25,15,Unknown,Granzella,NIS America,2020.0,10.05,14.1,15.15,12.77,10.05,55.0,6.5
disc jam,PS4,3.1,2.41,12.52,"Arcade, Sports",High Horse Entertainment,High Horse Entertainment,2017.0,8.2,13.42,20.95,11.25,8.2,72.5,6.949999999999999
disciples ii: dark prophecy,PC,3.93,3.15,51.47,"Strategy/Tactical, Turn-Based",Strategy First,Unknown,2002.0,33.43,78.5,75.07,55.48,33.43,84.0,8.7
disciples ii: guardians of the light,PC,3.9,3.07,33.23,Strategy,Strategy First,Unknown,2003.0,30.0,12.0,20.95,21.0,30.0,72.0,8.2
disciples ii: servants of the dark,PC,3.8,2.95,35.68,"Strategy, Turn-Based",Strategy First,Unknown,2002.0,42.5,30.65,50.0,39.25,42.5,65.0,7.4
disciples iii: renaissance,PC,3.14,2.92,41.5,"Strategy/Tactical, Turn-Based",Akella,Unknown,2010.0,25.0,68.67,165.35,87.38,25.0,56.0,5.2
disco elysium,PC,4.15,2.88,37.93,"Adventure, Isometric, Role-Playing",ZA/UM,ZA/UM,2019.0,24.28,34.1,48.82,33.1,24.28,91.0,8.4
disgaea 1 complete,PS4,4.0,3.49,80.00+,Role-Playing,Unknown,NIS America,2018.0,36.18,60.17,145.83,53.93,36.18,79.5,7.65
disgaea 2: cursed memories,PS2,4.17,3.23,68.17,Role-Playing,Nippon Ichi Software,Unknown,2006.0,36.43,108.75,431.83,85.28,36.43,84.0,7.0
disgaea 2: dark hero days,PSP,4.28,3.24,66.6,"Role-Playing, Strategy/Tactical, Turn-Based",Nippon Ichi Software,NIS America,2009.0,32.87,83.8,495.58,82.13,32.87,83.0,8.2
disgaea 3: absence of detention,VITA,4.28,3.28,74.19,Role-Playing,Nippon Ichi,Nippon Ichi,2011.0,32.83,58.73,171.83,56.67,32.83,78.0,8.3
disgaea 3: absence of justice,PS3,4.2,3.25,70.25,"Role-Playing, Tactical",Nippon Ichi,Nippon Ichi,2008.0,35.47,116.35,440.42,108.43,35.47,78.0,8.2
disgaea 4 complete+,PC,4.03,3.27,69.23,Role-Playing,Nippon Ichi Software,NIS America,2019.0,36.33,68.85,224.15,55.47,36.33,85.0,7.2
disgaea 4: a promise revisited,VITA,4.39,3.18,80.00+,"Strategy, Turn-Based",Nippon Ichi Software,NIS America,2014.0,36.37,71.55,262.0,77.57,36.37,82.0,8.2
disgaea 4: a promise unforgotten,PS3,4.39,3.28,68.66,Role-Playing,Nippon Ichi Software,Nippon Ichi Software,2011.0,37.47,85.17,507.5,83.45,37.47,80.0,8.2
disgaea 5 complete,NS,4.27,3.13,80.00+,Role-Playing,Nippon Ichi Software,Nippon Ichi Software,2017.0,52.42,91.15,209.98,82.4,52.42,81.0,8.2
disgaea 5: alliance of vengeance,PS4,4.32,3.07,80.00+,"Role-Playing, Tactical",Nippon Ichi Software,Nippon Ichi Software,2015.0,41.45,86.62,198.87,92.0,41.45,80.0,8.2
disgaea 6 complete,PS4,2.81,2.17,60.4,Role-Playing,Nippon Ichi Software,NIS America,2022.0,20.98,77.48,77.87,49.27,20.98,68.0,7.333333333333333
disgaea 6: defiance of destiny,NS,3.61,2.8,76.39,"Isometric, Role-Playing",Nippon Ichi Software,Unknown,2021.0,28.03,56.47,20.95,42.25,28.03,73.0,5.3
disgaea d2: a brighter darkness,PS3,4.33,3.1,73.18,Role-Playing,Nippon Ichi Software,Unknown,2013.0,25.68,55.1,92.02,44.02,25.68,74.0,7.6
disgaea ds,DS,4.23,3.34,70.84,Role-Playing,System Prisma,Unknown,2008.0,42.58,66.87,119.52,66.47,42.58,82.0,8.1
disgaea infinite,PSP,3.59,2.53,18.34,Visual Novel,Nippon Ichi Software,Unknown,2010.0,5.1,6.25,8.77,6.23,5.1,64.0,7.1
disgaea: afternoon of darkness,PSP,4.25,3.35,68.33,Role-Playing,Nippon Ichi Software,KOEI,2007.0,43.38,88.7,356.08,82.95,43.38,87.0,8.1
disgaea: hour of darkness,PS2,4.26,3.29,75.24,Role-Playing,Unknown,Atlus USA,2003.0,47.28,101.87,234.78,94.03,47.28,84.0,8.2
dishonored,PS3,3.95,3.19,23.25,"Action, First-Person, Sandbox, Stealth",Arkane Studios,Bethesda Softworks,2012.0,12.28,19.38,40.0,17.88,12.28,89.33333333333333,8.366666666666667
dishonored 2,PC,3.83,3.0,24.22,"Action, Adventure, First-Person, Sandbox, Stealth",Arkane Studios,Bethesda Softworks,2016.0,12.92,23.5,47.53,22.67,12.92,87.33333333333333,8.466666666666667
dishonored: death of the outsider,PS4,3.53,2.96,11.43,"Action, Adventure, Stealth",Arkane Studios,Bethesda Softworks,2017.0,6.63,11.88,18.63,11.25,6.63,82.33333333333333,7.933333333333334
dishonored: definitive edition,XONE,3.96,3.31,30.65,"Action, Adventure, First-Person, Stealth",Arkane Studios,Bethesda Softworks,2013.0,12.4,23.13,47.32,21.68,12.4,78.0,8.35
disney art academy,3DS,4.02,2.5,29.43,Educational,Headstrong Games,Nintendo,2016.0,8.2,25.12,20.95,25.12,8.2,72.0,7.1
disney epic mickey,WII,3.62,2.98,26.1,"Action, Adventure, Platform",Junction Point Studios,Disney Interactive Studios,2010.0,13.4,14.98,27.57,15.2,13.4,73.0,7.4
disney g-force,PS2,3.0,2.71,24.89,Action,Eurocom,Disney Interactive Studios,2009.0,8.77,9.13,11.68,9.55,8.77,68.0,7.3500000000000005
disney golf,PS2,3.35,3.24,29.5,Sports,T&E SOFT,Unknown,2002.0,5.97,13.42,20.95,5.97,5.97,72.0,8.0
disney infinity,PC,3.5,2.11,47.75,"Action, Adventure",Avalanche Software,Disney Interactive Studios,2013.0,14.63,22.32,26.55,19.6,14.63,73.33333333333333,6.8
disney magical world,3DS,4.11,2.82,64.2,Simulation,h.a.n.d.,Nintendo,2014.0,29.53,62.65,20.95,44.6,29.53,71.0,7.5
disney magical world 2,3DS,4.18,2.85,63.6,Simulation,Unknown,Nintendo,2016.0,53.98,95.0,98.22,75.3,53.98,73.0,5.5
disney magical world 2: enchanted edition,NS,4.27,2.47,67.75,Simulation,h.a.n.d.,Bandai Namco Games,2021.0,21.0,40.83,20.95,36.87,21.0,69.0,6.0
disney sports: motocross,GBA,3.2,2.45,13.65,"Driving, Racing, Sports, Third-Person",Konami,Konami,2003.0,0.58,13.42,20.95,0.58,0.58,56.0,7.333333333333333
disney universe,X360,3.36,2.28,35.33,"Action, Adventure",Eurocom,Disney Interactive Studios,2011.0,9.47,11.23,15.07,10.87,9.47,65.66666666666667,6.533333333333334
disney's a christmas carol,DS,3.41,2.8,15.2,Unknown,Unknown,Disney Interactive Studios,2009.0,4.0,13.42,20.95,4.0,4.0,66.0,6.4
disney's aladdin in nasira's revenge,PS,3.16,3.09,18.79,"Adventure, Platform, Third-Person",Argonaut Games,Unknown,2001.0,6.68,9.98,18.75,10.28,6.68,61.0,7.2
disney's chicken little: ace in action,PS2,2.76,2.36,19.5,"Action, Adventure",Avalanche Software,Disney Interactive,2006.0,7.5,13.42,9.03,8.0,7.5,69.0,8.2
disney's cinderella: magical dreams,GBA,3.06,1.43,5.54,"Action, Platform, Scrolling, Side",DC Studios,Buena Vista Interactive,2005.0,1.0,13.42,20.95,1.0,1.0,69.0,7.333333333333333
disney's donald duck: goin' quackers,PS2,3.31,2.68,12.8,Platform,Disney Interactive,Ubisoft Montreal,2000.0,2.55,3.07,3.85,3.07,2.55,68.33333333333333,6.733333333333333
disney's extreme skate adventure,PS2,2.99,2.58,26.85,Sports,Unknown,Activision,2003.0,6.47,25.0,26.45,12.07,6.47,76.66666666666667,7.699999999999999
disney's kim possible 2: drakken's demise,GBA,3.39,2.76,8.79,"Action, Adventure",Artificial Mind and Movement,Disney Interactive Studios,2004.0,1.38,1.67,20.95,1.52,1.38,77.0,8.0
disney's lilo & stitch,GBA,2.99,3.1,7.2,"Action, Platform, Real-Time, Third-Person",Digital Eclipse,Disney Interactive,2002.0,1.4,5.0,2.75,2.03,1.4,67.0,7.1
disney's magical mirror starring mickey mouse,GC,2.95,2.07,15.49,Adventure,Capcom,Nintendo,2002.0,3.15,3.98,4.58,3.82,3.15,50.0,7.6
disney's pk: out of the shadows,PS2,3.13,2.48,18.58,Unknown,Ubisoft,Ubisoft,2002.0,3.47,3.17,20.95,3.45,3.47,47.5,6.6
disney's stitch: experiment 626,PS2,3.22,2.93,19.69,Platform,High Voltage Software,Sony Computer Entertainment,2002.0,5.42,12.0,5.18,6.2,5.42,59.0,7.7
disney's tarzan: return to the jungle,GBA,3.28,2.75,9.72,Platform,Digital Eclipse Software,Activision,2002.0,1.72,13.42,20.95,1.72,1.72,68.0,7.333333333333333
disney/pixar up,PS3,3.06,2.0,16.26,"Action, Adventure",Unknown,THQ,2009.0,4.68,6.33,8.0,6.07,4.68,61.0,7.0
disneyland adventures,XONE,3.88,2.77,71.57,Adventure,Frontier Developments,Microsoft Studios,2011.0,20.72,32.72,39.4,32.73,20.72,67.0,6.0
dissidia: final fantasy,ARC,4.23,3.09,61.38,"Action, Fighting, Role-Playing",Square Enix,Square Enix,2009.0,22.83,72.27,188.92,59.93,22.83,79.0,8.2
divekick,VITA,2.88,3.0,4.75,Fighting,Unknown,Iron Galaxy Studios,2013.0,0.8,6.33,23.77,2.4,0.8,65.0,6.900000000000001
divine divinity,PC,3.8,3.3,47.72,"Open World, Real-Time, Role-Playing, Top-Down",Larian Studios,CDV,2002.0,32.98,48.07,70.62,50.6,32.98,81.0,8.4
divinity ii: ego draconis,X360,3.55,3.45,46.47,Unknown,Larian Studios,Various,2010.0,27.03,30.73,41.88,33.22,27.03,67.0,7.15
divinity ii: the dragon knight saga,X360,3.79,3.4,47.38,Role-Playing,Larian Studios,Unknown,2010.0,40.62,48.98,72.6,52.57,40.62,77.0,8.15
divinity: dragon commander,PC,3.48,3.48,34.06,"Role-Playing, Strategy",Larian Studios,Larian Studios,2013.0,12.2,15.83,26.08,14.57,12.2,76.0,7.1
divinity: original sin,MAC,4.0,3.58,48.81,"Adventure, Real-Time, Role-Playing, Top-Down, Turn-Based",Larian Studios,Larian Studios,2014.0,65.75,88.18,110.7,89.15,65.75,87.0,8.7
divinity: original sin ii,PC,4.27,3.62,77.93,"Adventure, Role-Playing",Larian Studios,Larian Studios,2017.0,58.33,104.5,162.43,106.27,58.33,93.0,8.8
dj hero,PS2,3.64,3.07,44.6,Music/Rhythm,Unknown,Activision,2009.0,7.92,10.75,22.6,11.07,7.92,85.66666666666667,7.533333333333334
dj hero 2,PS3,3.84,3.19,24.06,Rhythm,FreeStyleGames,Activision,2010.0,7.18,11.6,20.95,8.77,7.18,86.66666666666667,7.900000000000001
djmax respect,PS4,4.17,4.0,80.00+,Music/Rhythm,Unknown,Unknown,2018.0,36.75,210.0,20.95,123.37,36.75,85.0,7.9
dmc: devil may cry,PS3,3.27,2.87,17.95,"Beat Em Up, Hack And Slash",Ninja Theory,Capcom,2013.0,9.35,12.92,40.73,11.68,9.35,85.33333333333333,6.0
do not feed the monkeys,PC,3.41,2.22,10.69,Simulation,Fictiorama Studios,Alawar Premium,2018.0,3.83,8.25,18.27,8.42,3.83,77.0,7.333333333333333
doctor lautrec and the forgotten knights,3DS,3.24,3.0,41.15,Adventure,Unknown,Konami,2011.0,27.03,36.12,20.95,31.58,27.03,53.0,5.4
dodonpachi resurrection,ARC,3.4,3.81,4.79,"Shooter, Top-Down",Cave,Unknown,2011.0,1.87,1.93,1.5,1.87,1.87,77.0,8.6
dog's life,PS2,3.48,2.23,16.9,"Action, Adventure",Unknown,Unknown,2004.0,6.4,11.4,8.88,8.1,6.4,64.0,3.3
dogfight 1942,X360,3.1,2.89,11.67,Flight Simulation,CITY interactive,CITY interactive,2012.0,3.33,4.28,8.7,4.6,3.33,59.0,5.599999999999999
dokapon journey,DS,3.61,3.03,32.66,Party,Suzak,Unknown,2009.0,27.33,13.42,20.95,27.33,27.33,60.0,7.2
dokapon kingdom,PS2,3.94,3.48,51.03,"Board Game, Party, Role-Playing, Turn-Based",Sting,Unknown,2008.0,23.72,30.12,60.0,30.25,23.72,67.0,7.75
doki doki literature club plus!,PS4,3.55,2.44,23.06,Visual Novel,Team Salvato,Serenity Forge,2021.0,4.68,8.22,15.25,9.1,4.68,83.0,8.55
doki doki literature club!,LNX,3.82,2.11,17.83,"Text, Visual Novel",Team Salvato,Team Salvato,2017.0,4.43,6.15,8.1,5.55,4.43,78.0,8.5
doki-doki universe,VITA,2.78,1.36,13.38,Adventure,HumaNature Studios,HumaNature Studios,2013.0,7.13,6.93,9.62,8.23,7.13,66.33333333333333,6.1
dokuro,PC,3.22,3.71,26.4,"Action, Adventure, Platform, Puzzle",Game Arts Co.,GungHo Online Entertainment,2012.0,15.52,18.3,19.92,18.02,15.52,76.0,7.9
don king presents: prizefighter,X360,2.93,2.64,9.33,Sports,Venom Games,2K Sports,2008.0,8.5,12.85,20.95,10.67,8.5,56.0,6.4
don't knock twice,XONE,1.7,4.35,3.25,"Adventure, Horror",Wales Interactive,Wales Interactive,2017.0,1.47,1.67,2.2,1.73,1.47,56.0,5.9
donkey kong 64,N64,4.0,3.28,40.39,Platform,Rare,Nintendo,1999.0,25.53,29.02,31.27,29.2,25.53,90.0,8.6
donkey kong country,GBC,3.74,3.47,19.23,"Platform, Scrolling, Side",Rare,Nintendo,1994.0,4.08,4.98,6.75,4.58,4.08,78.0,8.7
donkey kong country returns,WII,4.15,3.78,27.79,"Platform, Side",Unknown,Nintendo,2010.0,11.48,17.87,30.33,16.1,11.48,87.0,8.6
donkey kong country: tropical freeze,NS,4.21,3.82,28.51,Platform,Unknown,Nintendo,2014.0,10.75,19.12,32.7,16.32,10.75,84.5,8.75
donkey kong jungle beat,GC,3.8,3.02,17.19,"Music/Rhythm, Platform",Nintendo EAD Tokyo,Nintendo,2005.0,4.4,7.53,10.47,6.18,4.4,80.0,8.2
donkey konga,GC,3.46,2.85,20.31,Music/Rhythm,Namco,Nintendo,2004.0,11.9,20.67,27.5,15.0,11.9,76.0,7.9
donkey konga 2,GC,3.45,2.87,15.62,"Music, Rhythm",Nintendo,Nintendo,2005.0,7.17,18.6,20.95,12.35,7.17,69.0,7.0
donut county,XONE,3.41,1.28,2.83,"Puzzle, Top-Down",Ben Esposito,Annapurna Interactive,2018.0,1.95,2.23,2.65,2.23,1.95,76.0,7.25
door kickers,PC,3.61,4.0,34.79,"Point-And-Click, Real-Time, Tactical",KillHouse Games,KillHouse Games,2014.0,8.18,19.25,40.35,21.6,8.18,83.0,7.8
dorfromantik,PC,3.6,2.76,11.04,"Board Game, Puzzle, Strategy/Tactical",Toukana Interactive,Toukana Interactive,2022.0,5.18,23.43,64.98,25.57,5.18,81.0,5.4
dota 2,LNX,2.96,2.71,62.1,"Action, Battle Arena, Massively Multiplayer",Valve Corporation,Valve Corporation,2013.0,8.2,13.42,20.95,11.25,8.2,90.0,6.5
double dragon advance,GBA,3.94,3.41,11.51,Beat Em Up,Unknown,Atlus,2003.0,1.53,2.25,3.75,1.77,1.53,75.0,8.6
double dragon ii: wander of the dragons,X360,1.53,4.23,3.33,"Action, Adventure, Arcade, Beat Em Up, Fighting, Real-Time, Side",Gravity,Barunson Creative,2013.0,8.2,2.33,20.95,2.33,8.2,17.0,1.6
double fine happy action theater,X360,3.54,2.67,16.67,Unknown,Double Fine Productions,Microsoft Studios,2012.0,1.0,13.42,2.0,1.5,1.0,80.0,6.4
downforce,GBA,2.87,4.0,19.2,"Driving, Racing",Smart Dog,Titus,2002.0,8.2,13.42,2.17,2.17,8.2,69.0,7.8
downhill domination,PS2,4.12,3.51,48.83,"Driving, Racing",Incognito Entertainment,Unknown,2003.0,4.58,8.63,50.0,10.08,4.58,79.0,8.6
downwell,PS4,3.55,3.98,11.56,"Action, Arcade, Platform, Roguelike, Scrolling, Shooter, Side",Moppin,Devolver Digital,2015.0,6.82,12.55,15.48,10.23,6.82,83.0,7.066666666666666
dr. luigi,WIIU,3.69,3.12,6.66,Puzzle,Arika / Nintendo SPD,Nintendo,2013.0,1.45,14.62,6.03,3.98,1.45,65.0,7.3
dr. mario 64,N64,3.68,3.11,20.5,Puzzle,Nintendo,Nintendo,2003.0,2.1,3.87,9.17,3.05,2.1,71.0,7.1
dr. mario express,DS,3.73,3.15,18.17,Puzzle,Arika,Nintendo,2009.0,3.33,4.0,20.95,3.47,3.33,76.0,7.3
dr. mario: miracle cure,3DS,3.66,3.08,19.91,Puzzle,Arika,Nintendo,2015.0,3.55,3.0,5.27,4.12,3.55,69.0,6.9
dr. muto,GBA,2.63,3.63,13.42,Platform,Midway Games,Midway Games,2002.0,14.13,13.42,15.25,14.38,14.13,70.0,7.2
dracula 3: the path of the dragon,PC,2.36,3.45,13,"Adventure, Point-And-Click",Kheops Studio,Micro,2008.0,8.72,8.83,17.47,10.92,8.72,65.0,6.9
dracula: origin,PC,3.17,3.57,10.31,Adventure,Frogwares,The Adventure Company,2008.0,6.17,6.33,9.2,7.2,6.17,70.0,6.5
dracula: the resurrection,PC,2.52,2.97,4.96,"Adventure, Point-And-Click",Unknown,Micro,1999.0,3.33,4.18,4.62,3.73,3.33,67.0,6.7
dracula: undead awakening,PSP,2.69,3.69,8.94,Shooter,Unknown,Abstraction Games,2010.0,2.0,13.42,20.95,2.0,2.0,75.0,6.7
draglade,DS,3.74,3.02,17.45,"Fighting, Music, Role-Playing",Dimps,Unknown,2007.0,5.07,7.57,60.0,14.63,5.07,71.0,7.5
dragon age ii,PC,3.39,2.72,44.86,"Role-Playing, Third-Person",BioWare,Electronic Arts,2011.0,27.33,38.67,60.6,40.6,27.33,81.0,4.566666666666666
dragon age: inquisition,PS3,3.84,3.02,72.34,"Action, Role-Playing",BioWare,Electronic Arts,2014.0,47.62,89.68,137.08,91.05,47.62,86.33333333333333,6.9
dragon age: origins,PS3,4.13,3.18,56.59,"Real-Time, Role-Playing, Third-Person",Unknown,Electronic Arts,2009.0,40.68,59.18,90.33,58.8,40.68,88.0,8.266666666666667
dragon ball fighterz,PC,3.85,3.14,37.64,"Fighting, Scrolling, Side",Arc System Works,Bandai Namco Entertainment,2018.0,12.17,23.52,54.03,18.67,12.17,86.25,7.675
dragon ball gt: transformation,GBA,3.09,2.9,17.16,Beat Em Up,Webfoot Technologies,Atari,2005.0,2.18,2.97,20.95,2.43,2.18,69.0,7.6
dragon ball z: attack of the saiyans,DS,4.02,3.02,32.44,Role-Playing,Monolith Soft,Namco Bandai,2009.0,23.42,29.53,36.8,28.78,23.42,73.0,8.0
dragon ball z: battle of z,PS3,3.46,3.11,36.93,Fighting,Artdink,Namco Bandai,2014.0,10.97,16.5,42.92,19.72,10.97,57.666666666666664,5.966666666666666
dragon ball z: budokai,PS2,3.47,2.88,22.3,Fighting,Dimps,Unknown,2002.0,3.58,7.25,13.28,6.72,3.58,66.0,7.3
dragon ball z: budokai 2,PS2,3.59,2.99,24.34,"Action, Fighting",Dimps,Unknown,2003.0,7.0,15.68,21.03,12.48,7.0,66.0,7.3999999999999995
dragon ball z: budokai 3,PS2,4.07,3.07,35.28,"Action, Fighting",Dimps,Unknown,2004.0,10.1,23.87,30.45,21.45,10.1,77.0,8.8
dragon ball z: budokai tenkaichi,PS2,3.53,2.95,29.03,Fighting,Spike,Unknown,2005.0,11.18,13.82,23.27,16.03,11.18,72.0,8.3
dragon ball z: budokai tenkaichi 2,WII,3.86,3.03,32.78,Fighting,Spike,Unknown,2006.0,15.1,20.22,45.27,26.83,15.1,72.5,8.55
dragon ball z: budokai tenkaichi 3,WII,4.09,3.18,35.19,Fighting,Spike,Unknown,2007.0,12.13,25.28,44.5,24.98,12.13,72.5,8.7
dragon ball z: burst limit,PS3,3.5,2.81,16.71,Fighting,Dimps,Unknown,2008.0,5.67,15.33,50.0,9.28,5.67,71.5,7.4
dragon ball z: buu's fury,GBA,3.94,2.79,25.33,Action,Webfoot Technologies,Unknown,2004.0,11.43,12.13,35.3,16.82,11.43,62.0,8.6
dragon ball z: extreme butoden,3DS,3.78,2.84,24.9,Fighting,Arc System Works,Bandai Namco Games,2015.0,4.68,8.33,31.5,9.23,4.68,61.0,6.8
dragon ball z: harukanaru densetsu,DS,3.53,3.19,30.3,Role-Playing,Namco Bandai,Unknown,2007.0,20.0,13.42,20.0,20.0,20.0,57.0,6.6
dragon ball z: infinite world,PS2,3.77,3.13,28.55,Fighting,Dimps,Atari Games,2008.0,12.23,15.35,32.42,16.47,12.23,48.0,7.9
dragon ball z: kakarot,PC,3.68,2.77,47.49,"Action, Role-Playing",CyberConnect2,Bandai Namco Games,2020.0,30.92,42.87,57.85,43.8,30.92,73.0,7.7
dragon ball z: sagas,GC,2.74,2.61,15.82,"Action, Adventure",Avalanche Software,Atari,2005.0,9.53,8.55,12.67,9.58,9.53,49.333333333333336,6.666666666666667
dragon ball z: shin budokai,PSP,3.75,2.97,21.89,Fighting,Dimps,Namco Bandai Games,2006.0,4.88,7.13,29.4,8.83,4.88,70.0,7.9
dragon ball z: shin budokai - another road,PSP,3.9,3.09,29.84,Unknown,Dimps,Atari,2007.0,8.98,37.58,62.45,28.63,8.98,65.0,8.2
dragon ball z: supersonic warriors,GBA,3.53,2.92,17.99,"Fighting, Side",Unknown,Atari,2004.0,2.38,7.27,9.87,5.92,2.38,73.0,7.2
dragon ball z: supersonic warriors 2,DS,3.58,2.94,18.26,Fighting,Cavia/Arc System Works,Unknown,2005.0,13.83,19.6,27.35,21.5,13.83,66.0,7.6
dragon ball z: taiketsu,GBA,2.11,2.76,8.38,Unknown,Unknown,Atari,2003.0,1.18,2.0,5.38,2.02,1.18,40.0,6.1
dragon ball z: tenkaichi tag team,PSP,4.03,3.02,31.56,Fighting,Spike,Namco Bandai Games,2010.0,11.68,19.65,43.33,17.77,11.68,63.0,8.1
dragon ball z: the legacy of goku,GBA,2.84,3.09,13.27,"Action, Role-Playing",Webfoot Technologies,Unknown,2002.0,7.5,10.73,9.23,8.65,7.5,53.0,6.7
dragon ball z: the legacy of goku ii,GBA,3.79,3.0,23.78,Action,Webfoot Technologies,Unknown,2003.0,13.9,14.2,28.28,17.05,13.9,75.0,8.5
dragon ball z: ultimate battle 22,PS,2.64,3.02,16.3,"Action, Fighting",Tose,Bandai Games,2003.0,4.87,3.83,5.17,4.8,4.87,25.0,5.1
dragon ball z: ultimate tenkaichi,PS3,2.99,2.87,29.06,Fighting,Spike,Namco Bandai,2011.0,13.02,30.4,28.28,22.73,13.02,56.5,5.6
dragon ball: advanced adventure,GBA,3.93,2.91,17.57,"Beat Em Up, Scrolling, Side",Dimps,Unknown,2006.0,3.18,6.97,13.72,4.3,3.18,75.0,8.3
dragon ball: origins,DS,3.57,2.95,18.83,"Action, Adventure",Game Republic,Unknown,2008.0,9.87,13.42,22.5,12.43,9.87,78.0,7.8
dragon ball: origins 2,DS,3.81,3.05,18.33,"Action, Adventure",Game Republic,Bandai,2010.0,9.82,18.4,29.0,17.2,9.82,70.0,6.8
dragon ball: raging blast,PS3,3.64,2.89,29.54,Fighting,Spike,Namco Bandai Games,2009.0,17.47,25.55,57.18,28.65,17.47,56.5,7.300000000000001
dragon ball: raging blast 2,PS3,3.73,3.06,38.42,"Fighting, Third-Person",Spike,Bandai Namco,2010.0,12.45,22.37,45.17,22.05,12.45,58.5,7.5
dragon ball: revenge of king piccolo,WII,3.69,2.92,17.67,Platform,Media.Vision,Bandai,2009.0,7.53,10.12,11.1,8.18,7.53,65.0,7.3
dragon ball: the breakers,NS,3.88,3.14,9.5,"Action, Fighting, Massively Multiplayer, Sandbox, Stealth, Survival, Third-Person",Dimps,BANDAI NAMCO Entertainment,2022.0,8.2,13.42,20.95,11.25,8.2,53.75,5.833333333333333
dragon blade: wrath of fire,WII,2.7,3.39,12.45,Action,Land Ho,D3 Publisher,2007.0,6.17,8.5,9.5,7.58,6.17,51.0,7.2
dragon quest,PS4,2.84,3.69,47.43,"Role-Playing, Top-Down, Turn-Based",Chunsoft,Nintendo,1986.0,9.12,10.42,11.92,10.17,9.12,63.0,7.0
dragon quest builders,PS3,3.63,2.57,69.45,"Action, Role-Playing",Square Enix,Square Enix,2016.0,37.12,56.03,76.92,54.32,37.12,82.0,8.05
dragon quest builders 2,PC,3.76,2.15,80.00+,"Action, Open World, Role-Playing, Sandbox, Third-Person",Unknown,Square Enix,2019.0,55.22,79.15,133.1,76.85,55.22,85.33333333333333,7.7
dragon quest heroes: rocket slime,DS,3.98,2.36,23.74,"Action, Adventure",TOSE,Square Enix,2006.0,12.08,16.73,20.7,14.65,12.08,83.0,7.8
dragon quest heroes: the world tree's woe and the blight below,PC,3.49,2.89,53.33,"Action, Role-Playing",Omega Force,Square Enix,2015.0,25.95,36.12,64.92,39.25,25.95,75.0,7.35
dragon quest ii: luminaries of the legendary line,NS,3.72,3.4,27.41,"Role-Playing, Top-Down, Turn-Based",Chunsoft,Enix,1987.0,16.73,18.28,19.2,17.7,16.73,60.0,6.1
dragon quest iii: the seeds of salvation,NS,3.91,3.42,50.08,"Role-Playing, Top-Down, Turn-Based",Chunsoft,Enix,1991.0,28.07,33.95,36.03,31.47,28.07,71.0,6.9
dragon quest iv: chapters of the chosen,DS,4.09,3.11,42.75,Role-Playing,Chunsoft,Enix,1990.0,27.35,34.38,43.62,32.37,27.35,80.0,8.1
dragon quest ix: sentinels of the starry skies,DS,4.29,3.15,67.48,Role-Playing,Unknown,Nintendo,2010.0,48.97,93.78,699.02,93.38,48.97,87.0,8.6
dragon quest monsters: joker,DS,3.87,3.16,48.97,Role-Playing,TOSE,Square Enix,2007.0,28.85,44.78,73.35,38.28,28.85,75.0,7.4
dragon quest monsters: joker 2,DS,4.15,3.09,47.78,Role-Playing,Tose,Unknown,2011.0,23.02,45.7,99.13,38.7,23.02,77.0,7.7
dragon quest swords: the masked queen and the tower of mirrors,WII,3.51,2.99,28.93,Role-Playing,Unknown,Square Enix,2008.0,9.62,16.62,11.32,12.07,9.62,65.0,6.3
dragon quest treasures,NS,3.5,2.93,42.17,Role-Playing,Tose,Square Enix,2022.0,21.33,29.67,63.13,28.28,21.33,72.0,5.9
dragon quest v: hand of the heavenly bride,DS,4.26,3.1,48.49,Role-Playing,Unknown,Unknown,2009.0,31.22,39.62,51.9,36.6,31.22,84.0,8.6
dragon quest vi: realms of revelation,DS,4.1,3.17,54.39,Role-Playing,Heart Beat,Enix Corporation,2011.0,40.92,50.22,67.35,47.47,40.92,78.0,8.3
dragon quest vii: fragments of the forgotten past,3DS,4.19,3.08,80.00+,Role-Playing,Heartbeat,Enix,2001.0,80.12,96.62,171.02,92.17,80.12,81.0,8.2
dragon quest viii: journey of the cursed king,IOS,4.12,3.07,78.67,Role-Playing,Level-5,Square Enix,2005.0,60.93,78.73,118.47,74.5,60.93,87.0,8.649999999999999
dragon quest wars,DS,3.23,2.69,5.19,"Strategy, Turn-Based",Intelligent Systems,Square Enix,2009.0,0.92,13.42,1.25,0.98,0.92,83.0,5.7
dragon quest xi: echoes of an elusive age,PC,4.26,2.96,80.00+,"Role-Playing, Third-Person, Turn-Based",Square Enix,Square Enix,2018.0,58.03,89.57,124.52,89.02,58.03,86.0,8.6
dragon star varnir,PC,3.56,3.0,43.33,Unknown,Compile Heart,Idea Factory,2019.0,16.8,23.1,36.6,23.42,16.8,69.5,7.099999999999999
dragon valor,PS,3.74,3.01,24.96,"Action, Role-Playing",Namco,Namco,2000.0,7.28,15.62,23.0,10.23,7.28,57.0,8.6
dragon's crown,VITA,4.08,3.21,50.58,"Action, Beat Em Up, Role-Playing",Unknown,Atlus,2013.0,14.13,21.95,78.37,24.33,14.13,79.5,8.2
dragon's dogma,PS3,4.23,3.2,63.58,"Action, Role-Playing",Capcom,EA Electronic Arts,2012.0,36.55,56.75,112.83,57.48,36.55,76.5,8.100000000000001
dragon's dogma: dark arisen,PC,4.19,3.2,73.79,"Action, Open World, Role-Playing",Capcom,Capcom,2013.0,32.98,55.58,119.57,56.77,32.98,79.0,8.05
dragon's lair 3d: return to the lair,GC,3.56,3.78,22.59,"Action, Adventure",Dragonstone Software,Ubisoft,2002.0,5.47,5.73,4.0,5.33,5.47,61.0,7.333333333333333
dragon's prophet,PC,3.04,3.67,74,"Action, Massively Multiplayer, Role-Playing",Daybreak Games,Daybreak Games,2013.0,40.0,13.42,20.95,40.0,40.0,63.0,5.9
dragoneer's aria,PSP,3.24,3.37,38.57,Role-Playing,Hit Maker,Nippon Ichi Software,2007.0,37.63,34.13,20.95,36.47,37.63,56.0,6.4
drakan: the ancients' gates,PS2,3.69,3.26,36.3,"Action, Adventure",Surreal Software,Sony Computer Entertainment,2002.0,16.58,24.22,18.85,19.37,16.58,78.0,8.8
drakengard,MOBI,3.27,3.89,11.6,"Action, Role-Playing",Cavia,Unknown,2004.0,10.62,20.07,31.75,20.37,10.62,63.0,8.0
drakengard 2,PS2,3.44,3.22,38.16,"Action, Role-Playing",Cavia,Unknown,2006.0,17.32,42.12,73.25,30.48,17.32,58.0,6.9
drakengard 3,PS3,3.72,3.27,43.58,"Action, Role-Playing",Access Games,Square Enix,2014.0,17.23,28.15,41.47,27.07,17.23,61.0,8.1
drakensang: the dark eye,PC,3.63,3.09,54.44,Role-Playing,Radon Labs,Unknown,2009.0,32.15,53.92,61.38,52.22,32.15,75.0,8.3
draugen,PC,3.26,1.18,3.54,"Adventure, First-Person",Red Thread Games,Red Thread Games,2019.0,2.93,3.45,4.72,3.42,2.93,73.0,6.7
drawn to death,PS4,2.73,2.79,34.13,"Shooter, Third-Person",Unknown,Sony Interactive Entertainment,2017.0,8.2,13.42,20.95,11.25,8.2,56.0,5.9
drawn to life,DS,3.54,2.66,16.49,"Action, Adventure",5TH Cell,THQ,2007.0,12.42,13.98,15.07,13.15,12.42,73.0,7.7
drawn to life: spongebob squarepants edition,DS,3.39,2.71,13.62,Action,Altron,Play THQ,2008.0,7.2,23.37,20.95,14.12,7.2,68.0,7.3
dread nautical,PS4,3.25,3.63,14,"Role-Playing, Turn-Based",Zen Studios,Zen Studios,2020.0,10.0,13.42,35.0,22.5,10.0,58.0,7.333333333333333
dreadout,PC,3.39,3.46,7.26,"Adventure, Third-Person",Digital Happiness,Digital Happiness,2014.0,4.27,5.42,9.05,5.45,4.27,55.0,6.4
dream chronicles,DS,3.21,2.38,13.4,"Adventure, Puzzle",KatGames,PlayFirst,2007.0,3.73,10.0,2.28,4.53,3.73,33.5,7.333333333333333
dream pinball 3d,PC,2.85,2.2,23.7,Pinball,TopWare,SouthPeak Games,2008.0,1.83,1.07,0.87,1.4,1.83,54.0,7.599999999999999
dream trigger 3d,3DS,2.8,3.59,32.88,"Arcade, Shooter",Unknown,D3 Publisher,2011.0,8.55,13.42,20.95,8.55,8.55,54.0,6.3
dreamfall chapters,PS4,3.53,2.9,26.5,"Adventure, Third-Person",Red Thread Games,Red Thread Games,2014.0,21.92,24.95,37.92,25.85,21.92,69.0,7.05
dreamfall: the longest journey,PC,3.69,2.68,18.82,Adventure,Funcom,Unknown,2006.0,12.42,13.68,14.93,13.33,12.42,74.0,8.5
dreamworks shrek the third,DS,2.97,2.67,14.25,"Action, Adventure",Unknown,Activision,2007.0,3.78,6.0,11.2,5.3,3.78,60.75,5.2
driftmoon,PC,3.76,2.13,12.33,"Action, Adventure, Role-Playing",Instant Kingdom,Instant Kingdom,2013.0,9.28,10.83,11.27,10.7,9.28,73.0,7.4
drill dozer,GBA,3.95,3.09,13.97,"Action, Platform",Game Freak,Nintendo,2006.0,5.93,7.12,13.08,6.5,5.93,81.0,8.8
drive girls,VITA,2.74,3.18,15.6,Action,Tamsoft,Aksys Games,2017.0,11.6,13.42,20.95,11.6,11.6,39.0,5.7
driveclub,PS4,3.43,3.5,43.37,"Driving, Racing",Evolution Studios,Sony Computer Entertainment,2014.0,20.1,30.53,54.17,33.52,20.1,71.0,6.3
driveclub bikes,PS4,3.85,3.17,35.5,"Driving, Racing",Evolution Studios,SCEA,2015.0,12.1,30.0,36.88,23.8,12.1,79.0,7.4
driven,PS2,2.0,3.69,19.25,"Driving, Racing",BAM! Entertainment,BAM! Entertainment,2002.0,3.18,13.42,20.95,3.18,3.18,53.666666666666664,5.2
driver 2,PS,3.53,3.47,23.88,Action,Reflections Interactive,Infogrames,2000.0,14.35,16.25,15.55,14.92,14.35,62.0,7.7
driver 2 advance,GBA,2.95,3.59,11.73,"Driving, Racing",Sennari Interactive,Infogrames,2002.0,2.12,13.42,2.22,2.15,2.12,73.0,6.3
driver: parallel lines,PC,3.42,2.93,32.06,"Driving, Racing, Shooter",Reflections Interactive,Unknown,2006.0,8.92,15.37,40.37,12.3,8.92,65.66666666666667,6.066666666666666
driver: san francisco,WII,3.37,2.22,33.2,Sandbox,Ubisoft Reflections,Ubisoft,2011.0,9.25,14.45,24.62,12.92,9.25,75.75,7.35
driving emotion type-s,PS2,2.53,4.39,58.75,"Driving, Racing",Escape,Unknown,2001.0,4.62,13.42,20.95,4.62,4.62,55.0,2.5
drome racers,GC,2.9,2.77,18.29,Unknown,Attention to Detail,Unknown,2002.0,7.82,13.42,20.95,7.82,7.82,65.0,4.4
drone tactics,DS,3.71,3.39,36,"Strategy, Turn-Based",Success,Atlus,2008.0,8.2,31.03,20.95,31.03,8.2,74.0,7.8
dropship: united peace force,PS2,3.42,3.86,26,"Flight, Simulation",Team Soho,Unknown,2002.0,12.8,13.42,19.08,14.07,12.8,78.0,8.6
dropsy,PC,3.95,3.24,8.61,Adventure,Unknown,Devolver Digital,2015.0,4.5,5.52,7.3,5.65,4.5,80.0,7.5
drox operative,PC,4.11,3.64,80.00+,"Action, Real-Time, Role-Playing, Top-Down",Soldak Entertainment,Soldak Entertainment,2012.0,8.2,13.42,5.0,5.0,8.2,74.0,7.1
druidstone: the secret of the menhir forest,PC,3.14,3.86,17.75,"Role-Playing, Turn-Based",Ctrl Alt Ninja,Ctrl Alt Ninja,2019.0,13.57,21.4,30.45,23.75,13.57,79.0,7.3
dual blades,GBA,3.17,3.06,5.96,Fighting,Sobee,Metro3D,2002.0,0.45,13.42,20.95,0.45,0.45,61.0,7.333333333333333
dual hearts,PS2,3.69,2.98,24.03,Action Adventure,Matrix Software,Unknown,2002.0,15.87,20.72,33.72,22.93,15.87,70.0,6.8
duel masters,PS2,3.18,2.44,24.51,Strategy,Takara,Takara,2004.0,7.25,13.42,20.95,7.25,7.25,66.0,8.3
duel masters: kaijudo showdown,GBA,3.23,2.95,23.33,"Action, Adventure, Card Game, Real-Time, Role-Playing, Side, Strategy, Top-Down, Turn-Based",Mistic Software,Atari SA,2004.0,20.35,13.42,20.95,20.35,20.35,66.0,7.333333333333333
duel masters: sempai legends,GBA,3.07,2.85,24.8,Card Game,Mistic Software,Atari,2004.0,6.65,13.42,20.95,6.65,6.65,69.0,8.3
duelyst,PC,3.76,3.14,57.43,"Car Combat, Turn-Based",Counterplay Games,Counterplay Games,2016.0,8.2,16.0,98.78,82.23,8.2,82.0,7.7
duke nukem 3d,GEN,2.3,3.77,3.81,"First-Person, Shooter",3D Realms,GT Interactive Software,1996.0,9.42,11.57,13.48,10.45,9.42,84.5,8.399999999999999
duke nukem 3d: 20th anniversary world tour,NS,3.94,3.21,16.36,"First-Person, Shooter",Unknown,Gearbox Publishing,2016.0,7.58,13.63,13.37,11.55,7.58,74.5,7.1
duke nukem 3d: megaton edition,VITA,3.68,3.5,35.88,"First-Person, Shooter",3D Realms,Devolver Digital,2013.0,10.77,17.82,22.83,16.87,10.77,69.5,7.6
duke nukem 64,N64,3.62,3.42,22.24,First-Person Shooter,3D Realms,GT Interactive,1997.0,7.22,13.42,11.5,7.93,7.22,73.0,7.4
duke nukem advance,GBA,3.39,3.33,10.81,"First-Person, Shooter",Torus Games,Take-Two Interactive,2002.0,3.2,5.85,6.07,4.78,3.2,81.0,8.3
duke nukem forever,PS3,2.9,3.08,14.37,"First-Person, Shooter",Unknown,2K Games,2011.0,9.32,12.63,21.2,11.17,9.32,51.333333333333336,5.066666666666666
duke nukem: critical mass,DS,2.52,3.68,11.82,Platform,Frontline Studios,Deep Silver,2011.0,4.18,13.42,9.25,5.87,4.18,29.0,3.6
duke nukem: land of the babes,PS,3.14,3.15,12.32,Adventure,N-Space,Unknown,2000.0,6.28,5.75,9.02,6.78,6.28,37.0,6.9
duke nukem: manhattan project,X360,3.06,3.41,6.85,Platform,Unknown,Unknown,2002.0,6.42,7.47,11.35,7.48,6.42,59.5,7.3999999999999995
dungelot: shattered lands,PC,3.36,4.0,6.4,"Action, Role-Playing",Red Winter Software,tinyBuild,2016.0,8.2,26.27,31.83,28.8,8.2,78.0,6.8
dungeon encounters,PS4,3.94,3.29,20.8,Role-Playing,Square Enix,Square Enix,2021.0,28.98,40.9,48.42,39.67,28.98,81.0,6.6
dungeon explorer: warriors of ancient arts,DS,3.3,2.89,23.14,"Action, Role-Playing",Hudson Soft,Hudson Soft,2008.0,12.58,12.75,20.95,12.62,12.58,58.0,6.2
dungeon fighter live: fall of hendon myre,X360,3.59,3.12,17.33,"Fighting, Role-Playing",Unknown,Microsoft Studios,2012.0,9.0,8.48,26.02,17.38,9.0,53.0,7.5
dungeon hearts,PC,3.38,3.67,4,Unknown,Cube Roots,Devolver Digital,2013.0,2.72,4.53,17.83,6.47,2.72,73.0,6.4
dungeon hunter: alliance,VITA,3.25,2.97,36.03,Unknown,Gameloft,Gameloft,2011.0,18.68,23.78,58.5,26.22,18.68,58.0,6.95
dungeon lords,PC,2.86,3.04,52.54,Unknown,Heuristic Park,Unknown,2005.0,8.2,32.27,20.95,32.27,8.2,45.0,5.1
dungeon maker: hunting ground,PSP,3.54,3.07,56.77,Role-Playing,Global A Entertainment,XSEED Games,2007.0,120.0,13.42,20.95,120.0,120.0,70.0,6.6
dungeon of the endless,PC,3.81,4.0,35.6,"Adventure, Real-Time, Roguelike, Role-Playing, Top-Down, Turn-Based",AMPLITUDE Studios,AMPLITUDE Studios,2013.0,8.83,29.65,120.15,24.83,8.83,78.5,7.7
dungeon siege,PC,3.62,3.01,43.95,Role-Playing,Gas Powered Games,Microsoft Game Studios,2002.0,27.72,33.57,49.7,34.02,27.72,86.0,7.8
dungeon siege ii,PC,3.73,2.99,51.76,Role-Playing,Gas Powered Games,Microsoft Game Studios,2005.0,27.78,41.75,62.78,39.47,27.78,80.0,7.8
dungeon siege iii,PC,3.15,2.92,30.25,"Action, Hack And Slash, Open World, Role-Playing, Top-Down",Obsidian Entertainment,Square Enix,2011.0,15.48,18.8,27.13,18.82,15.48,71.66666666666667,5.6000000000000005
dungeon siege: throne of agony,PSP,3.7,2.84,29.8,Role-Playing,SuperVillain Studios,2K Games,2006.0,17.25,16.0,16.83,16.83,17.25,74.0,8.0
dungeon souls,PC,3.36,3.0,10.17,Role-Playing,Mike Studios,Black Shell Media,2015.0,11.4,18.75,39.37,20.4,11.4,67.0,6.0
dungeon travelers 2: the royal library & the monster seal,VITA,4.1,3.44,80.00+,"Adventure, First-Person, Role-Playing, Turn-Based",Sting,Atlus,2015.0,54.33,120.37,20.95,79.1,54.33,73.0,8.5
dungeonland,PC,2.98,3.38,7.33,"Action, Role-Playing",Critical Studio,Paradox Interactive,2013.0,1.08,1.0,1.08,1.07,1.08,67.0,7.5
dungeons,PC,3.24,3.33,14,"Simulation, Strategy",Realmforge Studios,Kalypso Media,2011.0,17.25,20.5,27.0,19.85,17.25,65.0,4.7
dungeons & dragons tactics,PSP,3.24,3.37,20.94,"Role-Playing, Tactical",Kuju Entertainment,Atari,2007.0,8.2,59.63,21.2,40.42,8.2,58.0,7.6
dungeons & dragons: chronicles of mystara,PS3,3.71,3.3,10.87,"Action, Beat Em Up, Role-Playing",Iron Galaxy Studios,Capcom,2013.0,2.22,5.43,20.68,4.9,2.22,79.25,6.875
dungeons & dragons: daggerdale,PC,1.68,2.04,22.67,"Action, Adventure",Bedlam Games,Atari,2011.0,6.85,8.7,20.87,10.48,6.85,47.5,4.25
dungeons & dragons: dragonshard,PC,3.29,3.19,30.4,"Real-Time, Strategy/Tactical",Liquid Entertainment,Atari,2005.0,17.1,15.63,20.95,16.37,17.1,80.0,7.6
dungeons 2,PC,3.29,3.15,30.63,"Role-Playing, Strategy",Realmforge Studios,Kalypso Media Digital,2015.0,15.9,23.13,31.48,20.92,15.9,65.5,6.9
dungeons 3,PC,3.38,3.1,22.4,"Simulation, Strategy",Realmforge Studios,Kalypso Media Digital,2017.0,26.53,36.6,63.15,34.5,26.53,75.0,7.7
dusk diver,PC,2.43,2.33,12.8,"Action, Role-Playing",Unknown,Jfi Games,2019.0,9.12,13.45,22.35,13.38,9.12,64.0,7.099999999999999
duskers,PC,3.83,4.0,28,Strategy,Misfits Attic,Misfits Attic,2015.0,7.57,20.37,20.95,16.53,7.57,83.0,6.6
dust: an elysian tail,PS4,3.88,2.84,20.11,"Action, Adventure, Hack And Slash, Platform, Role-Playing, Scrolling, Side",Humble Hearts,Microsoft Studios,2012.0,10.27,13.83,18.8,14.25,10.27,84.0,8.25
dustforce,PS3,2.94,4.06,28.33,"Action, Platform",Hitbox Team,Unknown,2012.0,31.45,39.37,43.65,37.0,31.45,74.0,7.066666666666666
dwarf fortress,PC,4.32,4.61,80.00+,Unknown,Bay 12 Games,Kitfox Games,2006.0,74.18,116.57,200.0,112.07,74.18,93.0,8.5
dyad,PS3,3.32,3.65,24.2,"Driving, Music/Rhythm, Puzzle, Racing, Shooter",RSBLSB Games,RSBLSB Games,2012.0,2.63,2.92,20.95,2.72,2.63,82.0,6.0
dying light: platinum edition,NS,4.19,3.68,75,"First-Person, Horror, Shooter, Survival",Techland,Techland,2021.0,24.48,48.17,66.15,46.47,24.48,78.0,8.3
dynasty tactics,PS2,3.55,3.4,38.58,Role-Playing,Koei,Koei,2002.0,13.55,13.42,47.47,24.85,13.55,79.0,8.2
dynasty tactics 2,PS2,3.82,3.03,56.11,Role-Playing,Koei,Koei,2003.0,10.0,32.5,50.0,31.25,10.0,78.0,8.2
dynasty warriors 2,PS2,3.55,3.02,33.8,"Action, Fighting, Hack And Slash, Multidirectional, Third-Person",Omega Force,Koei,2000.0,8.12,17.32,36.17,13.07,8.12,75.0,8.4
dynasty warriors 3,XBOX,3.69,3.0,53.38,Unknown,Omega Force,Koei,2001.0,7.35,27.87,91.85,29.3,7.35,74.0,8.8
dynasty warriors 3: xtreme legends,PS2,3.92,3.22,44.83,Action,Koei,Koei,2003.0,5.9,37.73,9.77,22.2,5.9,72.0,8.5
dynasty warriors 4,PS2,3.89,2.99,48.62,Hack And Slash,Omega Force,Koei,2003.0,10.58,46.83,134.75,37.03,10.58,76.5,8.850000000000001
dynasty warriors 4: empires,PS2,3.81,3.02,41.03,"Action, Role-Playing, Strategy",Omega Force,Koei,2004.0,14.38,26.0,83.9,38.85,14.38,71.0,8.6
dynasty warriors 4: xtreme legends,PS2,3.75,3.09,41.3,Hack And Slash,Omega Force,Koei,2003.0,12.0,13.28,20.95,12.97,12.0,72.0,8.3
dynasty warriors 5,XBOX,4.01,3.0,65.85,Hack And Slash,Omega Force,Koei,2005.0,26.27,58.53,59.45,43.3,26.27,67.5,8.399999999999999
dynasty warriors 5: xtreme legends,PS2,3.94,2.92,41.4,"Action, Hack And Slash",Omega Force,KOEI,2005.0,8.75,32.08,35.0,22.35,8.75,57.0,8.3
dynasty warriors 6,PS3,3.6,2.74,40.81,"Action, Hack And Slash",Omega Force,Koei,2008.0,16.32,47.48,100.0,34.28,16.32,54.0,6.866666666666667
dynasty warriors 7,PS3,4.05,2.72,54.1,Action,Omega Force,Koei,2011.0,24.07,41.83,114.23,62.07,24.07,57.5,7.7
dynasty warriors 7: xtreme legends,PS3,4.09,2.91,49.96,Beat Em Up,Omega Force,Koei,2011.0,13.57,31.47,112.25,39.77,13.57,64.0,7.3
dynasty warriors 8,X360,4.04,2.83,55.56,"Action, Hack And Slash",Omega Force,Koei,2013.0,23.52,49.15,107.9,46.73,23.52,66.5,7.85
dynasty warriors 9,PC,2.73,2.37,65.18,Hack And Slash,Omega Force,Koei Tecmo,2018.0,33.15,114.6,167.48,96.07,33.15,59.333333333333336,8.899999999999999
dynasty warriors advance,GBA,3.23,3.07,24.53,"Action, Hack And Slash, Tactical",Unknown,Nintendo,2005.0,8.0,26.0,100.0,30.0,8.0,56.0,7.6
dynasty warriors ds: fighter's battle,DS,2.8,2.49,12.4,"Action, Tactical",Koei,Unknown,2007.0,3.0,13.42,20.95,3.0,3.0,56.0,6.8
dynasty warriors next,VITA,3.8,2.95,43.31,"Action, Beat Em Up",Omega Force,Koei,2012.0,17.47,34.7,30.0,27.33,17.47,67.0,7.5
dynasty warriors vol. 2,PSP,3.67,3.02,40.73,"Action, Arcade, Hack And Slash, Real-Time, Third-Person",Omega Force,Koei,2006.0,1.95,10.0,20.95,3.57,1.95,57.0,6.4
dynasty warriors: gundam,PS3,3.67,3.0,45.26,"Action, Role-Playing",Unknown,Namco Bandai,2007.0,8.12,29.3,50.5,27.85,8.12,57.5,6.6
dynasty warriors: gundam 2,PS3,4.0,3.1,61.9,Action,Unknown,Namco Bandai,2009.0,40.0,47.87,20.95,46.88,40.0,51.666666666666664,6.666666666666667
dynasty warriors: gundam 3,PS3,4.07,3.07,65.19,"Action, Hack And Slash, Role-Playing",Unknown,Namco Bandai,2011.0,36.58,55.67,100.88,59.32,36.58,61.5,7.65
dynasty warriors: gundam reborn,PS3,4.18,2.98,72.1,"Action, Role-Playing",Unknown,Bandai Namco Games,2014.0,13.28,62.83,151.6,75.9,13.28,64.0,7.4
dynasty warriors: strikeforce,PS3,3.52,3.22,54,"Action, Hack And Slash",Omega Force,Koei,2009.0,12.8,13.3,58.22,18.6,12.8,62.666666666666664,6.6000000000000005
dyscourse,PC,3.5,2.67,6.06,Adventure,Owlchemy Labs,Owlchemy Labs,2015.0,1.22,2.58,9.38,2.67,1.22,71.0,4.9
e.y.e: divine cybermancy,PC,3.43,3.63,28.23,Action,Streum On Studio,Unknown,2011.0,11.82,25.12,50.0,20.77,11.82,61.0,6.9
ea playground,DS,2.87,2.44,8.8,Action,EA Canada,Electronic Arts,2007.0,11.0,13.42,20.95,11.0,11.0,63.0,7.5
ea sports mma,PS3,3.49,3.02,15.67,"Fighting, Sports, Third-Person",EA Tiburon,EA Sports,2010.0,13.43,22.0,20.95,15.88,13.43,78.0,7.35
ea sports ufc 2,PS4,3.47,3.65,45.49,"Fighting, Sports",EA Canada,Electronic Arts,2016.0,7.42,53.73,32.0,22.58,7.42,77.5,5.699999999999999
ea sports ufc 3,XONE,3.0,3.59,35.78,"Fighting, Sports",EA Canada,EA Sports,2018.0,9.1,16.3,60.03,18.13,9.1,76.0,4.7
eador: masters of the broken world,PC,3.34,3.68,63.5,"Strategy, Turn-Based",Snowbird Game Studios,Snowbird Game Studios,2012.0,84.48,97.5,227.5,129.05,84.48,74.0,7.2
eagle flight,PS4,3.68,3.1,10.19,"Simulation, Virtual Reality",Ubisoft Montreal Studio,Ubisoft,2016.0,2.58,3.97,8.0,3.32,2.58,73.5,6.85
earth 2150,PC,3.83,3.81,37,Strategy,TopWare Interactive,1C Company,2000.0,15.45,10.0,20.95,13.63,15.45,78.0,8.2
earth 2160,PC,3.39,3.47,19,"Real-Time, Strategy",Reality Pump Studios,Midway Games,2005.0,34.85,13.42,23.4,29.12,34.85,73.0,7.4
earth atlantis,NS,4.04,3.92,9.78,Adventure,Pixel Perfex,Headup Games,2017.0,4.32,13.42,20.95,4.32,4.32,70.0,7.2
earth defense force 2017,X360,3.76,3.57,46.14,"Shooter, Third-Person",Sandlot,D3 Publisher,2007.0,8.6,31.98,45.0,18.82,8.6,69.0,7.6
earth defense force 2017 portable,VITA,4.08,3.37,60.1,"Shooter, Third-Person",Sandlot,D3Publisher,2013.0,10.05,14.03,20.95,11.27,10.05,68.0,7.6
earth defense force 2025,PS3,3.96,3.35,71.7,"Shooter, Third-Person",Sandlot,D3 Publisher,2014.0,16.28,41.68,20.95,21.72,16.28,68.5,7.75
earth defense force 4.1: the shadow of new despair,PS4,4.08,3.47,77.58,"Shooter, Third-Person",Unknown,Xseed,2015.0,23.38,54.12,733.95,52.85,23.38,64.0,7.4
earth defense force 5,PC,3.94,3.5,73.75,"Shooter, Third-Person",Sandlot,D3 Publisher,2018.0,30.58,57.88,400.0,43.63,30.58,72.0,7.5
earth defense force: insect armageddon,PC,3.34,2.83,17.88,"Shooter, Third-Person",Vicious Cycle Software,D3 Publisher,2011.0,5.38,8.73,13.87,6.33,5.38,66.66666666666667,7.433333333333334
earth defense force: iron rain,PS4,3.57,3.71,47.43,"Shooter, Third-Person",Yuke's,D3 Publisher,2019.0,11.15,16.68,20.95,12.53,11.15,69.0,5.2
earth's dawn,XONE,3.33,3.71,9.5,"Action, Beat Em Up, Role-Playing, Side",One or Eight,Rising Star Games,2016.0,14.7,18.32,26.03,19.6,14.7,68.0,6.900000000000001
earthlock,PC,3.25,3.73,25.71,"Adventure, Role-Playing",Snowcastle Games,Snowcastle Games,2016.0,22.42,30.4,33.48,29.73,22.42,73.0,6.6
earthworm jim,SMS,2.73,3.63,4.88,"Action, Platform, Side",Unknown,Unknown,1995.0,3.35,5.08,4.77,3.77,3.35,70.5,6.5
earthworm jim 2,GBA,2.61,4.0,9.38,Platform,Unknown,Unknown,1995.0,2.83,3.52,4.92,3.25,2.83,45.0,5.7
eastshade,PC,3.23,1.92,14.29,"Adventure, First-Person",Eastshade Studios,Eastshade Studios,2019.0,9.45,12.78,14.15,12.88,9.45,78.0,8.0
eastward,PC,3.64,2.96,30.94,Adventure,Pixpil,Chucklefish,2021.0,20.38,25.13,35.85,24.03,20.38,80.0,7.35
easy come easy golf,NS,3.79,2.75,21.75,Sports,Clap Hanz,Clap Hanz,2022.0,8.5,20.0,25.0,15.5,8.5,85.0,5.7
eat lead: the return of matt hazard,PS3,3.02,3.18,13.84,"Shooter, Third-Person",Vicious Cycle Software,D3 Publisher,2009.0,7.25,9.07,16.83,9.1,7.25,52.0,6.4
eat them!,PS3,3.07,3.0,7.39,Action,FluffyLogic,Unknown,2010.0,3.3,7.0,20.95,4.78,3.3,65.0,7.3
ecco the dolphin,GG,3.07,3.8,14.67,"Action, Adventure, Scrolling, Side",Novotrade International,Sega,1992.0,6.23,5.67,7.47,6.42,6.23,53.0,8.0
ecco the dolphin: defender of the future,PS2,3.44,3.7,25.32,Adventure,Appaloosa Interactive,Unknown,2000.0,15.8,14.12,20.95,15.05,15.8,77.5,8.25
echelon,C64,4.06,4.0,0.75,"Action, Simulation",MADia Entertainment,Buka Entertainment,2001.0,8.2,50.0,20.95,50.0,8.2,70.0,7.3
echo: secrets of the lost cavern,PC,3.9,2.71,12,Adventure,Kheops Studio,The Adventure Company Coladia Games,2011.0,4.37,13.42,20.95,4.37,4.37,71.0,6.3
echoes of aetheria,PC,3.68,2.88,19.27,Role-Playing,Dancing Dragon Games,Degica,2016.0,17.95,25.63,47.77,27.85,17.95,77.0,7.1
ecks vs. sever,GBA,2.81,3.51,10.13,"First-Person, Shooter",Crawfish Interactive,BAM! Entertainment,2001.0,6.02,5.13,20.95,5.88,6.02,80.0,8.0
ecw anarchy rulz,DC,1.27,4.16,7.45,"Fighting, Sports",Acclaim Studios Salt Lake City,Acclaim Entertainment,2000.0,4.75,6.0,20.95,5.37,4.75,40.5,6.6
edge of eternity,PS4,3.37,3.56,58.8,"Role-Playing, Third-Person, Turn-Based",Midgar Studio,Playdius,2021.0,28.02,50.63,82.6,51.1,28.02,63.5,6.55
edge of nowhere,PC,3.83,3.29,9.6,"Third-Person, Virtual Reality",Insomniac Games,Oculus Studios,2016.0,4.87,3.85,3.33,4.25,4.87,71.0,6.8
edna & harvey: harvey's new eyes,PC,3.77,3.0,9.3,"Adventure, Puzzle",Daedalic Entertainment,Daedalic Entertainment,2012.0,7.55,8.68,10.02,8.53,7.55,75.0,7.7
edna & harvey: the breakout,PC,3.71,3.15,11.98,Adventure,Daedalic Entertainment,Unknown,2011.0,9.03,12.25,11.03,10.42,9.03,56.0,6.6
eets,PC,3.19,2.56,16,Puzzle,Klei Entertainment,Unknown,2006.0,4.68,4.35,6.97,5.75,4.68,81.0,6.3
efootball pes 2020,PS4,3.49,3.48,75,"Simulation, Sports",Konami Digital Entertainment,Konami Digital Entertainment,2019.0,119.72,429.0,351.83,248.63,119.72,82.0,7.3
efootball pes 2021,PC,3.56,3.67,78.86,Sports,Konami Digital Entertainment,Konami Digital Entertainment,2020.0,49.9,148.55,120.43,85.13,49.9,73.0,5.3
egg mania: eggstreme madness,PS2,3.23,2.73,18,Puzzle,HotGen,Kemco,2002.0,1.2,13.42,20.95,1.2,1.2,62.0,8.0
einhander,PS,3.9,3.95,15.68,Unknown,Square,Unknown,1998.0,2.33,5.65,4.18,2.93,2.33,89.0,8.7
eiyuden chronicle: rising,PC,3.5,2.43,17.05,"Action, Role-Playing, Scrolling, Side",Unknown,505 Games,2022.0,12.78,16.38,19.97,17.13,12.78,70.0,6.266666666666667
eiyuu senki: the world conquest,PS3,3.54,2.93,47.58,"First-Person, Role-Playing, Turn-Based, Visual Novel",Tenco,Mages,2015.0,25.87,54.83,71.57,56.93,25.87,69.0,8.0
el matador,PC,2.98,3.53,7.73,"Action, Real-Time, Shooter, Third-Person",Plastic Reality Technologies,Cenega Publishing,2006.0,4.17,4.18,9.1,4.4,4.17,54.0,5.0
el shaddai: ascension of the metatron,X360,3.24,2.93,16.94,"Action, Hack And Slash, Third-Person",Ignition Entertainment,Ignition Entertainment,2011.0,8.42,10.58,19.87,9.08,8.42,76.5,7.35
el tigre: the adventures of manny rivera,PS2,2.94,3.08,7.67,Action,Unknown,Unknown,2008.0,1.37,13.42,20.95,1.37,1.37,62.0,8.5
elden ring,XONE,3.55,3.71,68.32,"Action, Open World, Role-Playing, Third-Person",FromSoftware,Bandai Namco Entertainment,2022.0,59.7,103.73,141.12,110.17,59.7,95.33333333333333,7.433333333333334
eldest souls,PC,3.67,3.83,12.1,"Action, Adventure",Fallen Flag Studio,Unknown,2021.0,5.45,7.58,13.73,6.78,5.45,77.5,6.1
eldritch,PC,3.34,3.62,8.58,"Action, First-Person, Roguelike",Minor Key Games,Minor Key Games,2013.0,3.87,7.43,24.78,7.82,3.87,77.0,6.8
elebits,WII,3.58,2.99,24.19,"Action, First-Person, Shooter",Konami Digital Entertainment,Konami,2006.0,9.5,13.42,20.95,9.5,9.5,75.0,7.3
elebits: the adventures of kai and zero,DS,4.1,2.7,26.45,Action,Konami,Konami,2009.0,8.45,14.63,18.52,12.75,8.45,75.0,8.2
electroplankton,DS,3.42,1.58,6.83,Music,indieszero,Nintendo,2006.0,0.72,13.42,1.13,0.75,0.72,71.0,7.0
elemental gearbolt,PS,3.77,3.55,12.18,Light Gun Shooter,Alfa System,Unknown,1998.0,0.9,3.2,20.95,1.07,0.9,76.0,7.333333333333333
elemental: war of magic,PC,2.87,2.7,27.43,"4X, Strategy/Tactical, Turn-Based",Stardock,Unknown,2010.0,20.0,13.42,20.95,20.0,20.0,53.0,5.9
elements of destruction,DS,2.61,2.25,16,"Action, Adventure",Frozen Codebase,THQ,2008.0,3.0,13.42,20.95,3.0,3.0,65.0,7.333333333333333
elite beat agents,DS,4.16,3.6,21.64,Music/Rhythm,iNiS,Nintendo,2006.0,3.92,7.4,28.73,7.45,3.92,87.0,8.5
elite warriors: vietnam,PC,3.25,3.5,20,"Shooter, Tactical",nFusion,Unknown,2005.0,5.58,13.42,20.95,5.58,5.58,46.0,5.7
elite: dangerous,PC,3.88,3.46,80.00+,Adventure,Frontier Developments,Frontier Developments,2014.0,134.3,321.57,901.72,377.67,134.3,79.0,6.7666666666666675
elliot quest,WIIU,3.88,3.68,23.33,Platform,Ansimuz Games,PlayEveryWare,2013.0,13.6,17.55,16.0,16.28,13.6,76.0,7.8
else heart.break(),PC,3.76,3.29,28,Adventure,Unknown,Erik Sved,2015.0,13.28,29.92,20.95,18.53,13.28,79.0,7.2
embers of mirrim,PS4,3.91,3.57,14.36,Adventure,Creative Bytes Studios,Creative Bytes Studios,2017.0,8.2,5.0,20.95,5.0,8.2,76.5,7.8
emergency heroes,WII,2.79,2.75,13.71,"Driving, Racing",Unknown,Ubisoft,2008.0,3.63,13.42,20.95,3.63,3.63,41.0,5.2
emergency: fighters for life,PC,3.71,3.69,26.5,"Isometric, Real-Time, Strategy/Tactical",TopWare Interactive,WizardWorks,1998.0,8.2,13.42,28.1,28.1,8.2,71.0,7.8
emperor: battle for dune,PC,3.74,3.19,42,"Real-Time, Strategy",Unknown,EA Games,2001.0,21.5,20.0,37.0,23.83,21.5,79.0,8.4
emperor: rise of the middle kingdom,PC,4.01,3.38,53,City-Building,Unknown,Sierra Entertainment,2002.0,80.97,13.42,20.95,80.97,80.97,77.0,7.8
empire earth,PC,3.83,3.34,50.93,"Real-Time, Strategy/Tactical",Stainless Steel Studios,Sierra Entertainment,2001.0,25.42,56.12,130.0,43.85,25.42,81.0,8.4
empire earth ii,PC,3.5,3.08,37.29,"Real-Time, Strategy/Tactical",Mad Doc Software,Vivendi Universal,2005.0,17.65,44.25,20.95,26.52,17.65,79.0,7.1
empire earth iii,PC,2.78,2.93,15.2,"Real-Time, Strategy/Tactical",Mad Doc Software,Sierra Entertainment,2007.0,20.05,13.42,20.95,20.05,20.05,50.0,3.2
empire: total war,PC,3.84,3.25,60.25,"Strategy/Tactical, Top-Down, Turn-Based",Creative Assembly,Sega,2009.0,22.48,91.6,104.38,63.78,22.48,90.0,7.0
enchanted arms,X360,3.36,2.93,41.2,Role-Playing,From Software,Unknown,2006.0,26.2,43.78,52.07,43.37,26.2,66.5,6.75
enclave,XBOX,3.38,3.4,27.85,Action,Unknown,Unknown,2002.0,8.47,12.52,15.65,10.92,8.47,68.5,7.5
endgame,PS2,2.81,3.06,5.82,Unknown,Cunning Developments,Empire Interactive,2002.0,0.98,13.42,20.95,0.98,0.98,57.0,6.8
endless legend,PC,3.79,3.09,55.74,"Strategy, Turn-Based",AMPLITUDE Studios,AMPLITUDE Studios,2014.0,16.95,41.12,161.52,30.15,16.95,82.0,8.0
endless ocean,WII,3.9,2.44,39.31,Adventure,Arika,Nintendo,2008.0,7.65,13.78,50.0,14.02,7.65,72.0,8.2
endless ocean: blue world,WII,4.23,2.71,65.66,"Adventure, Simulation",Arika,Nintendo,2010.0,13.35,28.85,135.0,31.45,13.35,76.0,8.6
endless space,PC,3.61,3.41,51.32,"Strategy/Tactical, Top-Down, Turn-Based",Amplitude Studios,Iceberg Interactive,2012.0,16.13,48.93,130.05,34.67,16.13,77.0,7.4
endless space 2,PC,3.85,3.64,60.94,"Strategy/Tactical, Turn-Based",AMPLITUDE Studios,SEGA,2016.0,21.22,50.15,206.0,45.83,21.22,80.0,7.8
enemy front,X360,2.37,3.23,9.21,"First-Person, Shooter",CI Games,Bandai Namco Games,2014.0,5.77,7.92,11.22,6.83,5.77,43.333333333333336,5.633333333333333
enemy territory: quake wars,PS3,3.02,2.55,8.94,"First-Person, Shooter",Unknown,Activision,2007.0,9.98,12.47,20.95,10.67,9.98,71.0,7.300000000000001
enigmatis: the ghosts of maple creek,PS4,3.02,2.1,9.53,Hidden Object,Artifex Mundi,Unknown,2011.0,4.68,5.47,6.3,5.72,4.68,66.0,7.400000000000001
enslaved: odyssey to the west,PC,3.57,2.87,13.38,"Action, Adventure",Ninja Theory,Namco Bandai Games,2010.0,8.95,11.03,20.15,10.35,8.95,77.33333333333333,7.699999999999999
enter the gungeon,PS4,3.85,4.17,68.69,Roguelike,Dodge Roll,Devolver Digital,2016.0,24.2,69.43,167.27,83.22,24.2,84.33333333333333,8.033333333333333
enter the matrix,PC,2.85,2.91,14.78,"Action, Third-Person",Shiny Entertainment,Unknown,2003.0,7.38,8.4,13.57,8.58,7.38,62.0,7.55
enthusia professional racing,PS2,4.07,3.75,52.81,"Driving, Racing",Konami,Konami,2005.0,19.85,34.38,20.95,22.27,19.85,70.0,7.6
entwined,PS4,3.18,3.22,6.32,"Action, Music/Rhythm",Pixelopus,Sony Computer Entertainment,2014.0,1.58,4.17,8.87,2.32,1.58,59.0,6.7
eoe: eve of extinction,PS2,3.04,2.95,17.44,Beat Em Up,Yuke,Eidos Interactive,2002.0,4.82,5.23,20.95,4.92,4.82,57.0,7.8
ephemeral fantasia,PS2,2.98,3.56,45.1,Role-Playing,Konami,Konami,2001.0,38.0,53.02,54.33,45.83,38.0,48.0,7.1
eqqo,NS,3.13,2.0,3.43,Unknown,Parallel Studio,Nakana.io,2020.0,3.4,3.53,5.0,3.53,3.4,66.0,5.6
eragon,X360,2.44,2.58,10.86,"Action Adventure, Hack And Slash",Unknown,Vivendi Universal Games,2006.0,7.7,11.37,12.05,9.42,7.7,55.857142857142854,6.833333333333333
erica,PC,2.63,1.0,5.5,Adventure,Flavourworks,Sony Interactive Entertainment,2019.0,1.93,3.7,11.63,3.38,1.93,69.0,6.8
escape dead island,PC,2.03,3.43,12.75,"Adventure, Survival Horror",Fatshark,Deep Silver,2014.0,6.63,9.22,18.48,8.95,6.63,41.333333333333336,3.466666666666667
escape from bug island,WII,3.17,3.72,16.33,"Adventure, Survival Horror, Third-Person",Spike,Eidos Interactive,2007.0,6.05,9.08,20.95,7.25,6.05,37.0,5.3
escape from monkey island,PC,3.72,3.2,19.61,"Adventure, Point-And-Click",LucasArts,LucasArts,2000.0,10.7,12.78,11.45,11.17,10.7,85.0,7.8999999999999995
escape from paradise city,PC,3.08,2.92,14,Rts/Rpg,Sirius Games,cdv,2007.0,8.2,17.0,20.95,17.0,8.2,62.0,7.1
escape plan,PS4,3.11,3.05,7.9,Puzzle,Fun Bits Interactive,Sony Computer Entertainment,2012.0,3.92,4.85,10.67,4.77,3.92,72.0,7.0
escapevektor,3DS,3.68,3.7,28,"Action, Adventure",Unknown,Nnooo,2012.0,2.95,13.42,20.95,2.95,2.95,75.0,7.6
espn international winter sports 2002,GC,2.74,4.57,10.86,Sports,Konami,Konami,2002.0,1.97,2.23,20.95,2.03,1.97,62.0,7.333333333333333
espn nba 2k5,XBOX,3.31,2.83,30,Sports,Visual Concepts,Unknown,2004.0,8.2,13.42,150.0,150.0,8.2,84.0,7.65
espn nfl 2k5,PS2,3.84,2.98,44.37,Sports,Visual Concepts,2K Sports,2004.0,7.52,75.0,235.0,59.3,7.52,91.0,8.35
espn nfl football,PS2,3.24,2.87,38.2,Sports,Visual Concepts,Sega,2003.0,30.0,13.42,150.0,90.0,30.0,91.0,8.15
espn nhl 2k5,PS2,3.65,2.96,36,Sports,Kush Games,Sega,2004.0,6.0,13.42,20.95,6.0,6.0,87.0,8.05
espn sports connection,WIIU,3.24,2.71,10.13,Sports,Ubisoft,Ubisoft,2012.0,1.53,13.42,20.95,1.53,1.53,31.0,4.0
eternal darkness: sanity's requiem,GC,4.2,3.21,23.9,"Action, Horror",Silicon Knights,Nintendo,2002.0,13.42,15.83,29.63,15.58,13.42,92.0,8.8
eternal poison,PS2,3.64,3.64,61.25,Unknown,Unknown,Unknown,2008.0,51.13,40.0,104.93,70.42,51.13,65.0,8.6
eternal ring,PS2,3.13,3.32,32.92,"Action, Role-Playing",From Software,Unknown,2000.0,10.07,12.62,16.5,11.15,10.07,62.0,6.4
eternal sonata,X360,3.86,2.85,42.7,Role-Playing,Tri-Crescendo,Namco Bandai Games,2007.0,29.7,41.62,67.32,38.62,29.7,79.5,7.85
etherlords,PC,3.43,3.61,67.67,"Strategy, Tactical, Turn-Based",Nival Interactive,Unknown,2001.0,35.37,13.42,20.95,35.37,35.37,77.0,8.1
etherlords ii,PC,3.8,3.38,51,"Card Game, Strategy/Tactical, Turn-Based",Nival Interactive,Unknown,2003.0,16.18,38.45,45.35,34.05,16.18,78.0,8.2
etrian mystery dungeon,3DS,3.53,3.41,51.76,"Role-Playing, Turn-Based",Atlus,Atlus,2015.0,34.1,49.07,70.0,42.28,34.1,77.0,7.9
etrian odyssey,DS,3.84,4.0,60.43,Role-Playing,Unknown,Unknown,2007.0,47.68,52.5,77.72,55.02,47.68,75.0,8.4
etrian odyssey 2 untold: the fafnir knight,3DS,4.23,3.42,69.42,Unknown,Unknown,Atlus,2015.0,40.93,59.68,104.1,59.07,40.93,82.0,8.0
etrian odyssey ii: heroes of lagaard,DS,4.03,3.92,60.9,Role-Playing,Unknown,Atlus,2008.0,45.4,53.77,63.8,51.02,45.4,82.0,8.2
etrian odyssey iii: the drowned city,DS,4.21,3.92,69.43,Role-Playing,Atlus,Atlus,2010.0,45.07,76.85,91.45,67.0,45.07,77.0,8.4
etrian odyssey iv: legends of the titan,3DS,4.18,3.74,68.83,Role-Playing,Atlus,Atlus,2013.0,54.63,77.07,97.25,73.03,54.63,84.0,8.3
etrian odyssey nexus,3DS,4.03,3.51,71.82,Role-Playing,Atlus,Atlus,2019.0,76.77,87.4,175.72,104.52,76.77,81.0,6.7
etrian odyssey untold: the millennium girl,3DS,4.12,3.72,66.72,Role-Playing,Atlus,Atlus,2013.0,47.47,64.38,98.43,59.78,47.47,80.0,8.2
etrian odyssey v: beyond the myth,3DS,4.13,3.7,62.95,Role-Playing,Atlus,Atlus,2017.0,42.7,58.58,111.5,61.82,42.7,80.0,8.0
eufloria,PC,3.55,3.0,12.47,"Real-Time, Strategy",Unknown,Unknown,2009.0,11.6,17.12,23.12,15.3,11.6,68.0,7.55
eureka seven vol. 2: the new vision,PS2,4.06,3.11,17.44,"Shooter, Third-Person",Unknown,Namco Bandai Games,2007.0,14.0,13.42,20.95,14.0,14.0,40.0,7.6
euro truck simulator 2,PC,3.99,2.66,69.32,"Driving, Open World, Racing, Simulation",SCS Software,SCS Software,2012.0,51.2,135.83,496.58,182.87,51.2,79.0,8.6
europa universalis,PC,3.36,3.32,74.2,Strategy,Paradox Development Studio,Strategy First,2000.0,26.23,20.0,20.95,24.67,26.23,86.0,7.6
europa universalis ii,PC,4.12,3.76,68.1,Strategy,Paradox Development Studio,Unknown,2001.0,35.12,13.42,20.95,35.12,35.12,87.0,8.6
europa universalis iii,PC,3.91,3.78,80.00+,"Real-Time, Strategy",Paradox Interactive,Paradox Interactive,2007.0,79.9,388.17,309.9,224.68,79.9,83.0,8.4
europa universalis: rome,PC,3.0,4.0,36,Strategy,Paradox Development Studio,Paradox Interactive,2008.0,18.32,13.42,20.95,18.32,18.32,73.0,6.0
evan's remains,PC,3.73,2.67,4.36,Platform,Matías Schmied,Whitethorn Digital,2020.0,3.03,3.4,3.63,3.35,3.03,72.0,7.3
event[0],PC,3.7,2.67,4.16,Adventure,Ocelot Society,Ocelot Society,2016.0,2.58,3.35,5.67,3.1,2.58,75.0,7.0
ever oasis,3DS,4.0,2.88,42.52,"Action, Adventure, City-Building, Real-Time, Role-Playing, Third-Person",Grezzo,Nintendo,2017.0,24.2,34.65,53.12,31.22,24.2,76.0,8.1
everblue 2,PS2,3.85,2.91,53.43,Adventure,Arika,Capcom,2003.0,14.05,31.78,50.0,22.97,14.05,59.0,8.0
evergate,NS,4.21,3.43,8.86,"Platform, Puzzle",Stone Lantern Games,PQube Limited,2020.0,5.27,8.85,9.23,7.58,5.27,70.0,7.5
evergrace,PS2,2.91,3.58,34.3,"Action, Role-Playing",From Software,Unknown,2000.0,10.75,12.87,20.95,11.13,10.75,59.0,8.0
everhood,PC,4.07,3.52,12.42,Role-Playing,Unknown,Unknown,2021.0,6.67,10.1,23.13,8.88,6.67,82.0,7.7
everquest,PC,3.86,3.94,80.00+,"Massively Multiplayer, Role-Playing",Sony Online Entertainment,Sony Online Entertainment,1999.0,593.5,560.13,20.95,574.95,593.5,85.0,7.9
everquest ii,PC,3.81,3.29,80.00+,"Massively Multiplayer, Role-Playing",Sony Online Entertainment,Sony Online Entertainment,2004.0,8.2,13.42,20.95,11.25,8.2,83.0,7.3
everybody's golf vr,PS4,3.83,3.77,11.2,Sports,Clap Hanz,Sony Interactive Entertainment,2019.0,5.33,13.42,20.95,5.33,5.33,74.0,8.0
everybody's gone to the rapture,PC,2.98,1.4,12.73,"Adventure, First-Person",Unknown,Sony Computer Entertainment,2015.0,4.53,6.17,9.55,6.03,4.53,77.0,6.0
evil dead: a fistful of boomstick,PS2,3.38,3.11,13.24,"Action, Survival Horror",VIS Entertainment,THQ,2003.0,6.67,6.18,9.87,6.68,6.67,56.5,8.25
evil dead: regeneration,XBOX,3.35,3.09,9.4,"Action, Survival Horror",Cranky Pants Games,THQ,2005.0,6.52,5.97,7.25,6.45,6.52,67.0,7.8500000000000005
evil dead: the game,PC,3.14,3.67,16.36,"Action, Adventure, Horror",Boss Team Games,Saber Interactive,2022.0,3.17,33.27,157.78,41.22,3.17,73.33333333333333,6.3
evil genius,PC,3.93,3.36,39.77,"Real-Time, Strategy",Elixir Studios,Unknown,2004.0,27.23,28.27,58.87,32.2,27.23,75.0,8.4
evil genius 2: world domination,PC,3.38,2.44,46.5,Unknown,Rebellion,Rebellion,2021.0,25.1,35.78,51.92,31.97,25.1,77.33333333333333,5.366666666666667
evil islands: curse of the lost soul,PC,3.81,3.7,55.6,"Real-Time, Role-Playing, Strategy",Nival Interactive,Nival Interactive,2001.0,33.85,32.53,43.63,38.8,33.85,74.0,8.3
evochron mercenary,PC,3.85,3.31,48.57,Simulation,StarWraith 3D Games,StarWraith 3D Games,2010.0,39.0,13.42,20.95,39.0,39.0,70.0,7.6
evoland,PC,3.35,2.63,5.77,"Adventure, Role-Playing",Shiro Games,Shiro Games,2013.0,3.18,4.32,6.8,4.53,3.18,61.0,6.7
evolution skateboarding,GC,3.1,2.92,13.63,Sports,Konami,Konami,2002.0,1.57,13.42,20.95,1.57,1.57,44.0,7.4
evolution snowboarding,GC,3.23,3.0,21.33,Sports,Konami,Konami,2002.0,2.7,13.42,20.95,2.7,2.7,38.0,7.333333333333333
evolution worlds,GC,3.49,2.93,46.86,Role-Playing,Sting Entertainment,Unknown,2002.0,22.72,41.75,32.5,25.3,22.72,63.0,8.3
evolve,PC,2.59,2.83,32.6,"First-Person, Shooter",Turtle Rock Studios,2K Games,2015.0,5.18,8.6,59.87,15.63,5.18,75.66666666666667,4.566666666666666
excite truck,WII,3.72,2.93,17.79,"Driving, Racing",Monster Games,Nintendo,2006.0,8.63,10.85,23.8,12.35,8.63,72.0,8.3
excitebike 64,N64,3.61,3.13,18.52,Unknown,Left Field Productions,Nintendo,2000.0,3.33,8.37,23.5,7.6,3.33,88.0,8.1
excitebike: world rally,WII,3.94,2.89,13.2,"Driving, Racing",Unknown,Nintendo,2009.0,1.62,1.0,3.0,1.77,1.62,70.0,7.5
excitebots: trick racing,WII,4.03,3.21,17.06,"Driving, Racing",Unknown,Nintendo,2009.0,2.67,4.63,79.37,7.87,2.67,77.0,8.2
exile's end,VITA,2.83,3.5,7.11,"Action, Platform",Magnetic Realms,Marvelous,2015.0,5.27,7.53,12.38,7.12,5.27,63.0,6.6
exist archive: the other side of the sky,PS4,3.62,3.09,54.76,"Role-Playing, Side, Turn-Based",Unknown,Aksys Games,2016.0,36.7,53.9,101.1,47.72,36.7,68.5,7.55
expeditions: conquistador,PC,3.89,3.59,37.33,"Role-Playing, Strategy",Logic Artists,bitComposer Games,2013.0,24.85,29.68,40.02,29.4,24.85,77.0,8.0
expeditions: rome,PC,3.92,3.27,46.67,Strategy/Tactical,Logic Artists,THQ Nordic,2022.0,42.15,56.42,62.87,55.8,42.15,80.0,7.7
expeditions: viking,PC,4.05,3.56,38.44,"Role-Playing, Strategy",Logic Artists,Logic Artists,2017.0,31.98,40.47,61.07,41.6,31.98,74.0,8.1
extreme exorcism,PS4,3.0,3.81,10,"Action, Adventure",Golden Ruby Games,Ripstone,2015.0,3.43,3.75,8.17,4.32,3.43,71.5,7.2
extreme-g,N64,3.52,3.35,17.36,"Driving, Racing",Probe Entertainment,Acclaim Entertainment,1997.0,1.63,3.0,18.17,3.78,1.63,82.0,8.5
eyetoy: antigrav,PS2,3.0,3.93,22,Extreme Sports,Harmonix,Sony Computer Entertainment,2004.0,10.0,13.42,20.95,10.0,10.0,71.0,7.4
eyetoy: play,PS2,3.24,2.31,13.81,Party,SCE London Studio,Sony Computer Entertainment,2003.0,4.33,13.42,12.5,5.82,4.33,80.0,7.5
eyetoy: play 2,PS2,3.29,2.58,23.82,Party,SCE London Studio,Sony Computer Entertainment,2004.0,1.87,5.0,6.5,3.63,1.87,78.0,6.8
f-14 tomcat,GBA,3.0,4.05,12,Flight Combat,Activision,Unknown,1988.0,5.0,13.42,20.95,5.0,5.0,67.0,8.0
f-zero gx,GC,4.2,4.33,44.6,"Driving, Racing",Amusement Vision,Nintendo,2003.0,9.07,21.05,59.0,19.97,9.07,89.0,8.6
f-zero x,N64,4.06,3.78,28.14,"Driving, Racing",Nintendo EAD,Nintendo,1998.0,5.02,8.55,14.13,6.65,5.02,85.0,8.7
f-zero: maximum velocity,GBA,3.38,3.88,20.62,"Driving, Racing",Nd Cube,Nintendo,2001.0,2.53,6.03,16.0,4.53,2.53,86.0,7.7
f.e.a.r.,PS3,3.52,3.16,15.1,"First-Person, Shooter",Unknown,Vivendi Universal,2005.0,8.33,10.25,12.38,9.18,8.33,81.66666666666667,7.800000000000001
f.e.a.r. 2: project origin,PC,3.51,2.92,11.23,"First-Person, Shooter",Monolith Productions,WB Games,2009.0,7.23,8.88,10.98,7.97,7.23,78.33333333333333,7.8999999999999995
f.e.a.r. 3,PC,3.15,2.9,10.12,"First-Person, Shooter",Unknown,Warner Bros. Interactive,2011.0,5.78,8.1,18.12,7.07,5.78,74.33333333333333,6.666666666666667
f.e.a.r. files,X360,3.63,3.15,13.75,Horror,Unknown,Sierra Entertainment,2007.0,9.95,13.25,15.0,10.93,9.95,66.0,7.4
f.e.a.r. perseus mandate,PC,3.49,3.07,10.17,"First-Person, Shooter",Timegate Studios,Sierra,2007.0,5.05,6.28,7.38,5.63,5.05,61.0,7.3
f.i.s.t.: forged in shadow torch,PS4,3.86,3.73,28.57,Action,TiGames,bilibili,2021.0,12.48,17.57,20.37,17.23,12.48,79.5,7.05
f1 2001,PC,3.56,2.86,17.5,"Driving, Racing",EA Sports,Electronic Arts,2001.0,5.0,13.42,20.95,5.0,5.0,81.66666666666667,6.766666666666667
f1 2002,GBA,2.85,3.31,38.06,"Driving, Racing",Unknown,Electronic Arts,2002.0,6.78,13.42,20.95,6.78,6.78,80.33333333333333,7.233333333333333
f1 2009,PSP,3.58,3.65,53.83,"Driving, Racing, Simulation",Sumo Digital,Codemasters,2009.0,9.5,13.53,20.95,10.65,9.5,68.5,7.050000000000001
f1 2010,X360,3.91,3.5,56.56,"Driving, Racing",Codemasters Birmingham,Codemasters,2010.0,41.58,34.7,100.63,45.27,41.58,84.0,7.6000000000000005
f1 2011,VITA,3.43,3.3,44.62,"Driving, Racing",Codemasters Birmingham,Codemasters,2011.0,20.4,23.5,52.7,24.18,20.4,74.8,7.02
f1 2012,PS3,3.7,3.31,40.92,"Driving, Racing",Unknown,Unknown,2012.0,51.88,53.75,105.65,59.88,51.88,81.66666666666667,7.2333333333333325
f1 2013,PC,3.55,3.54,46.55,"Driving, Racing, Simulation",Codemasters Birmingham,Codemasters,2013.0,27.58,44.0,70.0,36.98,27.58,77.66666666666667,6.666666666666667
f1 2014,PS3,3.46,3.0,26.25,"Driving, Racing, Simulation",Codemasters Birmingham,Codemasters,2014.0,8.58,43.53,57.17,33.18,8.58,62.333333333333336,4.3999999999999995
f1 2015,PC,3.41,3.77,30.83,"First-Person, Simulation, Sports, Third-Person",Codemasters,Codemasters,2015.0,14.65,31.67,49.45,22.88,14.65,63.333333333333336,5.533333333333334
f1 2016,PS4,3.99,3.63,50.41,Sports,Codemasters Birmingham,Codemasters,2016.0,20.78,47.72,65.53,35.73,20.78,84.33333333333333,7.833333333333333
f1 2017,PS4,3.88,3.5,72.53,"Driving, Racing, Simulation",Unknown,Unknown,2017.0,36.3,60.77,377.35,67.0,36.3,86.33333333333333,7.366666666666666
f1 2018,PC,3.97,3.96,65.86,"Driving, Racing",Codemasters,Codemasters,2018.0,28.85,58.07,78.75,45.93,28.85,83.66666666666667,7.7666666666666675
f1 2019,PC,3.73,3.65,49.54,"Driving, Racing, Simulation",Codemasters,Codemasters,2019.0,32.47,69.87,120.8,62.88,32.47,86.66666666666667,7.3999999999999995
f1 2020,PS4,4.04,3.25,67.45,"Driving, Racing, Simulation",Codemasters,Codemasters,2020.0,35.58,58.45,172.3,93.4,35.58,88.33333333333333,7.3999999999999995
f1 career challenge,GC,2.71,2.78,29.14,"Driving, Racing",Unknown,EA Sports,2003.0,32.83,13.42,20.95,32.83,32.83,70.0,7.900000000000001
f1 race stars,PS3,2.7,2.7,26.4,"Driving, Racing, Real-Time, Third-Person",Codemasters Birmingham,Codemasters,2012.0,13.73,23.98,27.2,20.2,13.73,62.333333333333336,5.8
fable anniversary,PC,3.78,2.71,28.41,"Action, Role-Playing",Lionhead Studios,Microsoft Game Studios,2014.0,13.4,21.03,32.77,21.37,13.4,68.0,7.2
fable heroes,X360,3.01,2.14,15.77,Beat Em Up,Lionhead Studios,Microsoft Studios,2012.0,3.43,5.5,16.67,8.02,3.43,55.0,4.7
fable ii,X360,4.01,2.56,35.86,"Action, Role-Playing, Sandbox, Third-Person",Lionhead Studios,Microsoft Game Studios,2008.0,13.33,24.48,52.48,24.13,13.33,89.0,6.7
fable ii pub games,X360,3.24,2.62,13.96,Pub Games,Unknown,Unknown,2008.0,5.0,13.42,5.25,5.22,5.0,53.0,6.1
fable iii,PC,3.37,2.22,33.82,"Action, Role-Playing, Sandbox, Third-Person",Lionhead Studios,Microsoft Game Studios,2010.0,13.8,26.57,46.57,23.87,13.8,77.5,6.1
fable: the journey,X360,2.84,2.76,23.54,"Action, Adventure, On-Rails, Shooter",Lionhead Studios,Microsoft Studios,2012.0,8.75,9.38,9.02,9.12,8.75,61.0,4.9
fable: the lost chapters,PC,4.06,2.74,35.03,"Action, Role-Playing",Unknown,Unknown,2005.0,15.05,20.58,38.1,21.92,15.05,83.0,8.6
face noir,PC,3.56,2.93,10.62,"Adventure, Point-And-Click",Mad Orange,Phoenix Online Studios,2013.0,9.42,8.2,10.15,9.48,9.42,59.0,6.1
facebreaker,X360,2.54,2.54,8,Sports,EA Freestyle,EA Sports BIG,2008.0,7.0,13.42,20.95,7.0,7.0,53.5,5.1
faces of war,PC,3.8,3.41,27.87,"Real-Time, Real-Time Tactics, Strategy/Tactical",Best Way,Unknown,2006.0,32.8,30.95,29.9,31.5,32.8,67.0,8.4
fade to silence,PS4,3.36,3.83,13,"Open World, Role-Playing, Survival, Third-Person",Black Forest Games,THQ Nordic,2019.0,34.28,38.53,37.05,36.75,34.28,56.333333333333336,5.1000000000000005
fae tactics,PC,3.13,3.56,46.45,"Strategy/Tactical, Turn-Based",Endlessfluff Games,Humble Bundle,2020.0,38.65,45.25,107.1,47.7,38.65,77.0,6.4
faeria,PC,3.24,3.06,44,Card Game,Abrakam,Abrakam,2016.0,8.2,13.42,20.95,11.25,8.2,80.5,7.3
faery: legends of avalon,PC,3.16,2.5,11.25,"Role-Playing, Third-Person, Turn-Based",Spiders Studio,Focus Home Interactive,2010.0,6.03,8.12,9.63,8.85,6.03,57.666666666666664,6.266666666666667
fairy fencer f,PS3,3.8,2.63,46.08,Role-Playing,Compile Heart,NIS America,2014.0,24.77,35.42,61.02,36.28,24.77,65.5,7.65
fairy fencer f: advent dark force,PC,3.64,2.88,50.03,Role-Playing,Compile Heart,Idea Factory,2016.0,26.78,40.5,68.1,38.88,26.78,68.5,6.75
fairytale fights,X360,3.03,2.81,18.22,"Action, Adventure, Hack-And-Slash",Playlogic Game Factory,Playlogic Entertainment,2009.0,10.53,20.0,20.95,12.9,10.53,52.0,5.800000000000001
fallen enchantress: legendary heroes,PC,3.55,3.07,39.33,Strategy,Stardock Entertainment,Stardock Entertainment,2013.0,15.28,43.23,57.5,33.97,15.28,80.0,7.7
fallen legion: revenants,PS4,3.95,3.9,43.67,"Action, Role-Playing",YummyYummyTummy,NIS America,2021.0,20.0,13.42,20.95,20.0,20.0,54.0,7.333333333333333
fallen legion: sins of an empire,PS4,3.47,3.93,23.06,"Action, Role-Playing",YummyYummyTummy,YummyYummyTummy,2017.0,8.67,9.0,20.95,8.75,8.67,64.0,8.2
fallout 3,PC,4.02,2.91,62.68,"Action, First-Person, Open World, Role-Playing, Shooter, Third-Person",Bethesda Game Studios,Unknown,2008.0,23.42,54.85,117.77,53.28,23.42,91.33333333333333,8.2
fallout 4,PC,3.67,2.79,72.96,"Action, First-Person, Open World, Role-Playing, Shooter, Third-Person",Bethesda Game Studios,Bethesda Softworks,2015.0,28.43,89.15,170.32,89.92,28.43,86.33333333333333,6.333333333333333
fallout 76,PC,2.19,2.38,52.31,"Action, First-Person, Role-Playing, Third-Person",Bethesda Game Studios,Bethesda Softworks,2018.0,36.82,123.55,325.28,152.15,36.82,51.333333333333336,2.966666666666667
fallout tactics: brotherhood of steel,PC,3.43,3.37,43.86,Unknown,Micro Forté,14 Degrees East,2001.0,27.3,47.4,48.63,41.65,27.3,82.0,7.7
fallout: brotherhood of steel,PS2,2.95,2.97,22.19,"Action, Role-Playing",Interplay,Interplay,2004.0,10.97,13.07,20.95,12.13,10.97,65.0,4.75
fallout: new vegas,PS3,4.05,3.1,66.48,"Action, First-Person, Open World, Role-Playing, Shooter, Third-Person",Obsidian Entertainment,Unknown,2010.0,27.38,63.23,136.57,64.6,27.38,83.33333333333333,8.733333333333333
famicom detective club: the girl who stands behind,NS,3.87,2.67,8,Adventure,Unknown,Nintendo,2021.0,6.78,8.32,7.43,7.08,6.78,74.0,7.1
famicom detective club: the missing heir,NS,3.68,3.0,9.65,Adventure,Unknown,Nintendo,2021.0,7.48,9.23,8.97,8.12,7.48,74.0,7.1
family guy: back to the multiverse,PC,2.85,2.54,11.53,"Action, Adventure",Heavy Iron Studios,Activision,2012.0,5.85,8.45,15.0,7.78,5.85,39.5,5.650000000000001
family party: 30 great games obstacle arcade,WIIU,2.57,2.17,14.17,Party,Art,D3 Publisher,2012.0,2.0,13.42,20.95,2.0,2.0,11.0,2.7
fantasia: music evolved,X360,4.0,3.0,21.71,Music/Rhythm,Harmonix,Microsoft Studios,2014.0,7.95,10.38,25.0,10.38,7.95,77.0,7.4
fantastic four: rise of the silver surfer,DS,2.47,3.55,10.29,"Action, Adventure, Third-Person",Unknown,2K Games,2007.0,5.58,9.75,8.0,7.17,5.58,40.4,5.58
fantasy life,3DS,4.4,2.85,75.98,"Action, Adventure, Real-Time, Role-Playing, Third-Person",Level-5,Nintendo,2014.0,32.12,72.58,165.22,70.3,32.12,73.0,8.4
fantasy strike,PS4,3.92,3.5,14.43,Fighting,Sirlin Games,Sirlin Games,2017.0,2.2,13.42,20.95,2.2,2.2,76.0,7.5
fantasy wars,PC,3.46,4.0,28.67,Turn-Based Tactics,Ino-Co,1C Company / Nobilis France,2007.0,21.52,24.92,62.5,32.13,21.52,67.0,8.1
far cry,PC,3.7,3.71,20.54,"First-Person, Shooter",Crytek,Ubisoft,2004.0,12.7,16.27,20.62,14.67,12.7,89.0,8.0
far cry 2,PC,3.37,3.12,28.46,"Action, First-Person, Shooter",Ubisoft Montreal,Ubisoft,2008.0,17.1,26.9,42.07,24.72,17.1,85.0,6.466666666666666
far cry 3,PC,3.97,2.92,34.11,"First-Person, Open World, Shooter",Ubisoft Montreal,Ubisoft,2012.0,16.32,26.03,37.57,25.32,16.32,89.66666666666667,8.533333333333333
far cry 3: blood dragon,PC,3.8,2.73,11.15,"Action, First-Person, Open World, Shooter",Ubisoft Montreal,Ubisoft,2013.0,4.65,7.13,9.08,6.9,4.65,81.0,8.266666666666667
far cry 4,PC,3.61,2.86,36.25,"First-Person, Open World, Shooter",Ubisoft Montreal,Ubisoft,2014.0,18.15,32.45,48.67,32.15,18.15,82.33333333333333,7.633333333333334
far cry 5,PC,3.44,2.88,36.8,"First-Person, Open World, Shooter",Ubisoft Montreal,Ubisoft,2018.0,18.4,31.85,50.0,31.17,18.4,80.33333333333333,6.9
far cry 6,PC,3.3,2.81,45.06,"First-Person, Open World, Shooter",Ubisoft Toronto,Ubisoft,2021.0,25.03,43.32,66.5,41.1,25.03,75.33333333333333,4.666666666666667
far cry instincts,XBOX,3.9,3.15,22.44,"First-Person, Shooter",Ubisoft Montreal,Ubisoft,2005.0,11.52,17.2,20.95,12.87,11.52,85.0,6.1
far cry instincts evolution,XBOX,3.5,3.27,17,"First-Person, Shooter",Ubisoft Montreal,Ubisoft,2006.0,6.43,13.42,20.95,6.43,6.43,78.0,6.8
far cry new dawn,PC,3.11,2.84,18.37,"Action, Adventure, First-Person, Open World",Unknown,Ubisoft,2019.0,11.55,18.8,29.82,18.95,11.55,73.0,4.733333333333333
far cry primal,PC,3.36,2.86,32.28,"Action, Adventure, First-Person",Ubisoft Montreal,Ubisoft,2016.0,14.87,24.33,37.32,25.92,14.87,75.66666666666667,6.833333333333333
far cry vengeance,WII,2.51,2.94,16.03,"First-Person, Shooter",Ubisoft Montreal,Ubisoft,2006.0,7.12,13.42,20.95,7.12,7.12,38.0,5.4
far: changing tides,PC,3.15,1.71,8,"Adventure, Puzzle, Real-Time, Side, Survival",Okomotive,Frontier Foundry,2022.0,5.48,6.17,9.05,6.05,5.48,78.0,6.8999999999999995
farming simulator 15,PS4,3.07,1.93,52.66,Simulation,Giants Software,Focus Home Interactive,2014.0,44.32,137.83,288.9,165.07,44.32,59.0,6.3
farming simulator 17,PC,3.85,2.27,63.86,Simulation,Giants Software,Focus Home Interactive,2016.0,33.0,127.6,254.18,167.63,33.0,67.66666666666667,7.1
farming simulator 19,PS4,2.85,2.19,57.23,Simulation,Giants Software,Focus Home Interactive,2018.0,117.75,259.08,356.57,271.62,117.75,68.5,5.75
farming simulator 2013,PC,3.89,2.38,32.8,Simulation,Giants Software,Focus Home Interactive,2012.0,19.33,44.33,239.97,135.9,19.33,65.0,7.4
farpoint,PS4,3.78,3.3,12.47,"Shooter, Virtual Reality",Unknown,Sony Interactive Entertainment,2017.0,5.15,7.02,20.95,5.32,5.15,71.0,8.1
fast & furious: showdown,X360,2.15,3.79,31.14,"Driving, Racing",Unknown,Activision,2013.0,4.95,4.55,20.0,6.17,4.95,22.0,1.3
fast rmx,NS,3.99,3.9,36.34,"Driving, Racing",Shin'en Multimedia,Shin'en Multimedia,2017.0,4.22,15.45,26.5,8.55,4.22,81.0,7.9
fat princess,PS3,3.82,2.87,19.66,Real-Time,Unknown,Sony Computer Entertainment,2009.0,2.98,11.95,18.88,6.03,2.98,79.0,8.2
fat princess adventures,PS4,3.41,2.79,18.58,"Action, Role-Playing",Fun Bits Interactive,Sony Computer Entertainment,2015.0,6.7,7.23,15.0,7.33,6.7,63.0,7.1
fat princess: fistful of cake,PSP,3.69,2.75,21.71,"Action, Strategy",SuperVillain Studios,Sony Computer Entertainment,2010.0,4.62,13.42,20.95,4.62,4.62,74.0,8.4
fatal frame,PS2,4.09,3.43,17.47,"Horror, Survival",Tecmo,Tecmo,2002.0,7.6,9.5,9.98,8.12,7.6,75.5,8.7
fatal frame ii: crimson butterfly,PS2,4.27,3.19,21.96,"Horror, Survival",Tecmo,Tecmo,2003.0,9.4,10.82,20.45,10.12,9.4,81.0,8.9
fatal frame iii: the tormented,PS2,4.19,3.3,24.17,"Horror, Survival",Tecmo,Tecmo,2005.0,14.97,16.05,20.97,15.6,14.97,78.0,8.9
fatal fury: battle archives volume 1,PS2,3.81,3.63,26.24,Compilation,SNK Playmore,SNK Playmore,2007.0,4.5,13.42,4.0,4.25,4.5,68.0,8.3
fatal fury: battle archives volume 2,PS4,3.93,3.53,32.43,Fighting,SNK Playmore,Unknown,2008.0,2.1,3.0,2.55,2.43,2.1,70.0,7.333333333333333
fatal fury: first contact,NGPC,3.82,3.28,10.83,"Fighting, Side",Yumekobo,SNK,1999.0,0.32,0.67,3.9,0.5,0.32,62.0,7.333333333333333
fatal inertia,X360,3.47,3.9,32.86,"Driving, Racing",Koei,Koei,2008.0,12.5,13.42,20.95,12.5,12.5,61.0,4.2
fate/extella link,VITA,3.5,2.43,35.09,Hack And Slash,Marvelous Inc.,Unknown,2019.0,9.7,20.27,45.22,21.27,9.7,74.5,6.699999999999999
fate/extella: the umbral star,PC,3.69,2.67,42.39,"Action, Beat Em Up, Third-Person",Marvelous,Xseed Games,2017.0,20.98,38.15,84.0,36.03,20.98,68.0,7.1
fate/extra,PSP,3.98,3.31,43.21,Role-Playing,Unknown,Unknown,2011.0,28.63,39.13,75.82,38.68,28.63,58.0,8.1
fate/unlimited codes,PSP,3.9,2.99,17.38,Fighting,Eighting,Capcom,2009.0,3.1,5.12,20.95,4.03,3.1,72.0,8.2
fe,PC,3.06,2.17,6.63,Platform,Zoink,Electronic Arts,2018.0,5.53,7.37,12.18,7.23,5.53,71.25,6.25
fear effect 2: retro helix,PS,3.63,3.57,19.04,"Action Adventure, Survival Horror",Kronos Digital Entertainment,Eidos Interactive,2001.0,9.07,10.78,25.0,10.02,9.07,84.0,6.9
fear effect sedna,PS4,1.7,4.18,11.2,Strategy,Sushee,Unknown,2017.0,7.38,8.93,13.0,8.87,7.38,46.0,5.0
feeding frenzy,X360,3.31,2.47,7.02,Arcade,PopCap Games,PopCap Games,2004.0,1.87,3.78,9.67,3.33,1.87,65.0,7.2
feeding frenzy 2: shipwreck showdown,PS3,3.5,2.33,7,Arcade,Sprout Games,PopCap Games,2006.0,2.52,2.78,3.7,2.82,2.52,65.0,7.599999999999999
feel the magic: xy/xx,DS,3.44,3.02,9.82,Compilation,Sonic Team,Sega,2004.0,2.92,4.07,10.47,3.88,2.92,75.0,7.5
feist,PC,3.42,4.11,13.14,"Action, Platform",Bits & Beasts,Finji,2015.0,2.73,3.23,5.17,3.05,2.73,62.0,7.0
fell seal: arbiter's mark,PC,3.86,3.24,57.33,"Role-Playing, Turn-Based",6 Eyes Studio,1C Entertainment,2018.0,35.07,54.52,80.23,55.22,35.07,84.0,7.0
ferrari f355 challenge,PS2,2.88,4.0,27.6,"Driving, Racing",Sega-AM2,Sega,2000.0,2.5,13.42,20.95,2.5,2.5,70.0,5.5
feudal alloy,PC,3.28,3.13,12.67,Unknown,Attu Games,Attu Games,2019.0,7.27,11.38,14.77,11.48,7.27,76.0,7.2
field commander,PSP,3.51,3.25,29.78,Turn-Based Tactics,Sony Online Entertainment,Sony Online Entertainment,2006.0,12.58,13.42,20.95,12.58,12.58,77.0,7.9
fieldrunners,PSP,3.04,3.67,18.75,Tower Defense,Unknown,Unknown,2008.0,7.58,21.0,56.5,12.63,7.58,81.0,7.1
fifa 06: road to fifa world cup,X360,3.09,2.59,25.21,Sports,EA Canada,Electronic Arts,2005.0,6.0,13.42,4.7,4.85,6.0,62.0,6.1
fifa 14,VITA,2.43,2.82,43.33,Sports,EA Canada,Electronic Arts,2013.0,82.82,166.0,235.48,142.08,82.82,86.25,5.199999999999999
fifa 15,3DS,2.86,2.36,8.44,Sports,EA Canada,EA Sports,2014.0,94.15,173.42,249.8,146.45,94.15,82.0,5.2
fifa 17,PC,3.21,2.79,47.72,"Simulation, Sports",EA Canada,EA Sports,2016.0,28.2,193.9,151.08,89.23,28.2,84.33333333333333,4.9
fifa 18,PC,3.2,3.13,51.57,"Simulation, Sports",Unknown,EA Sports,2017.0,46.38,101.67,291.23,96.58,46.38,79.0,3.95
fifa 20,XONE,2.65,2.94,40.42,"Role-Playing, Simulation, Sports, Third-Person",EA Sports Canada,Electronic Arts,2019.0,67.03,158.57,313.42,117.37,67.03,79.0,1.55
fifa 2001,PS2,3.35,2.75,30.63,Sports,EA Canada,Electronic Arts,2000.0,27.88,56.25,20.95,40.48,27.88,83.0,7.3
fifa 21,PC,2.72,2.85,71.2,"Simulation, Sports",Electronic Arts,Electronic Arts,2020.0,67.53,111.43,467.7,151.98,67.53,74.33333333333333,1.2666666666666666
fifa 22,PS4,2.71,2.38,30.19,"Simulation, Sports",EA Canada,Electronic Arts,2021.0,92.12,133.0,165.22,115.08,92.12,78.0,2.6999999999999997
fifa 23,PS5,3.5,3.13,53.43,"Simulation, Sports",EA Canada & EA Romania,Electronic Arts,2022.0,106.92,95.4,206.42,113.95,106.92,77.5,2.5
fifa street 2,DS,3.1,2.0,46.83,Sports,Unknown,EA Sports,2006.0,19.9,22.05,28.18,22.42,19.9,61.666666666666664,7.1
fifa street 3,X360,2.79,2.5,14.8,"Arcade, Sports",EA Canada,EA Sports BIG,2008.0,5.33,11.37,10.5,8.2,5.33,60.666666666666664,6.8500000000000005
fight club,XBOX,1.44,3.33,3,Fighting,Unknown,VU Games,2014.0,0.87,6.0,9.33,2.43,0.87,36.5,4.7
fight crab,NS,3.56,3.86,7,Action,Calappa Games,Playism,2020.0,5.92,13.88,4.62,7.58,5.92,65.0,7.0
fight night 2004,XBOX,3.36,3.58,21.79,Fighting,EA Sports,EA Sports,2004.0,5.37,13.42,20.95,5.37,5.37,85.0,8.5
fight night champion,X360,3.61,3.25,21.48,Sports,EA Canada,EA Sports,2011.0,4.73,13.8,61.0,8.8,4.73,85.0,7.35
fight night round 2,PS2,3.65,3.02,23,Sports,EA Sports,EA Sports,2005.0,12.25,14.13,20.95,13.18,12.25,87.66666666666667,8.133333333333333
fight night round 3,PS2,3.41,3.03,20.62,Sports,EA Chicago,EA Sports,2006.0,10.45,14.97,12.3,12.0,10.45,82.0,8.3
fight night round 4,PS3,3.75,3.27,26.2,"Simulation, Sports",EA Canada,EA Sports,2009.0,8.62,27.5,20.95,12.38,8.62,87.5,7.8
fight'n rage,PC,3.95,3.83,9.51,Beat Em Up,sebagamesdev,sebagamesdev,2017.0,2.75,11.15,38.37,5.03,2.75,79.0,7.8
fighter within,XONE,1.11,1.94,9.39,Fighting,Daoka,Ubisoft,2013.0,8.2,10.63,20.95,10.63,8.2,23.0,2.8
filament,PC,2.92,3.4,3.8,"Puzzle, Survival",Beard Envy,Unknown,2020.0,18.2,25.2,31.37,26.33,18.2,82.0,6.0
final exam,PC,3.09,2.94,10.55,"Beat Em Up, Platform, Shooter",Mighty Rocket Studio,Focus Home Interactive,2013.0,5.03,7.8,20.95,5.82,5.03,58.5,6.050000000000001
final fantasy,PS,3.72,3.16,34.22,"Role-Playing, Top-Down, Turn-Based",Square,Square,1990.0,15.77,19.47,19.75,18.13,15.77,67.0,8.4
final fantasy anthology,PS,4.16,3.14,68.96,Role-Playing,Tose,Squaresoft,1999.0,71.83,87.75,110.82,86.62,71.83,80.0,8.7
final fantasy chronicles,PS,4.19,3.09,65.7,Role-Playing,Unknown,Square Electronic Arts,2001.0,42.93,57.42,104.2,61.37,42.93,89.0,8.8
final fantasy crystal chronicles,GC,3.64,3.17,44.02,"Action, Role-Playing",The Game Designers Studio,Nintendo,2004.0,21.93,27.6,31.22,24.83,21.93,80.0,8.9
final fantasy crystal chronicles: echoes of time,WII,3.52,2.99,33.06,"Action, Role-Playing",Square Enix,Square Enix,2009.0,14.05,20.45,33.17,17.8,14.05,69.5,7.0
final fantasy crystal chronicles: my life as a darklord,WII,3.59,3.23,23.23,Tower Defense,Square Enix,Square Enix,2009.0,11.0,17.15,20.95,15.1,11.0,73.0,7.4
final fantasy crystal chronicles: my life as a king,WII,3.83,2.66,35.82,City-Building,Square Enix,Unknown,2008.0,17.88,36.9,78.77,31.92,17.88,80.0,7.1
final fantasy crystal chronicles: remastered edition,PS4,3.11,2.93,42.85,"Action, Role-Playing",Square Enix,Square Enix,2020.0,17.5,43.4,59.0,28.25,17.5,59.5,4.8
final fantasy crystal chronicles: ring of fates,DS,3.65,2.85,30.75,Action Adventure,Square Enix,Square Enix,2008.0,12.95,19.88,26.7,15.72,12.95,77.0,7.5
final fantasy crystal chronicles: the crystal bearers,WII,3.53,2.77,22.68,"Action, Adventure",Square Enix,Square Enix,2009.0,11.05,17.08,55.0,14.47,11.05,66.0,8.7
final fantasy explorers,3DS,3.73,2.94,62.22,"Action, Role-Playing",Square Enix Racjin,Square Enix,2016.0,23.77,31.52,42.93,27.72,23.77,69.0,8.4
final fantasy fables: chocobo tales,DS,3.65,2.75,22.34,"Adventure, Card Game",h.a.n.d.,Square Enix,2007.0,9.58,13.12,24.58,14.93,9.58,75.0,7.2
final fantasy fables: chocobo's dungeon,WII,3.92,3.13,41.04,Role-Playing,h.a.n.d.,Square Enix,2008.0,22.6,31.93,38.65,28.53,22.6,76.0,8.0
final fantasy i & ii: dawn of souls,GBA,3.91,3.01,49.8,"Role-Playing, Top-Down",Tose,Square,2004.0,27.37,39.45,43.95,33.92,27.37,79.0,8.0
final fantasy ii,NES,3.31,3.72,37.17,"Role-Playing, Side, Top-Down, Turn-Based",Square,Square,2003.0,21.57,26.17,26.33,24.18,21.57,63.0,6.8
final fantasy iv advance,GBA,4.12,3.12,43.07,Role-Playing,Unknown,Unknown,2005.0,25.92,32.45,38.78,30.2,25.92,85.0,8.5
final fantasy iv: the after years,PC,3.44,3.02,53.7,Role-Playing,Unknown,Square Enix,2009.0,35.03,47.73,113.83,51.43,35.03,69.0,7.2
final fantasy iv: the complete collection,PSP,4.24,3.12,53.38,Role-Playing,Bullet,Square Enix,2011.0,27.65,36.88,76.42,35.43,27.65,77.0,8.7
final fantasy ix,XONE,4.05,3.1,58.26,Role-Playing,Square,Square,2000.0,38.42,54.03,83.3,50.1,38.42,84.75,8.5
final fantasy origins,PS,3.88,3.29,54.14,Role-Playing,Tose,Square,2003.0,41.57,45.05,53.5,43.75,41.57,79.0,8.5
final fantasy tactics,AND,4.13,3.48,71.35,Role-Playing,Square,Unknown,1998.0,39.57,58.68,92.88,56.0,39.57,83.0,9.1
final fantasy tactics a2: grimoire of the rift,DS,4.14,2.97,64.44,"Role-Playing, Strategy/Tactical",Square Enix,Square Enix,2008.0,46.38,83.08,117.05,78.53,46.38,80.0,8.8
final fantasy tactics advance,GBA,4.0,2.98,59.89,"Role-Playing, Strategy/Tactical",Unknown,Unknown,2003.0,45.02,69.88,128.58,69.37,45.02,87.0,9.0
final fantasy tactics: the war of the lions,IOS,4.13,3.57,62.99,"Strategy/Tactical, Turn-Based",Unknown,Square Enix,2007.0,41.92,60.33,84.28,55.87,41.92,88.0,9.0
final fantasy type-0 hd,PC,3.6,3.34,53.21,"Action, Role-Playing, Third-Person",HexaDrive,Square Enix,2015.0,23.47,36.87,56.55,36.23,23.47,71.0,7.533333333333333
final fantasy v advance,GBA,4.14,3.16,47.45,Role-Playing Game,Tose,Unknown,2006.0,31.93,37.4,68.87,37.68,31.93,83.0,8.2
final fantasy vi advance,GBA,4.44,3.03,53.35,"Role-Playing, Turn-Based",Unknown,Unknown,2007.0,32.95,41.42,63.27,40.95,32.95,92.0,8.7
final fantasy vii,XONE,4.15,2.85,52.18,"Isometric, Role-Playing, Turn-Based",Square,Square,1997.0,36.85,51.3,82.43,51.75,36.85,86.5,8.3
final fantasy vii remake,PS4,4.16,3.11,53.01,"Action, Adventure, Role-Playing, Third-Person",Square Enix,Square Enix,2020.0,32.55,42.03,87.05,44.77,32.55,87.0,8.1
final fantasy viii,PS,4.15,3.01,67.58,Role-Playing,Square,Square,1999.0,39.03,54.73,76.85,54.08,39.03,90.0,8.7
final fantasy x,PS2,4.37,3.07,70.11,Role-Playing,Square,Unknown,2001.0,46.13,71.47,148.15,71.88,46.13,92.0,8.9
final fantasy x-2,PS2,3.63,2.93,58.3,Role-Playing,Square,Unknown,2003.0,30.95,47.5,117.35,52.57,30.95,85.0,7.5
final fantasy xi,X360,3.65,3.74,76.8,"Massively Multiplayer, Role-Playing",Square Enix,Square Enix,2003.0,111.13,985.2,652.52,620.53,111.13,78.66666666666667,7.133333333333334
final fantasy xii,PS2,4.05,3.21,75.82,Role-Playing,Square Enix,Square Enix,2006.0,62.23,94.87,169.33,97.75,62.23,92.0,7.6
final fantasy xii: revenant wings,DS,3.52,3.24,41.26,"Role-Playing, Strategy/Tactical",Unknown,Square Enix,2007.0,24.18,36.08,51.17,34.8,24.18,81.0,8.9
final fantasy xii: the zodiac age,PC,4.06,2.95,75.07,"Action, Adventure, Open World, Real-Time, Role-Playing, Third-Person",Square Enix,Square Enix,2017.0,41.32,63.93,107.95,62.28,41.32,84.66666666666667,8.366666666666667
final fantasy xiii,PC,3.46,3.01,58.71,Role-Playing,Square Enix,Square Enix,2010.0,48.03,62.45,107.3,63.03,48.03,82.5,6.599999999999999
final fantasy xiii-2,PC,3.57,2.98,59.71,Role-Playing,Unknown,Square Enix,2012.0,28.72,43.5,73.12,44.8,28.72,79.0,6.55
final fantasy xv,STA,3.23,2.71,28.61,"Action, Open World, Role-Playing, Third-Person",Square Enix Business Division 2,Square Enix,2016.0,28.62,55.95,99.35,55.0,28.62,82.0,7.800000000000001
final fantasy xv: royal edition,XONE,3.53,3.0,66.05,"Action, Open World, Role-Playing, Third-Person",Square Enix,Square Enix,2018.0,28.0,59.37,120.8,57.5,28.0,77.0,8.7
final fantasy: the 4 heroes of light,DS,3.64,3.36,44.77,Role-Playing,Unknown,Square Enix,2010.0,33.23,40.28,126.83,43.98,33.23,71.0,8.6
final fight one,GBA,3.92,3.17,9.62,"Beat Em Up, Scrolling",Capcom,Capcom,2001.0,1.95,10.75,4.92,3.97,1.95,82.0,7.9
final fight: double impact,PS3,3.73,3.3,5.25,Beat Em Up,Proper Games,Capcom,2010.0,1.28,3.95,5.4,1.83,1.28,78.0,7.45
final fight: streetwise,XBOX,2.83,3.5,3.56,Beat Em Up,Unknown,Capcom,2006.0,7.13,8.65,10.88,8.27,7.13,42.5,7.6
finding paradise,PC,4.22,1.34,5.89,Adventure,Freebird Games,Freebird Games,2017.0,5.17,5.72,5.67,5.43,5.17,81.0,8.5
fire blade,PS2,3.13,3.57,28.57,Simulation,Kuju Entertainment,Unknown,2002.0,4.0,13.42,20.95,4.0,4.0,64.0,7.333333333333333
fire emblem,GBA,4.32,3.61,39.49,"Role-Playing, Strategy/Tactical, Top-Down, Turn-Based",Intelligent Systems,Nintendo,2003.0,26.97,34.42,46.65,31.58,26.97,88.0,9.1
fire emblem echoes: shadows of valentia,3DS,4.13,3.15,49.18,Role-Playing,Intelligent Systems,Nintendo,2017.0,35.08,47.9,72.87,44.58,35.08,81.0,8.6
fire emblem engage,NS,3.71,3.23,64.4,"Role-Playing, Strategy/Tactical, Third-Person, Top-Down, Turn-Based",Intelligent Systems,Nintendo,2023.0,42.13,67.62,95.85,65.73,42.13,80.0,6.9
fire emblem fates: special edition,3DS,4.19,3.54,79.65,"Role-Playing, Strategy/Tactical, Top-Down, Turn-Based",Intelligent Systems,Nintendo,2016.0,41.75,144.32,266.05,131.2,41.75,88.0,7.9
fire emblem warriors,NS,3.87,2.89,59.47,"Action, Hack And Slash, Third-Person",Unknown,Nintendo,2017.0,12.9,37.07,215.22,29.95,12.9,71.5,7.75
fire emblem warriors: three hopes,NS,4.02,2.94,75.36,"Action, Hack And Slash, Real-Time, Role-Playing, Strategy/Tactical",Omega Force,Unknown,2022.0,39.48,58.45,141.38,62.73,39.48,81.0,8.7
fire emblem: awakening,3DS,4.45,3.25,58.2,"Role-Playing, Strategy/Tactical, Turn-Based",Intelligent Systems,Nintendo,2013.0,31.28,52.27,117.62,49.58,31.28,92.0,9.0
fire emblem: path of radiance,GC,4.27,3.31,43.95,"Role-Playing, Turn-Based",Intelligent Systems,Nintendo,2005.0,33.35,39.07,44.47,36.27,33.35,85.0,9.1
fire emblem: radiant dawn,WII,4.23,3.7,51.82,Role-Playing,Intelligent Systems,Nintendo,2007.0,42.6,57.7,61.48,49.65,42.6,78.0,8.8
fire emblem: shadow dragon,DS,3.37,3.34,32.39,Role-Playing,Unknown,Nintendo,2009.0,19.72,25.37,32.63,22.43,19.72,81.0,7.2
fire emblem: the sacred stones,GBA,4.11,3.05,40.83,"Role-Playing, Strategy/Tactical, Top-Down, Turn-Based",Intelligent Systems,Nintendo,2005.0,24.12,33.2,50.05,29.47,24.12,85.0,9.0
fire emblem: three houses,NS,4.36,3.0,80.00+,"Role-Playing, Strategy/Tactical, Third-Person, Top-Down, Turn-Based",Unknown,Nintendo,2019.0,49.5,82.03,220.13,85.6,49.5,89.0,8.8
fire pro wrestling world,PS4,4.22,3.38,70.35,"Fighting, Simulation",Spike Chunsoft,Spike Chunsoft,2017.0,30.13,35.57,60.75,35.4,30.13,79.0,7.6
fire: ungh's quest,PC,3.33,2.63,6,"Action, Adventure",Daedalic Entertainment,Daedalic Entertainment,2016.0,1.73,2.67,2.93,2.67,1.73,64.0,6.5
fireburst,X360,3.5,3.5,12.8,"Driving, Racing",exDream Entertainment,Tradewest,2012.0,2.17,13.42,2.72,2.43,2.17,35.0,3.5
firefall,PC,3.79,3.05,80.00+,"First-Person, Massively Multiplayer, Open World, Role-Playing, Shooter, Third-Person",Red 5 Studios,Unknown,2014.0,8.2,13.42,20.95,11.25,8.2,60.0,6.8
fish tycoon,DS,3.11,2.86,54.29,Simulation,Last Day of Work,Last Day of Work,2005.0,10.0,13.42,14.55,12.27,10.0,46.0,7.0
fishing resort,WII,4.16,2.96,72.16,Unknown,Prope,Xseed Games,2011.0,36.25,68.37,330.28,144.97,36.25,69.0,7.8
fist of the north star: ken's rage,X360,3.75,3.12,46.2,"Action, Multidirectional, Third-Person",Omega Force,Tecmo Koei,2010.0,13.97,36.77,66.67,37.05,13.97,59.5,7.199999999999999
fist of the north star: ken's rage 2,WIIU,3.54,3.69,58.33,Beat Em Up,Koei,Tecmo Koei,2013.0,15.27,15.67,77.5,24.9,15.27,52.0,7.1499999999999995
fist of the north star: lost paradise,PS4,3.99,3.07,65.28,"Action, Adventure, Third-Person",Ryu Ga Gotoku Studio,Sega,2018.0,19.73,32.97,97.37,31.9,19.73,72.0,7.7
fitness boxing,NS,3.39,3.04,65.6,"Fitness, Music/Rhythm",Unknown,Nintendo,2019.0,21.17,135.0,20.95,40.13,21.17,66.0,6.5
fitness boxing 2: rhythm & exercise,NS,3.46,3.45,32,Fitness,Jupiter Corporation,Nintendo,2020.0,1.75,23.5,20.95,12.62,1.75,66.0,5.7
five nights at freddy's,PC,3.5,3.81,13.99,"First-Person, Horror, Point-And-Click",Scott Cawthon,Scott Cawthon,2014.0,2.37,3.2,5.27,3.18,2.37,78.0,7.5
five nights at freddy's 3,IOS,3.02,3.88,3.89,Horror,Scott Cawthon,Unknown,2015.0,2.52,3.92,5.22,3.28,2.52,68.0,6.900000000000001
five nights at freddy's: help wanted,NS,3.44,3.56,26.57,"First-Person, Horror, Virtual Reality",Steel Wool Games,Scottgames,2019.0,12.07,12.93,17.42,14.5,12.07,53.0,6.8
flash focus: vision training in minutes a day,DS,3.33,2.45,20.13,"Educational, Puzzle",Unknown,Nintendo,2007.0,6.0,13.42,15.0,10.5,6.0,59.0,3.8
flat heroes,PC,3.86,4.17,10.86,Action,Parallel Circles,Parallel Circles,2016.0,4.4,9.83,17.85,6.7,4.4,82.0,8.0
flatout,PS2,3.57,3.14,21.25,"Driving, Racing",Bugbear Entertainment,Unknown,2005.0,7.02,10.12,11.7,8.97,7.02,71.0,7.933333333333333
flatout 2,XBOX,3.79,3.25,34.14,"Driving, Racing",Bugbear Entertainment,Unknown,2006.0,12.92,17.12,21.42,16.57,12.92,74.0,7.966666666666666
flatout 3: chaos & destruction,PC,1.94,3.43,21.86,"Driving, Racing",Team6 Game Studios,Strategy First,2011.0,6.1,6.4,16.22,8.53,6.1,23.0,2.9
flatout 4: total insanity,PC,3.03,3.8,14.33,"Driving, Racing",Kylotonn,Strategy First,2017.0,9.47,16.45,36.0,16.25,9.47,64.0,5.6000000000000005
flatout: ultimate carnage,X360,3.59,3.53,37.16,"Driving, Racing",Bugbear Entertainment,Empire Interactive,2007.0,14.43,21.22,29.08,19.88,14.43,79.5,8.2
flingsmash,WII,3.19,2.28,7.81,Action,Artoon,Nintendo,2010.0,3.4,3.5,20.95,3.4,3.4,48.0,7.4
flinthook,NS,4.09,3.72,27.26,"Action, Adventure",Tribute Games,Tribute Games,2017.0,18.37,25.0,54.82,27.4,18.37,78.0,6.8
flip's twisted world,WII,3.67,2.86,16,Platform,Frozen North Productions,Majesco Entertainment,2010.0,8.2,8.73,20.95,8.73,8.2,47.0,7.333333333333333
flipping death,PC,3.53,3.54,7.33,"Adventure, Puzzle",Zoink Games,Zoink Games,2018.0,5.8,7.3,8.38,7.07,5.8,81.0,6.85
flood of light,PC,3.88,2.85,4.2,"Adventure, Point-And-Click, Puzzle, Role-Playing",Irisloft,Irisloft,2017.0,5.18,4.83,9.28,6.2,5.18,72.0,6.8
floor kids,NS,4.25,3.5,7.6,Unknown,MERJ Media,MERJ Media,2017.0,2.9,13.42,4.18,3.28,2.9,76.0,7.5
flow,VITA,2.91,2.2,3.82,Arcade,Unknown,Sony Computer Entertainment,2007.0,1.43,2.57,4.85,1.93,1.43,71.0,6.55
"flower, sun, and rain",DS,3.55,3.58,23.33,Adventure,Unknown,Unknown,2008.0,10.67,12.15,11.92,11.4,10.67,54.0,8.6
fluidity,WII,3.93,3.28,17.21,"Puzzle, Side",Curve Studios,Nintendo,2010.0,8.58,16.1,16.2,14.27,8.58,86.0,7.8
fluidity: spin cycle,3DS,3.73,2.86,24,"Puzzle, Side",Curve Studios,Nintendo,2012.0,12.0,15.07,20.95,13.53,12.0,78.0,6.6
flyhunter origins,VITA,3.58,3.12,6.8,"Adventure, Platform",Steel Wool Games,Ripstone,2014.0,8.2,13.42,4.5,4.5,8.2,58.0,7.0
folklore,PS3,3.77,2.97,30.18,"Action, Adventure, Role-Playing",Game Republic,SCEI,2007.0,15.53,25.17,41.0,21.12,15.53,75.0,8.0
football manager 2010,PC,4.09,3.27,77.03,"Simulation, Sports",Sports Interactive,Sega,2009.0,393.07,424.62,525.0,415.12,393.07,87.0,8.8
football manager 2011,PC,4.14,3.21,77.03,"Simulation, Sports",Sports Interactive,Sega,2010.0,454.58,564.38,445.0,504.52,454.58,85.0,8.3
football manager 2012,PC,4.18,3.29,76.88,"Simulation, Sports",Sports Interactive,Sega,2011.0,527.25,358.33,488.33,470.73,527.25,84.0,8.0
football manager 2013,PC,4.06,3.29,77.25,"Simulation, Sports",Sports Interactive,Sega,2012.0,515.25,206.52,277.33,434.05,515.25,86.0,6.9
football manager 2014,PC,4.07,3.3,79.45,"Simulation, Sports",Sports Interactive,Sega,2013.0,586.93,564.75,856.62,633.47,586.93,85.0,5.7
football manager 2015,PC,4.01,3.53,80.00+,"Simulation, Sports",Sports Interactive,Sega,2014.0,452.55,804.37,1119.42,733.72,452.55,80.0,6.2
football manager 2016,PC,3.74,3.5,80.00+,"Simulation, Sports",Sega,SPORTS INTERACTIVE,2015.0,328.17,917.78,275.0,560.47,328.17,81.0,7.1
football manager 2017,PC,3.85,3.47,80.00+,"Simulation, Sports",Sports Interactive,SEGA,2016.0,225.63,246.35,518.83,296.17,225.63,80.0,5.5
football manager 2018,PC,3.97,3.46,77.2,"Simulation, Sports",Sports Interactive,Sega,2017.0,353.75,202.65,187.02,264.95,353.75,82.0,6.1
football manager 2019,PC,3.84,3.29,80.00+,"Simulation, Sports",Sports Interactive,Sega,2018.0,246.0,326.42,458.98,302.07,246.0,86.0,7.1
football manager 2020,PC,3.8,3.61,80.00+,"Simulation, Sports",Sports Interactive,Sega,2019.0,319.5,359.85,493.33,364.65,319.5,84.0,6.1
football manager 2021,PC,3.88,3.69,69.25,"Simulation, Sports",Sports Interactive,Sega,2020.0,190.98,869.47,1020.28,472.7,190.98,81.5,7.0
football manager 2022,PC,3.72,3.43,80.00+,"Management, Sports",Sports Interactive,Sega,2021.0,193.57,767.67,601.75,357.15,193.57,85.0,7.2
football manager classic 2014,VITA,3.79,3.29,36.4,"Simulation, Sports",Sports Interactive,Sega,2014.0,8.2,40.0,20.95,40.0,8.2,67.0,7.3
for honor,PC,3.16,3.45,28.61,Hack And Slash,Ubisoft Montreal,Ubisoft,2017.0,7.07,11.9,20.68,9.27,7.07,77.66666666666667,5.733333333333333
forager,PS4,3.38,2.44,22,Adventure,HopFrog,Humble Bundle,2019.0,15.65,25.95,44.47,32.78,15.65,78.0,7.1
ford mustang: the legend lives,PS2,3.55,3.29,32.62,"Driving, Racing",Eutechnyx,2K Games,2005.0,2.38,13.42,20.95,2.38,2.38,55.0,7.4
ford racing 2,XBOX,3.02,3.08,25.25,"Driving, Racing",Razorworks Studios,Various,2003.0,3.72,10.48,20.95,5.28,3.72,62.0,7.333333333333333
ford racing 3,XBOX,3.28,3.0,38.67,"Driving, Racing",Razorworks Studios,Unknown,2005.0,4.87,6.97,10.15,7.62,4.87,54.0,7.6
foregone,PC,3.33,2.71,14.4,"Action, Platform",Big Blue Bubble,Big Blue Bubble,2021.0,7.1,10.58,17.53,10.45,7.1,71.33333333333333,7.0
forever kingdom,PS2,2.98,3.72,31.25,"Action, Role-Playing",From Software,Unknown,2002.0,10.0,19.82,20.95,11.23,10.0,64.0,8.4
forgotten realms: demon stone,PC,3.0,3.0,21,Action,Unknown,Atari,2004.0,7.4,8.1,9.25,7.77,7.4,70.66666666666667,6.3999999999999995
forgotton anne,PC,3.5,2.18,10.35,"Adventure, Platform, Side",ThroughLine Games,Square Enix,2018.0,7.43,9.12,10.42,8.43,7.43,79.0,7.5
formula one 2001,PS2,3.56,3.19,28.71,"Driving, Racing",Unknown,Unknown,2001.0,5.37,6.0,10.0,6.12,5.37,73.0,6.5
formula one championship edition,PS3,3.69,3.34,36.6,"Driving, Racing",SCE Studio Liverpool,Sony Computer Entertainment,2007.0,15.87,30.0,20.95,19.9,15.87,74.0,8.2
forspoken,PS5,2.42,3.13,29.68,"Action, Adventure, Open World",Luminous Productions,Square Enix,2023.0,14.58,27.73,59.33,28.45,14.58,65.0,3.5
fort triumph,PC,2.45,3.57,8.25,Unknown,CookieByte Entertainment,CookieByte Entertainment,2018.0,9.8,11.77,21.75,11.77,9.8,74.0,7.3
fortified,PC,3.25,3.62,8.08,"Action, Strategy",Clapfoot,Clapfoot,2016.0,5.42,21.12,20.95,8.55,5.42,69.0,6.7
fortix,PSP,2.7,2.82,3.8,"Action, Arcade, Top-Down",Nemesys Team Studio,Nemesys Team Studio,2010.0,2.0,3.52,7.43,4.3,2.0,58.0,6.8
fortix 2,PC,3.19,3.09,7.5,Tower Defense,Nemesys Games,Nemesys Games,2011.0,3.38,6.3,15.1,5.93,3.38,74.0,6.8
fortnite,PC,3.06,3.53,58.5,"Action, Sandbox, Shooter, Third-Person",Unknown,Epic Games,2017.0,75.68,184.0,746.37,197.82,75.68,80.66666666666667,4.033333333333333
fortune street,WII,3.86,3.4,46.76,Board Game,Square Enix,Unknown,2011.0,22.88,31.52,72.83,34.08,22.88,68.0,7.6
forza horizon,X360,4.1,2.95,41.49,"Driving, Racing",Unknown,Microsoft Studios,2012.0,16.12,21.22,28.38,20.43,16.12,85.0,8.5
forza horizon 2,X360,3.87,2.82,46.08,"Driving, Racing",Unknown,Microsoft Studios,2014.0,17.55,38.8,117.42,33.75,17.55,86.0,8.3
forza horizon 2 presents fast & furious,X360,3.47,2.57,7.76,"Driving, Racing",Playground Games,Microsoft Studios,2015.0,3.02,3.7,4.48,3.95,3.02,61.0,7.8
forza horizon 3,PC,4.06,2.7,70.27,"Driving, Racing",Playground Games,Microsoft Studios,2016.0,17.57,50.35,119.93,46.6,17.57,88.5,7.55
forza horizon 4,PC,4.13,2.73,61.94,"Driving, Open World, Racing",Playground Games,Microsoft Studios,2018.0,16.92,55.8,181.68,65.23,16.92,90.0,8.0
forza horizon 5,PC,3.93,3.07,61.94,"Driving, Open World, Racing",Playground Games,Xbox Game Studios,2021.0,21.73,51.07,149.9,51.88,21.73,91.5,7.449999999999999
forza motorsport 2,X360,3.95,3.09,53.79,"Driving, Racing",Turn 10 Studios,Microsoft Game Studios,2007.0,49.13,57.73,75.32,59.78,49.13,90.0,8.3
forza motorsport 3,X360,4.15,3.03,64.89,"Driving, Racing, Simulation",Turn 10 Studios,Microsoft Game Studios,2009.0,38.15,70.08,248.43,105.17,38.15,92.0,8.1
forza motorsport 4,X360,4.3,3.02,63.68,"Driving, Racing",Turn 10 Studios,Microsoft Studios,2011.0,29.97,82.07,300.02,80.5,29.97,91.0,8.3
forza motorsport 5,XONE,3.79,3.04,56.35,"Driving, Racing, Simulation",Turn 10 Studios,Microsoft Studios,2013.0,49.27,96.15,174.78,83.63,49.27,79.0,6.0
forza motorsport 6,XONE,4.27,3.03,70.07,"Driving, Racing, Simulation",Turn 10 Studios,Microsoft Studios,2015.0,26.9,73.97,207.77,68.28,26.9,87.0,7.7
forza motorsport 7,XONE,3.92,2.99,70.77,"Driving, Racing, Simulation",Turn 10 Studios,Microsoft Studios,2017.0,30.4,80.07,180.17,68.78,30.4,84.0,5.7
fossil fighters,DS,4.06,2.86,42.05,Role-Playing,Unknown,Nintendo,2009.0,32.28,50.4,91.97,49.05,32.28,70.0,8.4
fossil fighters: champions,DS,4.27,2.82,37.29,Role-Playing,Unknown,Nintendo,2011.0,23.12,28.08,45.67,28.22,23.12,68.0,8.0
fossil fighters: frontier,3DS,3.58,2.71,49.91,Role-Playing,Unknown,Nintendo,2015.0,27.13,47.3,60.12,37.77,27.13,57.0,5.3
fox n forests,PC,3.48,3.22,9.14,"Action, Platform",Unknown,EuroVideo Medien,2018.0,7.25,6.83,7.58,7.27,7.25,67.75,7.15
fracture,PS3,2.87,2.82,12.28,"Shooter, Third-Person",Day 1 Studios,LucasArts,2008.0,6.97,10.6,7.0,7.72,6.97,62.5,6.15
fractured soul,3DS,3.6,3.86,18.86,"Action, Shooter",Endgame Studios,Endgame Studios,2012.0,4.42,3.25,20.95,3.98,4.42,70.0,7.5
fractured space,PC,3.27,3.36,30.5,Shooter,Edge Case Games,Edge Case Games,2014.0,8.2,13.42,20.95,11.25,8.2,79.0,7.6
fragile dreams: farewell ruins of the moon,WII,3.92,2.81,22.66,Role-Playing,Namco Bandai Games,Namco Bandai Games,2010.0,12.7,13.75,19.3,13.9,12.7,67.0,8.3
fragments of him,XONE,2.94,1.33,5,Adventure,Sassybot,Sassybot,2016.0,1.97,13.42,2.12,2.05,1.97,68.33333333333333,5.466666666666666
framed collection,PC,3.6,1.89,7,"Adventure, Puzzle",Loveshack Entertainment,Surprise Attack Games,2018.0,2.88,2.85,3.5,3.15,2.88,79.0,7.3
freaky flyers,PS2,3.25,3.78,36.5,"Driving, Flight, Racing, Real-Time, Shooter, Third-Person",Midway Games,Midway Games,2003.0,2.48,13.42,14.0,8.23,2.48,66.33333333333333,7.1000000000000005
"freakyforms deluxe: your creations, alive!",3DS,3.42,1.8,18.89,Unknown,Asobism,Nintendo,2012.0,8.2,19.45,20.95,19.45,8.2,63.0,7.5
"freakyforms: your creations, alive!",3DS,3.64,1.93,16.84,Simulation,Asobism Co.,Nintendo,2011.0,3.48,29.1,28.83,21.75,3.48,68.0,7.7
freedom fighters,PS2,3.76,3.24,18.53,"Shooter, Third-Person",IO Interactive,Electronic Arts,2003.0,7.58,9.37,15.9,9.2,7.58,81.5,7.85
freedom planet,WIIU,4.11,3.65,17.36,"Action, Platform",GalaxyTrail,GalaxyTrail,2014.0,4.92,9.98,22.45,6.9,4.92,83.0,8.233333333333334
freedom wars,VITA,4.07,3.81,65.74,"Action, Role-Playing",Unknown,Unknown,2014.0,28.27,41.23,73.38,40.75,28.27,73.0,8.3
freedom wings,DS,3.44,2.85,27.11,"Action, Flight",Beluga Computer,Natsume,2006.0,8.2,13.42,17.68,17.68,8.2,46.0,8.1
freekstyle,GBA,3.08,4.11,18.28,"Driving, Racing",Unknown,Unknown,2002.0,9.77,14.05,20.95,11.48,9.77,74.66666666666667,8.1
freelancer,PC,4.24,3.19,51.29,"Role-Playing, Shooter, Simulation",Digital Anvil,Microsoft Game Studios,2003.0,16.17,26.4,60.75,25.52,16.17,85.0,8.8
freespace 2,PC,4.32,3.18,36.84,Space Combat Simulator,Unknown,Interplay Entertainment,1999.0,16.98,15.32,34.0,18.37,16.98,91.0,8.7
freestyle street soccer,XBOX,2.28,2.83,8.8,"Arcade, Sports",Silicon Dreams,Acclaim,2004.0,4.8,5.0,20.95,4.85,4.8,44.0,8.0
frequency,PS2,3.48,3.72,33.09,Music,Harmonix Music Systems,Harmonix Music Systems,2001.0,2.33,13.42,250.0,51.87,2.33,83.0,8.6
friday the 13th: killer puzzle,PC,3.42,3.0,10.23,Puzzle,Blue Wizard Digital,Blue Wizard Digital,2018.0,5.73,9.43,16.57,9.68,5.73,76.0,7.5
friday the 13th: the game,PC,2.74,3.71,48.22,"Horror, Survival, Third-Person",IllFonic,Gun Media,2017.0,6.03,27.38,162.38,28.93,6.03,58.333333333333336,6.4
frobisher says!,VITA,2.87,2.25,3.46,Party,Unknown,SCEE,2012.0,4.0,5.5,3.85,4.22,4.0,74.0,7.3
frog detective 2: the case of the invisible wizard,PC,3.72,1.0,1.14,"Adventure, First-Person",Unknown,Unknown,2019.0,1.18,1.33,1.57,1.38,1.18,81.0,8.1
frogger 2: swampy's revenge,GBC,2.96,3.03,8.85,Action,Blitz Games,Hasbro Interactive,2000.0,1.95,3.57,3.62,2.7,1.95,72.0,8.4
frogger 3d,3DS,3.54,3.46,16.3,Action,Alpha Unit,Konami,2011.0,8.2,7.92,20.95,7.92,8.2,54.0,6.1
frogger advance: the great quest,GBA,2.57,2.65,6.13,Platform,KCEA,Konami,2002.0,1.18,13.42,20.95,1.18,1.18,55.0,7.8
frogger's adventures: the rescue,PS2,3.19,2.0,14.18,"Action, Adventure",Konami,Konami,2003.0,7.03,13.42,20.95,7.03,7.03,59.0,8.7
frogger: ancient shadow,XBOX,2.68,3.57,19.2,Platform,Hudson Soft,Konami,2005.0,15.4,8.0,20.95,13.55,15.4,51.666666666666664,6.1000000000000005
frogger: helmet chaos,DS,3.41,2.18,10.67,Platform,Konami Computer Entertainment Hawaii,Konami,2005.0,6.05,13.42,20.95,6.05,6.05,69.0,6.8
from dust,PC,3.19,3.01,10.88,"Real-Time, Strategy/Tactical, Top-Down",Ubisoft Montpellier,Ubisoft,2011.0,6.88,9.1,12.32,8.62,6.88,79.0,6.566666666666666
from the abyss,DS,3.19,2.57,17.39,Role-Playing,Sonic Powered,NA: Aksys Games,2008.0,6.33,8.12,20.95,6.67,6.33,59.0,6.7
front mission 4,PS2,4.04,3.33,47.81,"Role-Playing, Tactical",Square Enix Product Development Division 6,Square Enix,2004.0,39.05,51.27,20.95,43.63,39.05,75.0,8.5
front mission evolved,X360,3.02,2.93,14.63,"Shooter, Third-Person",Double Helix Games,Unknown,2010.0,7.4,11.08,23.3,8.67,7.4,59.666666666666664,5.833333333333333
frontlines: fuel of war,PC,3.16,2.94,10.6,"Action, First-Person, Shooter",Unknown,THQ,2008.0,5.47,7.85,11.0,5.85,5.47,74.0,7.300000000000001
frostpunk,PC,3.85,3.72,23.96,"Simulation, Strategy",11 bit studios,11 bit studios,2018.0,10.98,27.23,64.65,19.32,10.98,84.0,8.4
frozen synapse,PC,3.53,3.91,31.32,"Strategy/Tactical, Turn-Based",Mode 7 Games,Mode 7 Games,2011.0,24.52,27.82,20.95,25.48,24.52,85.0,7.5
fru,XONE,4.33,3.33,15.4,"Platform, Puzzle",Through Games,Unknown,2016.0,2.35,3.5,4.0,3.05,2.35,84.0,6.9
fruit ninja kinect,X360,3.78,2.77,9.39,Unknown,Halfbrick Studios,Unknown,2011.0,4.0,13.42,7.0,6.0,4.0,71.0,6.5
ftl: faster than light,LNX,3.64,4.45,20.31,Roguelike,Subset Games,Subset Games,2012.0,13.03,35.13,120.02,32.92,13.03,84.0,8.3
fuel,PS3,3.02,3.28,35.14,"Driving, Open World, Racing",Asobo Studio,Codemasters,2009.0,25.73,47.3,58.35,44.45,25.73,66.66666666666667,7.033333333333334
fugitive hunter: war on terror,PS2,1.94,2.25,8.22,"First-Person, Shooter",Black Ops Entertainment,Unknown,2003.0,3.0,5.67,20.95,3.33,3.0,35.0,5.0
full auto,X360,3.26,2.83,13.64,"Driving, Racing, Vehicular Combat",Pseudo Interactive,Sega,2006.0,5.7,7.57,20.95,6.0,5.7,70.0,7.7
full auto 2: battlelines,PS3,3.16,3.06,34.89,Car Combat,Unknown,Sega,2006.0,11.82,46.72,18.0,24.13,11.82,60.0,7.199999999999999
full bore,PC,4.05,4.2,19.2,Puzzle,Whole Hog Games,Unknown,2013.0,12.77,18.23,24.08,18.37,12.77,72.0,7.1
full house poker,X360,3.59,3.1,34.23,Card Game,Unknown,Microsoft Game Studios,2011.0,3.5,13.42,16.0,9.75,3.5,77.0,6.8
full mojo rampage,PC,3.16,3.63,16.62,Roguelike,Over The Top Games,Over The Top Games,2014.0,7.08,10.12,44.45,14.23,7.08,66.0,6.0
full spectrum warrior,PS2,3.03,4.05,19.33,"Combat Simulation, Real-Time Tactics",Pandemic Studios,THQ,2004.0,9.68,10.55,20.95,9.78,9.68,79.33333333333333,7.900000000000001
full spectrum warrior: ten hammers,PS2,2.8,4.07,20.67,"Action, Real-Time, Strategy/Tactical",Unknown,THQ,2006.0,14.5,13.42,20.95,14.5,14.5,70.0,8.4
full throttle remastered,PC,3.73,2.52,6.68,"Adventure, Point-And-Click",Shiny Shoe,Double Fine Productions,2017.0,4.07,4.57,4.77,4.43,4.07,76.5,7.4
fullmetal alchemist 2: curse of the crimson elixir,PS2,3.62,2.88,21.9,Unknown,Racjin,Square Enix,2005.0,8.52,9.53,20.95,8.82,8.52,67.0,6.8
fullmetal alchemist and the broken angel,PS2,3.45,2.91,19.95,"Action, Role-Playing",Racjin,Square Enix,2003.0,12.08,14.5,20.95,13.05,12.08,56.0,7.5
fullmetal alchemist: dual sympathy,DS,3.26,2.76,13.4,Action,Bandai,Unknown,2006.0,8.1,13.42,20.95,8.1,8.1,58.0,6.8
fun! fun! minigolf touch!,3DS,3.32,2.15,14.86,Sports,Shin'en,Shin'en,2012.0,1.38,2.77,4.82,3.05,1.38,61.0,7.7
funky barn,WIIU,3.64,2.17,29.67,"Puzzle, Strategy",Unknown,505 Games,2012.0,5.88,13.42,5.5,5.75,5.88,50.0,6.3
fur fighters,DC,3.59,3.41,35.92,Third-Person Shooter,Bizarre Creations,Acclaim,2000.0,15.1,25.0,55.0,31.7,15.1,80.0,7.5
fur fighters: viggo's revenge,PS2,3.44,3.2,37.27,"Shooter, Third-Person",Bizarre Creations,Acclaim,2011.0,8.2,27.68,20.95,27.68,8.2,64.0,7.3
furi,PS4,3.81,4.3,10.3,Action,The Game Bakers,The Game Bakers,2016.0,5.63,7.93,17.78,7.02,5.63,76.0,7.575
furious karting,XBOX,3.5,3.38,12.8,"Driving, Racing",Babylon Software,Atari,2003.0,3.47,13.42,20.95,3.47,3.47,63.0,7.333333333333333
futurama,PS2,3.13,3.3,11.07,Platform,Unique Development Studios,Unknown,2003.0,6.6,8.07,12.43,7.15,6.6,58.5,6.5
future tactics: the uprising,PS2,3.2,3.13,30.11,"Role-Playing, Tactical, Turn-Based",Zed Two,Unknown,2004.0,9.72,13.42,20.95,9.72,9.72,61.666666666666664,6.099999999999999
futuridium ep deluxe,PS4,2.8,3.88,10,Shooter,MixedBag,MixedBag,2014.0,5.55,13.42,20.95,5.55,5.55,69.0,6.2
fuzion frenzy,XBOX,3.41,2.79,20.76,Party,Blitz Games,Microsoft Game Studios,2001.0,3.65,15.28,20.95,7.53,3.65,70.0,7.0
fuzion frenzy 2,X360,2.65,2.27,24.13,Party,Hudson Soft,Microsoft Game Studios,2007.0,1.75,4.67,20.95,3.5,1.75,49.0,5.4
g.i. joe: operation blackout,XONE,3.05,3.78,14.25,"Action, Shooter, Third-Person",Unknown,GameMill Entertainment,2020.0,5.4,8.63,15.75,8.6,5.4,53.5,5.85
g.i. joe: the rise of cobra,X360,3.16,2.83,20.94,Action,Unknown,Electronic Arts,2009.0,6.27,6.57,20.95,6.35,6.27,45.75,5.699999999999999
gabrielle's ghostly groove 3d,3DS,3.53,2.13,7.88,"Music, Rhythm",Unknown,Natsume,2011.0,3.37,3.28,6.95,3.78,3.37,62.0,7.4
gal metal,NS,4.05,3.42,49.71,Music/Rhythm,DMM Games,Xseed Games,2018.0,4.02,5.42,20.95,4.17,4.02,61.0,5.5
gal*gun 2,PC,3.5,2.67,22,"First-Person, On-Rails, Shooter",Inti Creates,Unknown,2018.0,5.4,10.97,24.2,9.37,5.4,59.0,6.95
gal*gun returns,NS,3.96,2.67,14,"Action, First-Person, On-Rails, Shooter",Inti Creates,PQube,2021.0,2.78,9.7,50.77,10.12,2.78,68.0,7.333333333333333
gal*gun: double peace,PC,3.58,2.9,11.38,"On-Rails, Shooter",Inti Creates,PQube,2016.0,3.9,13.9,39.28,10.23,3.9,65.0,6.55
galactic civilizations ii: dread lords,PC,4.0,3.45,67.78,"Strategy/Tactical, Turn-Based",Stardock,Unknown,2006.0,21.65,13.42,20.95,21.65,21.65,86.0,7.6
galactic civilizations iii,PC,3.55,3.4,70.85,Strategy,Stardock,Stardock,2015.0,27.58,42.12,72.17,38.57,27.58,81.0,7.0
galaga,MSX,3.64,3.33,39.17,"Arcade, Top-Down",Namco,Namco,1981.0,0.82,2.07,2.95,1.58,0.82,66.0,6.3
galaga legions dx,PS3,3.5,3.07,4.34,Shooter,Namco Bandai Games,Namco Bandai Games,2011.0,1.58,1.8,4.13,2.45,1.58,73.0,6.3999999999999995
galerians: ash,PS2,3.14,3.37,23.25,Survival,Polygon Magic,Sammy Studios,2003.0,9.13,13.42,20.95,9.13,9.13,50.0,8.1
game & wario,WIIU,3.45,2.73,14.31,Party,Unknown,Nintendo,2013.0,2.02,7.33,19.15,4.92,2.02,61.0,6.7
game & watch gallery 4,GBA,3.77,3.2,27.6,Compilation,Unknown,Nintendo,2002.0,6.8,15.83,38.5,17.67,6.8,71.0,8.1
game builder garage,NS,3.85,3.52,27.05,Educational,Unknown,Nintendo,2021.0,8.67,15.0,20.95,10.13,8.67,77.0,7.8
game party,WII,2.45,2.02,34.02,Party,FarSight Studios,Midway Games,2007.0,1.4,13.42,2.0,1.7,1.4,25.0,3.9
game party 2,WII,3.06,1.95,15.21,Party,FarSight Studios,Midway Games,2008.0,1.0,13.42,2.0,1.5,1.0,29.0,5.8
game party champions,WIIU,3.04,2.65,12.75,Party,Phosphor,Unknown,2012.0,4.0,13.42,4.82,4.55,4.0,24.0,3.9
gamedec,PC,3.91,3.17,20.9,"Isometric, Role-Playing",Anshar Studios,Anshar Studios,2021.0,10.73,15.3,19.87,13.75,10.73,70.5,6.6
gang beasts,XONE,2.83,2.75,7.08,"Beat Em Up, Fighting, Party, Third-Person",Boneloaf Games,WW Double Fine Productions,2014.0,2.78,5.47,7.65,6.25,2.78,68.0,6.3
gangs of london,PSP,3.11,2.89,18,"Action, Adventure",SCE London Studio,Sony Computer Entertainment,2006.0,5.78,27.5,20.95,7.97,5.78,52.0,6.8
gardening mama,DS,3.39,2.21,23.92,Simulation,Cooking Mama Limited,Unknown,2009.0,4.8,13.42,20.95,4.8,4.8,60.0,7.4
gardening mama 2: forest friends,3DS,3.49,1.97,23.09,Simulation,Racjin,Majesco,2014.0,8.2,13.42,25.07,25.07,8.2,43.0,7.333333333333333
garfield and his nine lives,GBA,3.4,2.48,12.79,Action,Lucky Jump Games,The Game Factory,2006.0,1.53,13.42,20.95,1.53,1.53,56.0,7.0
garfield's nightmare,DS,3.39,3.67,13.13,Platform,Shin'en Multimedia,Game Factory,2007.0,5.88,13.42,20.95,5.88,5.88,70.0,8.5
garfield: a tail of two kitties,PS2,3.18,2.32,11.15,Action,Unknown,The Game Factory,2006.0,4.4,6.0,3.4,4.33,4.4,59.0,6.400000000000001
garou: mark of the wolves,PC,3.9,3.65,19.67,Fighting,SNK,SNK,1999.0,1.37,4.97,13.65,2.75,1.37,77.0,8.2
garshasp: the monster slayer,PC,2.34,2.73,6.89,Action Adventure,Dead Mage Inc.,Just A Game,2011.0,3.38,4.12,12.93,4.4,3.38,49.0,6.0
gas guzzlers extreme,PC,3.65,3.29,25.6,"Action, Driving, Racing, Sports",Gamepires,Iceberg Interactive,2013.0,10.87,10.28,16.93,11.28,10.87,67.5,7.75
gateways,PC,3.76,3.47,6.2,Platform,Smudged Cat Games,Smudged Cat Games,2012.0,5.67,6.37,7.33,6.45,5.67,72.0,7.5
gato roboto,XONE,3.32,2.89,3.71,"Action, Adventure",Doinksoft,Devolver Digital,2019.0,3.43,4.0,4.6,3.98,3.43,75.5,7.25
gauntlet: seven sorrows,PS2,3.13,2.72,14.22,"Action, Role-Playing",Midway Games,Midway Games,2005.0,7.32,3.5,5.47,6.57,7.32,60.0,6.8
gear.club unlimited,NS,3.8,3.63,33.24,"Driving, Racing",Eden Games Mobile,Microids,2017.0,26.2,13.42,35.82,28.6,26.2,64.0,6.5
gear.club unlimited 2,NS,3.64,3.2,53.04,"Driving, Racing",Eden Games Mobile,Microids,2018.0,18.07,29.4,38.97,26.02,18.07,57.0,5.5
gears 5,PC,3.54,2.96,18.86,"Action, Shooter, Third-Person",The Coalition,Xbox Game Studios,2019.0,11.52,16.28,19.65,14.22,11.52,83.0,7.55
gears of war,PC,3.81,3.18,16.05,"Action, Shooter, Third-Person",Epic Games,Microsoft Game Studios,2006.0,9.08,12.42,34.82,11.0,9.08,90.5,8.05
gears of war 2,X360,4.18,3.19,22.76,"Action, Shooter, Third-Person",Epic Games,Microsoft Game Studios,2008.0,10.05,13.23,62.1,12.05,10.05,93.0,7.9
gears of war 3,X360,4.21,3.22,22.35,"Action, Shooter, Third-Person",Epic Games,Microsoft Studios,2011.0,9.68,13.2,20.55,10.8,9.68,91.0,8.1
gears of war 4,PC,3.62,3.03,19.62,"Shooter, Third-Person",The Coalition,Microsoft Studios,2016.0,9.13,12.3,13.75,10.0,9.13,85.0,6.9
gears of war: judgment,X360,3.41,3.03,17.97,"Action, Shooter, Third-Person",Unknown,Microsoft Studios,2013.0,7.17,8.53,10.32,7.77,7.17,79.0,5.7
gears of war: ultimate edition,XONE,3.96,3.16,21.35,"Shooter, Third-Person",The Coalition,Microsoft Studios,2015.0,8.95,11.33,51.9,10.45,8.95,82.0,7.7
gears tactics,XBSX,3.29,3.89,28,"Strategy/Tactical, Top-Down, Turn-Based",The Coalition,Xbox Game Studios,2020.0,25.8,34.82,69.37,30.68,25.8,81.0,7.3999999999999995
geist,GC,3.44,3.24,19.33,"Action, Adventure, First-Person",Unknown,Nintendo,2005.0,8.92,11.0,21.0,9.62,8.92,66.0,8.2
gekido advance: kintaro's revenge,GBA,3.25,3.68,13.36,Beat Em Up,Naps Team,Unknown,2003.0,3.57,13.42,20.95,3.57,3.57,70.0,7.0
gemini: heroes reborn,PC,3.27,3.22,4.8,"Action, Adventure",Phosphor Games,Phosphor Games,2016.0,3.57,3.87,6.42,4.33,3.57,58.5,5.8500000000000005
gene rain,PS4,1.0,3.5,7.33,"Shooter, Third-Person",Deeli network,Deeli network,2018.0,3.35,13.42,20.95,3.35,3.35,32.0,3.6
generation of chaos,PSP,3.37,3.55,46.16,"Role-Playing, Strategy",Idea Factory,Unknown,2006.0,35.73,13.42,20.95,35.73,35.73,60.0,7.1
generation zero,PS4,2.73,3.74,60.8,"First-Person, Open World, Shooter",Avalanche Studios,Avalanche Studios,2019.0,18.68,46.33,87.7,45.78,18.68,48.666666666666664,5.933333333333334
genesis noir,XONE,2.94,1.0,4.8,Adventure,Feral Cat Den,Fellow Traveller,2021.0,4.72,5.13,5.45,5.15,4.72,79.66666666666667,6.766666666666667
genital jousting,PC,3.13,1.71,3.2,"Arcade, Party, Sports, Top-Down",Free Lives,Devolver Digital,2018.0,1.72,2.58,5.23,2.25,1.72,68.0,8.4
genji: dawn of the samurai,PS2,3.8,3.0,17.32,Hack And Slash,Game Republic,Sony Computer Entertainment,2005.0,7.07,7.4,10.0,7.23,7.07,74.0,8.7
genji: days of the blade,PS3,3.01,3.08,17.63,"Action, Adventure",Game Republic,Sony Computer Entertainment,2006.0,12.98,13.42,11.33,12.77,12.98,55.0,6.1
genma onimusha,XBOX,4.08,3.46,16.6,"Action, Adventure",Capcom,Capcom,2002.0,6.18,7.47,24.97,7.95,6.18,83.0,8.6
genshin impact,PS4,3.61,2.79,80.00+,"Action, Adventure, Open World, Role-Playing, Third-Person",Unknown,Unknown,2020.0,75.47,329.75,932.13,425.18,75.47,82.5,4.35
geometry wars: galaxies,DS,3.89,3.38,21.25,"Multidirectional, Shooter",Unknown,Sierra,2007.0,12.5,28.5,20.95,20.5,12.5,79.5,7.699999999999999
geometry wars: retro evolved,PC,3.64,3.48,14.4,"Multidirectional, Shooter, Top-Down",Bizarre Creations,Microsoft Game Studios,2005.0,4.07,13.67,9.5,6.2,4.07,81.0,8.5
geometry wars: retro evolved 2,X360,4.18,3.72,15.7,"Shooter, Top-Down",Bizarre Creations,Activision,2008.0,2.7,6.37,85.0,19.0,2.7,90.0,8.2
george of the jungle and the search for the secret,PS2,2.06,2.0,9,Action,Unknown,Ignition Entertainment Crave Entertainment,2008.0,2.73,13.42,20.95,2.73,2.73,35.0,4.0
get even,PC,3.13,2.85,12.6,"Action, Adventure",The Farm 51,BANDAI NAMCO Entertainment,2017.0,7.38,10.98,16.2,9.53,7.38,73.0,7.333333333333333
ghost giant,PS4,3.68,2.25,4,Adventure,Zoink,Unknown,2019.0,2.9,3.97,3.87,3.43,2.9,80.0,7.1
ghost of a tale,PS4,3.69,3.18,15.64,"Action, Role-Playing",SeithCG,SeithCG,2018.0,11.35,15.57,19.98,15.9,11.35,75.0,8.1
ghost of tsushima,PS4,4.27,3.06,54.66,"Action, Adventure, Open World, Third-Person",Sucker Punch Productions,Sony Interactive Entertainment,2020.0,25.25,47.15,64.6,50.78,25.25,83.0,9.1
ghost pirates of vooju island,PC,3.81,2.73,8.6,"Adventure, Point-And-Click",Autumn Moon Entertainment,Dtp Entertainment,2010.0,6.6,17.92,10.73,9.57,6.6,66.0,5.8
ghost rider,GBA,3.37,3.22,14.47,"Action, Adventure",Climax Group,2K Games,2007.0,4.32,4.5,6.27,4.62,4.32,51.5,6.5
ghost song,XONE,3.65,3.9,9,"Action, Adventure",Old Moon,Adult Swim Games,2022.0,9.97,12.6,19.83,12.23,9.97,79.0,6.599999999999999
ghost squad,WII,3.67,2.96,8.05,"On-Rails, Shooter",Unknown,Sega,2004.0,0.82,3.85,100.0,3.97,0.82,69.0,7.7
ghost trick: phantom detective,DS,4.31,2.99,15.87,"Adventure, Puzzle",Capcom,Capcom,2011.0,12.1,12.8,13.38,12.58,12.1,83.0,9.7
ghostbusters: sanctum of slime,PC,2.13,2.44,6,"Action, Adventure",Behaviour Interactive,Atari,2011.0,4.15,3.62,5.87,4.42,4.15,43.333333333333336,3.8333333333333335
ghostbusters: the video game,PS2,3.18,2.82,19.13,"Action, Adventure, Shooter, Third-Person",Unknown,Atari,2009.0,8.17,10.38,26.1,10.08,8.17,68.57142857142857,7.385714285714286
ghosthunter,PS2,3.67,3.04,18.26,"Shooter, Third-Person",SCE Studio Cambridge,Unknown,2004.0,10.65,10.98,11.1,10.83,10.65,69.0,8.6
ghostrunner,PS5,3.26,4.17,11.15,"Action, First-Person, Platform",Unknown,Unknown,2020.0,7.17,9.45,14.75,8.67,7.17,76.8,7.32
ghosts 'n goblins resurrection,PS4,3.56,4.63,23.71,"Action, Adventure, Platform, Side",Capcom,Capcom,2021.0,8.0,7.23,15.93,8.25,8.0,75.0,5.8999999999999995
giana sisters: dream runners,PC,3.47,4.2,16.07,Platform,Black Forest Games,EuroVideo Medien,2015.0,8.2,13.42,2.12,2.12,8.2,32.0,4.9
giana sisters: twisted dreams,PS3,3.51,4.03,17,Platform,Black Forest Games,Black Forest Games,2012.0,7.7,14.3,19.5,10.22,7.7,73.0,7.35
giana sisters: twisted dreams - owltimate edition,NS,3.71,4.23,36.4,"Action, Platform",Black Forest Games,THQ Nordic,2018.0,10.62,9.67,20.95,10.13,10.62,74.0,7.3
giants: citizen kabuto,PS2,3.28,3.14,25.45,"Shooter, Third-Person",Unknown,Unknown,2000.0,10.58,14.53,14.97,12.67,10.58,82.0,7.85
giga wing 2,DC,3.55,3.66,11.08,"Scrolling, Shooter",Takumi,Capcom,2001.0,0.57,1.67,20.95,0.75,0.57,70.0,8.6
gigantic,PC,3.82,3.56,60,Action,Unknown,Unknown,2024.0,23.2,13.42,20.95,23.2,23.2,75.0,8.0
gigantic army,PC,3.5,3.5,2.77,"Action, Platform, Scrolling, Shooter",Astro Port,Nyu Media,2014.0,1.52,3.52,4.0,2.22,1.52,73.0,6.7
giraffe and annika,NS,3.85,2.1,7.56,"Action, Adventure",atelier mimina,Playism,2020.0,5.57,7.15,11.88,6.85,5.57,64.5,6.4
girl fight,PS3,2.65,2.61,13.14,Fighting,Kung Fu Factory,Majesco Entertainment,2013.0,0.9,13.42,20.95,0.9,0.9,34.5,5.2
gish,PC,3.04,3.45,9.5,"Action, Strategy Side-Scroller",Cryptic Sea,Unknown,2004.0,4.33,6.95,20.18,5.93,4.33,80.0,7.0
gitaroo man,PS2,4.01,3.76,14.62,Music/Rhythm,Unknown,Unknown,2002.0,4.17,6.42,15.0,4.7,4.17,82.0,8.6
gitaroo man lives!,PSP,4.08,3.74,10.89,Music/Rhythm,iNiS,Koei,2006.0,2.57,2.78,20.95,2.58,2.57,80.0,8.4
gladiator begins,PSP,4.15,3.71,43.31,"Action, Role-Playing",GOSHOW,Unknown,2010.0,10.13,28.67,120.2,26.48,10.13,59.0,7.6
gladiator: sword of vengeance,PC,3.0,4.2,19.2,Hack And Slash,Acclaim Studios Manchester,Acclaim Entertainment,2003.0,12.05,8.5,20.95,11.17,12.05,66.33333333333333,7.033333333333334
gloomhaven,PC,3.42,4.4,60.17,"Board Game, Role-Playing, Turn-Based",Flaming Fowl Studios,Asmodee Digital,2021.0,120.0,159.42,152.25,147.55,120.0,82.0,7.0
glory of heracles,DS,3.61,2.94,33.87,Unknown,Unknown,Nintendo,2010.0,30.25,34.68,35.67,32.75,30.25,69.0,7.4
gnog,PC,2.98,1.78,1.89,"Point-And-Click, Puzzle, Virtual Reality",Ko-op Mode,Double Fine Productions,2017.0,1.9,2.03,2.1,2.0,1.9,77.0,7.0
gnosia,NS,3.97,3.04,29.18,"Role-Playing, Text, Visual Novel",Petit Depotto,Playism,2021.0,17.23,22.43,21.03,20.3,17.23,82.0,8.2
go vacation,NS,3.81,2.36,53.53,Sports,Namco Bandai Games,Unknown,2011.0,21.98,43.95,121.13,61.08,21.98,63.0,7.8999999999999995
go! go! hypergrind,GC,3.54,4.25,39,Sports,Poponchi,Atlus,2003.0,5.27,13.42,20.95,5.27,5.27,67.0,5.8
goblin commander: unleash the horde,XBOX,3.32,3.14,46.86,"Action, Real-Time, Strategy",Jaleco,Jaleco,2003.0,9.03,13.42,20.95,9.03,9.03,69.66666666666667,8.65
god eater 2: rage burst,PC,3.86,3.19,69.62,"Action, Role-Playing, Third-Person",Shift,Namco Bandai Games,2016.0,56.12,81.58,119.17,77.78,56.12,71.0,6.8999999999999995
god eater 3,PC,3.42,3.12,41.6,Unknown,BANDAI NAMCO Studios,BANDAI NAMCO Entertainment,2019.0,23.53,37.97,61.55,37.03,23.53,72.0,6.966666666666667
god hand,PS2,4.21,4.08,27.87,Beat Em Up,Clover Studio,Capcom,2006.0,12.95,15.55,19.22,13.93,12.95,73.0,9.2
god of war collection,VITA,3.78,3.35,27.86,"Action, Adventure, Hack And Slash",Unknown,Unknown,2009.0,21.05,23.4,27.38,22.92,21.05,82.0,8.25
god of war ii,PS2,4.32,3.29,22.14,"Action, Adventure, Hack And Slash",SCE Studios Santa Monica,Sony Computer Entertainment,2007.0,11.82,13.22,15.0,12.55,11.82,93.0,9.0
god of war iii,PS3,4.31,3.23,19.1,"Action, Adventure, Hack And Slash",Santa Monica Studio,Sony Computer Entertainment,2010.0,9.95,11.45,19.0,11.42,9.95,92.0,8.9
god of war: ascension,PS3,3.74,3.15,16.72,"Action, Adventure, Hack And Slash",SCE Santa Monica Studio,Sony Computer Entertainment,2013.0,8.67,9.85,13.93,9.5,8.67,80.0,7.8
god of war: chains of olympus,PS3,3.77,3.03,14.62,"Action, Adventure, Hack And Slash",Ready at Dawn Studios,Sony Computer Entertainment,2008.0,5.43,6.18,9.13,6.07,5.43,91.0,8.7
god of war: ghost of sparta,PS3,3.88,3.03,17.49,"Action, Adventure, Hack And Slash",Unknown,Sony Computer Entertainment,2010.0,6.35,7.12,9.73,6.92,6.35,86.0,8.9
god of war: origins collection,PS3,4.17,3.09,23.84,"Action, Adventure, Hack And Slash",Unknown,Sony Computer Entertainment,2011.0,12.13,18.0,22.67,14.48,12.13,84.0,8.5
god wars: future past,PS4,3.76,3.33,68.11,"Role-Playing, Strategy",Kadokawa Games,NIS America,2017.0,45.82,42.08,20.95,44.57,45.82,74.0,6.6
god's trigger,PC,2.97,3.6,7,Unknown,One More Level,Techland Publishing,2019.0,5.42,7.38,9.0,6.15,5.42,75.0,7.633333333333333
gods eater burst,PSP,4.16,3.55,61.59,"Action, Adventure, Role-Playing, Third-Person",Shift,Unknown,2011.0,39.03,56.23,90.52,53.77,39.03,71.0,8.0
gods will be watching,PC,3.56,4.52,14.71,"Adventure, Point-And-Click",Deconstructeam,Devolver Digital,2014.0,6.62,10.48,18.85,9.32,6.62,64.0,6.5
gods will fall,PC,3.0,4.38,39.64,Unknown,Clever Beans,Deep Silver,2021.0,4.57,9.95,6.83,5.08,4.57,65.5,5.225
godzilla: destroy all monsters melee,GC,3.43,3.01,23.31,Fighting,Pipeworks Software,Atari,2002.0,1.05,4.0,3.33,1.72,1.05,72.0,7.2
godzilla: domination!,GBA,3.3,2.88,7.17,Fighting,Pipeworks Software,Atari,2002.0,0.63,13.42,4.0,0.92,0.63,53.0,8.2
godzilla: save the earth,PS2,3.61,3.01,29.19,Fighting,Pipeworks Software,Atari,2004.0,2.5,6.65,9.0,4.7,2.5,62.5,8.4
godzilla: unleashed,PS2,3.32,2.72,26.64,Fighting,Pipeworks Software,Atari,2007.0,2.32,10.88,36.0,7.72,2.32,44.0,7.3
goetia,NS,3.93,3.72,18.22,"Adventure, Point-And-Click",Sushee,Square Enix,2016.0,7.6,8.77,9.9,9.0,7.6,79.0,7.1
going under,PC,3.38,4.25,39.67,"Action, Beat Em Up",Aggro Crab,Team17 Digital,2020.0,9.67,14.47,27.7,14.02,9.67,79.66666666666667,6.966666666666666
golden axe,TCD,2.32,4.3,2.95,Beat Em Up,Unknown,Unknown,1989.0,1.03,2.05,1.97,1.25,1.03,68.0,8.4
golden axe: beast rider,X360,2.85,3.78,7.69,"Beat Em Up, Hack And Slash, Medieval Fantasy Action",Secret Level,Sega,2008.0,7.45,13.42,20.95,7.45,7.45,44.5,5.800000000000001
golden sun,GBA,4.25,3.0,39.97,"Adventure, Role-Playing",Camelot Software Planning,Nintendo,2001.0,22.43,27.03,27.43,25.58,22.43,91.0,9.0
golden sun: dark dawn,DS,3.95,2.68,37.26,Role-Playing,Camelot Software Planning,Nintendo,2010.0,27.28,32.25,36.47,31.35,27.28,79.0,8.1
golden sun: the lost age,GBA,4.43,3.07,50.11,"Adventure, Role-Playing",Camelot Software Planning,Nintendo,2003.0,31.47,39.27,41.5,37.93,31.47,86.0,8.9
goldeneye 007: reloaded,X360,3.43,3.13,17.54,"Action, Stealth",Eurocom,Activision,2011.0,6.68,10.48,16.72,7.85,6.68,72.0,6.15
goldeneye: rogue agent,DS,3.1,2.94,15.04,"First-Person, Shooter",EA Los Angeles,Electronic Arts,2004.0,8.55,7.8,12.0,8.7,8.55,59.75,6.925
golf peaks,NS,3.95,3.43,17.14,Puzzle,Afterburn,Afterburn,2018.0,2.9,3.63,4.18,3.87,2.9,78.0,7.7
golf story,NS,3.94,2.87,21.32,"Role-Playing, Sports, Top-Down",Sidebar Games,Sidebar Games,2017.0,15.63,18.13,20.93,18.07,15.63,78.0,8.2
gomo,PC,3.38,1.62,1.62,"Adventure, Point-And-Click",Fishcow Studio,Daedalic Entertainment,2013.0,1.45,1.58,1.63,1.52,1.45,50.0,4.7
gone home,PC,3.24,1.36,2.71,"Adventure, First-Person",The Fullbright Company,The Fullbright Company,2013.0,1.98,2.6,3.23,2.4,1.98,86.0,5.5
gonner,PC,3.39,3.82,9.23,Shooter,Art in Heart,Raw Fury,2016.0,7.57,9.37,9.75,8.87,7.57,79.0,7.3
gorn,PC,3.64,2.75,8.5,"Action, Virtual Reality",Free Lives,Devolver Digital,2017.0,3.38,6.07,4.88,4.08,3.38,68.0,5.0
gorogoa,PC,3.83,2.46,2.37,"Adventure, Puzzle",Buried Signal,Annapurna Interactive,2017.0,1.82,2.08,2.67,2.05,1.82,83.5,8.049999999999999
gotcha force,GC,4.21,2.98,54.21,Third-Person Shooter,Capcom,Capcom,2003.0,10.18,15.48,20.95,12.17,10.18,56.0,8.6
gotham city impostors,PS3,3.35,2.94,45.26,Unknown,Monolith Productions,Warner Bros. Interactive Entertainment,2012.0,6.0,50.2,11.0,36.3,6.0,69.33333333333333,6.8999999999999995
gothic,PC,4.1,3.55,43.18,"Action, Role-Playing",Piranha Bytes,Unknown,2001.0,23.43,30.87,39.62,31.43,23.43,81.0,8.8
gothic 3,PC,3.48,3.06,59.93,Role-Playing,Piranha Bytes,Unknown,2006.0,44.82,69.67,110.22,70.53,44.82,63.0,7.5
gothic 3: forsaken gods,PC,2.16,2.62,18.46,Role-Playing,Unknown,JoWooD Entertainment,2008.0,15.3,20.98,30.18,21.93,15.3,44.0,3.2
gothic ii,PC,4.21,3.46,54.65,"Action, Role-Playing",Piranha Bytes,Unknown,2003.0,45.33,53.1,71.12,54.82,45.33,79.0,9.0
grabbed by the ghoulies,XBOX,3.26,3.1,18.61,Beat Em Up,Rare,Microsoft Game Studios,2003.0,6.13,6.78,12.3,7.13,6.13,66.0,7.8
gradius collection,PSP,4.12,4.21,25.69,Shooter,Konami Digital Entertainment,Konami Digital Entertainment,2006.0,5.37,10.25,20.95,7.0,5.37,76.0,8.2
gradius galaxies,GBA,3.64,3.89,6.57,"Scrolling, Shooter",Mobile21,Konami,2001.0,1.52,1.13,20.95,1.47,1.52,78.0,8.3
gradius iii and iv,PS2,3.84,4.09,21.71,"Scrolling, Shooter",Konami,Konami,2000.0,8.2,8.4,20.95,8.4,8.2,64.0,8.0
gradius rebirth,WII,3.8,3.96,7.83,"Scrolling, Shooter",M2,Konami,2009.0,0.68,1.63,20.95,1.15,0.68,69.0,7.9
gradius v,PS2,4.26,4.46,30.17,"Scrolling, Shooter",Unknown,Konami,2004.0,6.6,29.58,75.0,13.33,6.6,82.0,8.8
graffiti kingdom,PS2,3.94,2.7,19.75,Action,Taito / Garakuta Studio,Unknown,2005.0,7.67,13.42,13.38,9.57,7.67,71.0,7.1
gran turismo 2,PS,4.12,3.37,64.29,"Driving, Racing",Polyphony Digital,Sony Computer Entertainment,1999.0,27.83,59.83,104.08,56.9,27.83,93.0,9.0
gran turismo 3: a-spec,PS2,3.99,3.36,64.28,Simulation,Polyphony Digital,Sony Computer Entertainment,2001.0,44.63,75.68,157.88,76.62,44.63,95.0,8.4
gran turismo 4,PS2,4.24,3.46,71.78,"Driving, Racing, Simulation",Polyphony Digital,Sony Computer Entertainment,2005.0,72.42,157.5,271.62,133.73,72.42,89.0,8.8
gran turismo 5,PS3,4.12,3.4,68.4,"Driving, Racing",Polyphony Digital,Sony Computer Entertainment,2010.0,45.95,119.2,514.9,129.6,45.95,84.0,7.8
gran turismo 5 prologue,PS3,3.72,3.17,30.76,"Driving, Racing",Polyphony Digital,Sony Computer Entertainment,2008.0,12.52,28.0,30.13,17.9,12.52,80.0,6.7
gran turismo 6,PS3,4.01,3.1,64.8,"Driving, Racing, Simulation",Polyphony Digital,Sony Computer Entertainment,2013.0,42.62,64.27,103.78,64.75,42.62,81.0,7.9
gran turismo 7,PS5,3.2,3.58,67.68,"Driving, Racing, Simulation",Polyphony Digital,PlayStation Studios,2022.0,26.43,50.05,155.08,49.82,26.43,87.0,2.1
gran turismo sport,PS4,3.51,3.14,63.08,"Driving, Racing, Simulation",Polyphony Digital,Sony Interactive Entertainment,2017.0,27.52,93.2,314.87,90.48,27.52,75.0,6.1
granblue fantasy: versus,PC,3.59,3.06,28.95,"Fighting, Side",Unknown,Unknown,2020.0,6.38,14.47,52.1,14.9,6.38,78.0,6.4
grand ages: medieval,PS4,3.17,3.9,22.4,Strategy,Gaming Minds Studios,Kalypso Media Digital,2015.0,14.55,12.0,27.58,15.68,14.55,63.5,6.05
grand kingdom,PS4,3.87,3.1,68.05,"Role-Playing, Tactical",Monochrome Corporation,NIS America,2016.0,22.65,52.05,124.9,44.63,22.65,77.0,7.8500000000000005
grand prix 3,PC,4.24,3.62,54,Sports,MicroProse,Hasbro Interactive,2000.0,10.55,13.42,20.95,10.55,10.55,87.0,7.4
grand slam tennis,A2K1,2.79,2.43,2.21,"Simulation, Sports",EA Canada,EA Sports,2009.0,2.0,13.42,20.95,2.0,2.0,78.0,7.4
grand theft auto,GBC,2.5,3.66,32.61,"Action, Open World, Top-Down",Unknown,Unknown,1998.0,14.52,14.05,17.52,14.85,14.52,68.0,6.8
grand theft auto 2,GBC,2.57,3.82,31.68,Action,Unknown,Rockstar Games,1999.0,13.0,21.58,28.0,18.22,13.0,70.0,7.7
grand theft auto iii,MAC,3.71,2.91,55.5,"Action, Open World",Unknown,Rockstar Games,2001.0,14.37,20.85,38.47,20.95,14.37,95.0,8.25
grand theft auto iv,PC,3.92,2.99,46.41,"Action, Sandbox, Shooter, Third-Person",Unknown,Rockstar Games,2008.0,27.3,41.15,75.83,37.45,27.3,95.33333333333333,7.633333333333334
grand theft auto v,XBSX,3.56,2.5,70.33,"Action, Driving, First-Person, Open World, Racing, Shooter, Third-Person",Rockstar North,Rockstar Games,2013.0,32.6,54.67,94.45,50.38,32.6,92.0,6.714285714285714
grand theft auto: chinatown wars,IOS,3.66,3.0,27.91,"Action, Sandbox, Shooter, Top-Down",Unknown,Rockstar Games,2009.0,9.25,14.02,26.12,12.42,9.25,91.5,7.8500000000000005
grand theft auto: liberty city stories,PS2,3.7,3.11,36.47,"Action, Sandbox, Shooter, Third-Person",Unknown,Rockstar Games,2005.0,13.97,23.93,42.13,20.45,13.97,83.0,7.65
grand theft auto: san andreas,WINM,3.67,3.17,62.1,"Action, Sandbox, Shooter, Third-Person",Rockstar North,Rockstar Games,2004.0,30.52,46.3,74.88,45.47,30.52,93.66666666666667,8.833333333333334
grand theft auto: the trilogy - the definitive edition,PS5,1.67,3.03,59.44,"Action, Adventure, Open World, Third-Person",Grove Street Games,Rockstar Games,2021.0,46.4,65.18,104.08,66.77,46.4,51.25,0.775
grand theft auto: vice city,XBOX,4.11,3.41,44.29,"Action, Sandbox, Shooter, Third-Person",Unknown,Rockstar Games,2002.0,17.47,25.1,40.32,24.82,17.47,94.5,8.75
grand theft auto: vice city stories,PS2,3.84,3.13,41.58,"Action, Adventure, Sandbox, Shooter, Third-Person",Unknown,Rockstar Games,2006.0,15.72,24.87,41.85,22.17,15.72,80.5,7.8
grandia,SAT,4.03,2.93,57.3,"Isometric, Role-Playing, Turn-Based",Game Arts,Unknown,1999.0,42.38,56.27,71.73,52.63,42.38,89.0,7.7
grandia hd collection,PC,3.77,3.13,57.5,"Role-Playing, Strategy/Tactical, Turn-Based",GungHo,GungHo,2019.0,66.95,69.07,81.67,72.38,66.95,72.0,7.3
grandia ii,PS2,3.88,2.89,47.66,Role-Playing,Unknown,Unknown,2000.0,31.42,36.07,44.42,35.1,31.42,77.0,8.399999999999999
grandia iii,PS2,3.68,3.03,50.75,Role-Playing,Game Arts,Square Enix,2006.0,37.15,39.3,37.38,37.9,37.15,77.0,8.4
grandia xtreme,PS2,3.41,3.13,58,Role-Playing,Game Arts,Enix,2002.0,44.85,42.5,79.97,49.2,44.85,68.0,7.6
gratuitous space battles,PC,3.3,3.29,12,Tower Defense,Positech Games,Positech Games,2009.0,2.68,6.37,14.43,4.73,2.68,72.0,6.8
graveyard keeper,PC,3.61,3.05,54.27,"Role-Playing, Simulation",Lazy Bear Games,tinyBuild,2018.0,46.67,57.87,76.58,60.87,46.67,68.0,5.966666666666666
gravity rush,VITA,4.1,2.98,23.55,"Action, Adventure, Third-Person",SCE Japan Studio,Sony Computer Entertainment,2012.0,10.18,13.5,20.83,13.53,10.18,83.0,8.6
gravity rush 2,PS4,4.05,3.01,42.51,"Action, Adventure, Third-Person",Project Siren,Sony Computer Entertainment,2017.0,19.27,33.23,54.6,33.23,19.27,80.0,8.1
gray matter,X360,3.62,2.64,12.25,Adventure,WizarBox,dtp entertainment,2011.0,11.55,13.58,14.33,13.0,11.55,72.0,7.6
greak: memories of azur,PC,3.38,3.13,6.43,"Platform, Scrolling, Side",Navegante Entertainment,Team17,2021.0,6.9,8.27,10.6,8.07,6.9,70.0,7.433333333333334
greed corp,PC,3.19,3.19,8,"Strategy/Tactical, Turn-Based",W!Games,Unknown,2010.0,8.02,8.97,14.13,8.98,8.02,77.66666666666667,7.733333333333333
green day: rock band,X360,3.75,2.92,19.68,Rhythm Game,Unknown,MTV Games,2010.0,7.02,21.73,36.0,14.07,7.02,75.66666666666667,7.033333333333334
green hell,PS4,2.94,4.0,20.67,"Action, Open World, Survival",Creepy Jar,Creepy Jar,2018.0,17.6,29.05,52.37,25.6,17.6,77.0,7.7
"gremlins, inc.",PC,3.5,3.0,31.45,Strategy,Unknown,Yukitama Creative Industries,2016.0,0.62,30.6,5.0,11.92,0.62,75.0,5.7
grey goo,PC,3.52,3.95,14.17,"Real-Time, Strategy",Petroglyph,Grey Box,2015.0,13.9,20.33,21.67,17.07,13.9,77.0,7.4
griftlands,PC,3.93,3.12,36.29,Adventure,Klei Entertainment,Klei Entertainment,2021.0,11.8,31.05,22.73,20.52,11.8,84.0,7.2
grim dawn,PC,3.98,3.08,63.49,"Action, Role-Playing, Top-Down",Crate Entertainment,Crate Entertainment,2016.0,21.87,54.92,239.12,51.95,21.87,83.0,8.4
grim fandango,PC,4.38,3.35,22.74,"Adventure, Point-And-Click, Puzzle",LucasArts,LucasArts,1998.0,10.87,11.82,12.47,11.57,10.87,94.0,9.1
grim legends: the forsaken bride,PS4,3.06,2.29,7.33,Hidden Object,Artifex Mundi,Artifex Mundi,2014.0,4.8,6.02,10.85,7.18,4.8,74.0,7.333333333333333
grimgrimoire,PS2,3.84,3.3,31.97,Real-Time,Vanillaware,Nippon Ichi Software,2007.0,14.9,20.02,20.95,15.37,14.9,79.0,8.9
gripshift,PSP,3.2,3.59,16,"Action, Platform, Puzzle",Sidhe Interactive,Various,2005.0,15.67,13.42,20.95,15.67,15.67,71.0,8.15
gris,PS4,3.68,1.87,8.63,"Platform, Scrolling, Side",Nomada Studio,Devolver Digital,2018.0,3.58,4.27,6.62,4.27,3.58,83.0,8.4
ground control,PC,3.9,3.63,40,"Real-Time, Tactical",Massive Entertainment,Sierra On-Line,2000.0,18.12,13.42,45.52,22.68,18.12,86.0,7.5
ground control ii: operation exodus,PC,3.77,3.32,17.7,Strategy/Tactical,Massive Entertainment,Vivendi Universal,2004.0,11.75,12.92,9.8,11.8,11.75,80.0,8.4
grow home,PS4,3.05,2.1,8.31,"Adventure, Open World, Platform, Third-Person",Ubisoft Reflections,Ubisoft,2015.0,2.63,4.68,8.1,4.73,2.63,74.5,6.8
grow up,XONE,2.89,3.27,18.5,"Adventure, Platform",Ubisoft Reflections,Ubisoft,2016.0,4.02,6.38,9.72,6.8,4.02,71.66666666666667,6.9
growlanser generations,PS2,4.05,3.24,54.63,Tactical Rpg,Career Soft,Unknown,2004.0,8.2,48.67,20.95,48.67,8.2,81.0,8.8
growlanser: heritage of war,PS2,3.72,3.09,56.62,Unknown,Career Soft,Unknown,2007.0,45.75,50.0,62.5,53.3,45.75,60.0,8.4
growlanser: wayfarer of time,PSP,4.16,3.71,59.09,"Role-Playing, Tactical",Career Soft,Atlus,2012.0,50.85,67.78,82.5,64.18,50.85,67.0,8.2
gryphon knight epic,PC,3.82,3.6,6.8,"Action, Shooter",Cyber Rhino Studios,Cyber Rhino Studios,2015.0,3.52,5.6,11.33,5.27,3.52,55.0,7.0
gt advance 2: rally racing,GBA,3.39,2.85,8.94,"Driving, Racing, Third-Person",MTO,THQ,2002.0,2.67,3.0,9.72,4.47,2.67,77.0,6.2
gt advance 3: pro concept racing,GBA,3.85,3.32,35.09,"Driving, Racing",MTO,THQ,2003.0,4.32,13.42,13.12,6.52,4.32,74.0,8.8
gt advance championship racing,GBA,3.17,3.18,13.59,"Driving, Racing",MTO,THQ,2001.0,4.1,6.0,9.7,6.32,4.1,82.0,8.2
gt legends,PC,3.87,3.14,61.33,"Driving, Racing, Simulation",Simbin,10tacle Studios,2006.0,18.05,27.32,20.95,22.68,18.05,84.0,7.8
gt pro series,WII,3.11,2.45,16.18,"Driving, Racing",MTO,Ubisoft,2006.0,7.72,6.27,20.95,7.23,7.72,41.0,4.5
gti club supermini festa!,PSP,3.13,2.88,19.43,"Driving, Racing",Konami,Konami,2010.0,4.82,6.95,20.95,5.88,4.82,46.0,6.3
gtr 2,PC,4.33,3.74,61.75,"Driving, Racing",Blimey! Games,Unknown,2006.0,12.9,13.42,23.1,16.3,12.9,90.0,8.6
guacamelee!,PS3,4.02,3.26,12.5,"Action, Platform",Drinkbox Studios,Drinkbox Studios,2013.0,6.32,9.33,15.08,9.18,6.32,85.5,8.05
guacamelee! 2,XONE,3.78,3.31,13.85,"Action, Platform",DrinkBox Studios,DrinkBox Studios,2018.0,8.92,11.63,16.18,11.92,8.92,84.75,7.575
guardian heroes,SAT,4.1,3.3,24.86,"Action, Beat Em Up, Hack And Slash, Role-Playing",Treasure,Sega,1996.0,1.67,5.73,5.87,2.52,1.67,83.0,8.2
guild of dungeoneering,PC,3.26,3.47,15.33,Role-Playing,Gambrinous,Versus Evil,2015.0,11.57,19.78,30.75,18.3,11.57,72.0,5.0
guild wars 2,PC,4.05,3.05,80.00+,"Massively Multiplayer, Role-Playing",ArenaNet,NCsoft,2012.0,90.52,259.02,2091.17,482.65,90.52,90.0,8.0
guilty gear 2: overture,X360,3.5,3.64,29.73,"Action, Adventure",Arc System Works,Unknown,2008.0,7.07,9.05,40.2,8.83,7.07,56.0,6.0
guilty gear dust strikers,DS,2.85,3.04,11.9,Fighting,Arc System Works,Majesco Entertainment,2006.0,0.5,1.0,20.95,0.58,0.5,60.0,5.6
guilty gear isuka,PC,3.27,3.32,13.15,Fighting,Arc System Works,Various,2004.0,2.0,3.0,20.95,2.23,2.0,73.0,7.5
guilty gear judgment,PSP,3.72,3.29,18.78,"Action, Fighting",Arc System Works,Majesco,2006.0,2.47,13.42,6.5,3.62,2.47,77.0,6.8
guilty gear x,PC,3.8,3.15,14.89,Fighting,Arc System Works,Various,2001.0,2.23,9.63,40.0,6.12,2.23,79.0,7.8
guilty gear xrd -revelator-,ARC,4.05,3.5,48.1,Fighting,Arc System Works,Unknown,2016.0,6.65,21.37,52.25,16.7,6.65,86.0,8.1
guilty gear xrd -sign-,ARC,4.08,3.3,41.42,Fighting,Arc System Works Team Red,Sega,2014.0,5.8,12.07,13.68,8.42,5.8,84.0,7.9
guilty gear xx accent core,WII,3.87,3.85,25.31,Fighting,Arc System Works,Arc System Works,2007.0,1.38,30.0,20.95,10.92,1.38,76.0,8.35
guilty gear xx accent core plus,ARC,3.57,3.12,27.9,Fighting,Arc System Works,Unknown,2009.0,1.73,33.0,20.95,3.48,1.73,75.0,7.25
guinness world records: the videogame,DS,2.88,2.75,9.33,Unknown,TT Fusion,Warner Bros. Interactive Entertainment,2008.0,3.57,13.42,20.95,3.57,3.57,67.0,7.0
guitar hero 5,PS3,3.61,3.14,30.89,Rhythm Game,Neversoft (Xbox 360/PS3)[1] Vicarious Visions (Wii) Budcat Creations (PS2),Unknown,2009.0,8.17,24.87,67.0,15.75,8.17,86.66666666666667,6.5
guitar hero encore: rocks the 80s,PS2,3.73,3.0,22.96,Music,Harmonix Music Systems,Unknown,2007.0,4.68,9.32,8.1,6.08,4.68,69.0,6.4
guitar hero ii,X360,3.96,3.26,27.41,Music/Rhythm,Harmonix Music Systems,Unknown,2006.0,8.1,22.05,50.93,16.8,8.1,92.0,8.25
guitar hero iii: legends of rock,PS3,3.92,3.3,31.88,Rhythm,Unknown,Activision,2007.0,8.62,24.97,38.57,17.1,8.62,83.0,7.9
guitar hero on tour: modern hits,DS,3.64,3.13,18.36,"Music, Rhythm",Unknown,Activision,2009.0,4.45,13.42,20.95,4.45,4.45,70.0,6.8
guitar hero world tour,PC,3.66,3.09,30.57,Music/Rhythm,Unknown,Activision,2008.0,10.17,27.52,33.55,19.83,10.17,85.0,7.033333333333333
guitar hero: aerosmith,PS3,3.46,2.93,24.69,Music/Rhythm,Unknown,Activision,2008.0,5.7,20.47,54.67,10.77,5.7,71.0,6.3
guitar hero: metallica,PS3,3.99,3.34,29.01,Music/Rhythm,Unknown,Activision,2009.0,8.1,34.68,111.67,24.1,8.1,85.0,7.8999999999999995
guitar hero: on tour,DS,3.65,3.02,16.55,"Music, Rhythm",Vicarious Visions,Unknown,2008.0,3.0,8.67,20.95,4.0,3.0,71.0,8.0
guitar hero: van halen,PS2,3.35,3.48,34.8,Rhythm,Unknown,Activision,2009.0,4.25,17.88,100.0,13.15,4.25,55.333333333333336,5.6000000000000005
guitar hero: warriors of rock,PS3,3.86,3.39,31.2,Music/Rhythm,Unknown,Activision,2010.0,7.93,25.33,121.38,24.03,7.93,74.33333333333333,6.966666666666666
guitar rock tour,DS,3.64,2.46,11.11,Music/Rhythm,Gameloft,Gameloft,2008.0,4.52,7.0,20.95,5.75,4.52,60.0,7.333333333333333
gun,X360,3.58,2.99,18.13,"Action, Adventure, Shooter, Third-Person",Unknown,Activision,2005.0,6.77,8.77,13.47,9.25,6.77,76.8,8.02
gun metal,PC,3.3,3.17,10,"Flight Simulator, Shooting",Rage Software,Unknown,2002.0,2.63,3.0,5.3,3.03,2.63,63.0,7.0
gunbird 2,ARC,3.88,4.0,4.32,"Shooter, Top-Down",Psikyo,Unknown,2000.0,0.9,4.97,5.77,2.05,0.9,64.0,6.9
gunblade ny & l.a. machineguns arcade hits pack,WII,3.83,2.85,6.27,Compilation,Sega,Sega,2010.0,0.83,1.0,20.95,0.88,0.83,58.0,8.0
gundam versus,PS4,3.79,3.2,53.92,Fighting,Bandai Namco Games,Bandai Namco Games,2017.0,1.67,30.0,88.0,24.6,1.67,68.0,6.4
gunfighter: the legend of jesse james,PS,3.1,3.0,4.1,Shooter,Rebellion Developments,Ubisoft,2001.0,0.83,13.42,1.58,1.02,0.83,55.0,5.4
gunfire reborn,PC,3.77,3.86,33.75,"First-Person, Roguelike, Role-Playing, Shooter",Duoyi (Hong Kong) Interactive Entertainment,Duoyi (Hong Kong) Interactive Entertainment,2020.0,14.58,42.63,105.9,39.78,14.58,75.0,6.4
gungnir,PSP,3.67,3.48,40.3,"Role-Playing, Tactical",Sting,Atlus,2012.0,23.52,26.37,31.53,25.13,23.52,68.0,8.3
gungrave,PS2,3.47,2.97,8.05,"Shooter, Third-Person",Red Entertainment,Sega,2002.0,2.27,4.22,5.75,2.55,2.27,65.0,8.3
gungrave: overdose,PS2,3.56,3.16,13.16,"Shooter, Third-Person",Unknown,Unknown,2004.0,6.33,8.5,7.0,6.7,6.33,68.0,7.9
gungriffon blaze,PS2,3.27,3.41,22,Action,Game Arts Co.,Unknown,2000.0,3.07,13.42,20.95,3.07,3.07,73.0,7.333333333333333
gunman chronicles,PC,3.3,3.0,14.57,"Action, Adventure, First-Person, Shooter",Unknown,Sierra Studios,2000.0,6.33,11.42,16.9,8.2,6.33,65.0,7.1
gunman clive,IOS,3.15,3.5,16.07,"Action, Platform, Scrolling",Horberg Productions,Horberg Productions,2014.0,1.28,2.12,3.8,1.63,1.28,82.0,7.8
gunman clive 2,PC,3.83,3.69,5.25,Platform,Horberg Productions,Horberg Productions,2015.0,1.98,3.48,8.72,2.63,1.98,80.0,7.7
gunman clive hd collection,PS4,3.58,3.12,6.4,Action,H,H,2015.0,2.45,3.62,10.6,4.0,2.45,86.0,8.2
gunpoint,PC,3.8,2.88,6.14,"Action, Strategy, Tactical",Suspicious Developments,Suspicious Developments,2013.0,3.07,4.48,6.8,4.18,3.07,83.0,8.3
guns of icarus online,PC,3.34,3.26,30.1,"First-Person, Shooter",Muse Games,Muse Games,2010.0,8.2,13.42,20.95,11.25,8.2,64.0,7.8
"guns, gore & cannoli",PC,3.73,3.8,8.67,"Action, Scrolling",Unknown,Crazy Monkey Studios,2015.0,3.83,5.43,8.13,4.82,3.83,71.5,7.35
"guns, gore & cannoli 2",PS4,3.91,4.0,9.5,Action,Unknown,Crazy Monkey Studios,2018.0,3.75,4.45,5.4,4.33,3.75,80.0,7.7
gunstar super heroes,GBA,3.63,3.61,8.69,"Scrolling, Shooter, Side",Treasure,Sega,2005.0,1.97,2.87,7.5,2.2,1.97,83.0,8.0
gunvolt chronicles: luminous avenger ix,PS4,3.41,2.56,12.5,"Action, Platform, Scrolling, Side",Inti Creates,Limited Run Games,2019.0,3.3,4.97,12.6,4.15,3.3,81.0,8.0
gunvolt chronicles: luminous avenger ix 2,NS,3.38,2.82,17.6,Platform,Inti Creates,Inti Creates,2022.0,3.43,5.6,8.27,4.27,3.43,77.0,7.0
gurumin: a monstrous adventure,PC,3.76,2.58,23,"Action, Adventure",Nihon Falcom,Unknown,2007.0,9.53,13.12,19.2,11.98,9.53,78.0,7.7
guwange,ARC,3.69,3.76,3.62,Shooter,Cave,Atlus,2010.0,0.75,1.17,20.95,0.8,0.75,76.0,8.0
gyromancer,PC,3.63,2.72,21.33,"Puzzle, Role-Playing",Square Enix,Unknown,2009.0,18.43,25.77,37.32,25.5,18.43,73.0,6.6
gyruss,5200,2.81,3.17,5.9,Shooter,Konami,Konami,1983.0,1.7,13.42,20.95,1.7,1.7,56.0,7.333333333333333
hack 'n' slash,PC,3.35,3.73,8.8,Hack And Slash,Double Fine,Double Fine,2014.0,4.5,5.55,6.12,4.97,4.5,73.0,5.3
hacknet,PC,3.7,3.02,11.7,"Real-Time, Simulation, Text",Team Fractal Alligator,Surprise Attack,2015.0,7.4,9.07,11.68,9.4,7.4,82.0,7.8
hades,XBSX,3.88,4.09,40.26,"Action, Hack And Slash, Isometric, Roguelike, Role-Playing",Supergiant Games,Supergiant Games,2020.0,24.33,51.98,98.08,49.97,24.33,93.0,8.75
hakuoki: edo blossoms,PC,3.86,2.11,31.43,"Text, Visual Novel",Otomate,Idea Factory,2018.0,5.38,17.27,51.08,30.22,5.38,75.0,6.8
hakuoki: kyoto winds,VITA,3.82,2.29,41.11,Visual Novel,Idea Factory,Idea Factory,2017.0,8.57,30.62,41.45,31.3,8.57,83.0,8.1
hakuoki: memories of the shinsengumi,3DS,4.09,2.32,26.79,Visual Novel,Idea Factory,Aksys Games,2013.0,9.15,20.35,30.82,20.83,9.15,75.0,7.8
halcyon 6: starbase commander,PC,3.81,3.11,22.91,"Role-Playing, Strategy",Massive Damage,Massive Damage,2016.0,14.07,23.32,35.0,19.23,14.07,71.0,7.5
half-life,PS2,3.89,3.29,26.36,"First-Person, Real-Time, Shooter",Valve Corporation,Sierra Entertainment,1998.0,12.17,14.15,15.68,12.98,12.17,91.5,8.85
half-life 2,AND,4.13,2.85,14.8,"First-Person, Shooter",Valve Corporation,Valve Corporation,2004.0,13.05,16.13,20.57,15.02,13.05,93.0,8.85
half-life 2: episode one,MAC,3.68,3.19,6.67,"First-Person, Shooter",Valve Corporation,Valve Corporation,2006.0,3.72,4.33,5.52,4.13,3.72,87.0,8.7
half-life 2: episode two,LNX,4.07,3.29,15.2,"First-Person, Shooter",Valve Corporation,Valve Corporation,2007.0,5.18,6.12,9.22,5.98,5.18,90.0,9.2
half-life: alyx,PC,4.37,3.1,18.35,"First-Person, Shooter, Virtual Reality",Valve,Valve,2020.0,12.4,14.57,19.48,13.88,12.4,93.0,9.2
half-life: blue shift,PC,3.55,2.89,8.42,"First-Person, Real-Time, Shooter",Gearbox Software,Sierra Entertainment,2001.0,3.1,3.48,3.85,3.28,3.1,71.0,8.1
half-minute hero,PSP,4.0,3.01,19.88,"Action, Real-Time, Role-Playing",Marvelous Entertainment,Unknown,2009.0,8.72,12.87,27.38,12.0,8.72,84.0,8.0
half-minute hero: super mega neo climax,X360,4.0,3.17,13.33,"Action, Role-Playing",Marvelous Entertainment,XSEED Games,2011.0,5.02,13.57,16.67,9.92,5.02,76.0,8.0
halfway,PC,3.39,3.22,18.29,"Strategy, Top-Down, Turn-Based",Robotality,Chucklefish,2014.0,19.17,18.35,20.15,19.0,19.17,69.0,6.2
halo 2,PC,3.71,3.19,22.71,"First-Person, Shooter",Unknown,Microsoft Game Studios,2004.0,9.4,11.78,22.55,10.77,9.4,83.5,7.449999999999999
halo 3,X360,4.16,3.14,29.29,"Action, First-Person, Shooter",Bungie,Microsoft,2007.0,7.68,11.27,25.4,9.3,7.68,94.0,8.2
halo 3: odst,X360,3.82,3.12,19.61,"First-Person, Shooter",Microsoft Game Studios,Bungie,2009.0,6.02,8.88,27.53,7.38,6.02,83.0,7.6
halo 4,X360,3.98,3.17,22.76,"Action, First-Person, Shooter",343 Industries,Microsoft Studios,2012.0,7.28,11.03,28.82,8.53,7.28,87.0,7.1
halo 5: guardians,XONE,3.55,2.96,27.81,"First-Person, Shooter",343 Industries,Microsoft Studios,2015.0,8.12,15.08,27.02,10.07,8.12,84.0,6.4
halo infinite,PC,3.69,3.41,31.13,"First-Person, Open World, Shooter",343 Industries,Xbox Game Studios,2021.0,11.65,20.35,32.18,19.0,11.65,83.5,7.25
halo wars,X360,3.78,3.23,28.07,"Isometric, Real-Time, Strategy/Tactical",Unknown,Microsoft Game Studios,2009.0,9.07,12.82,45.92,12.2,9.07,82.0,7.5
halo wars 2,PC,3.65,3.05,30.29,"Real-Time, Strategy",Unknown,Microsoft Studios,2017.0,8.2,15.85,69.68,10.9,8.2,74.5,6.300000000000001
halo: combat evolved,MAC,3.93,3.1,39,"First-Person, Shooter",Unknown,Microsoft Game Studios,2001.0,9.92,11.68,17.25,10.83,9.92,90.0,8.2
halo: reach,X360,4.18,3.18,28.57,"Action, First-Person, Shooter",Bungie,Microsoft Game Studios,2010.0,7.7,12.98,50.9,9.97,7.7,91.0,8.4
halo: spartan assault,XONE,2.87,2.91,11.28,"Shooter, Top-Down",Unknown,Microsoft Studios,2013.0,4.27,5.93,18.1,5.55,4.27,61.5,5.449999999999999
halo: spartan strike,IOS,2.9,3.75,10.4,"Multidirectional, Shooter",Unknown,Microsoft Studios,2015.0,4.8,7.88,12.57,6.77,4.8,66.0,6.400000000000001
halo: the master chief collection,XONE,3.99,3.36,68.03,"Compilation, First-Person, Shooter",343 Industries,Microsoft Studios,2014.0,43.57,76.88,372.27,68.12,43.57,85.0,7.900000000000001
hammerin' hero,PSP,3.43,3.15,7.79,Platformer,Irem Software Engineering,Unknown,2009.0,5.63,13.42,20.95,5.63,5.63,73.0,7.3
hamtaro: ham-ham games,GBA,3.58,2.33,9.5,Sports,AlphaDream,Nintendo,2004.0,2.48,7.42,13.77,9.3,2.48,77.0,8.3
hand of fate,PC,3.62,3.41,23.64,"Card Game, Role-Playing",Defiant Development,Defiant Development,2014.0,11.1,21.43,63.25,18.78,11.1,79.0,7.800000000000001
hand of fate 2,PC,3.82,3.73,37.87,Card Game,Defiant Development,Defiant Development,2017.0,22.3,44.25,111.5,46.35,22.3,81.25,8.0
happy feet,PC,0.93,1.19,3.04,"Action, Adventure",A2M,Midway Home Entertainment,2006.0,2.23,2.05,4.57,2.63,2.23,46.0,6.900000000000001
happy wars,XONE,3.39,2.66,45.56,Action,Toylogic,Unknown,2012.0,8.2,13.42,20.95,11.25,8.2,61.0,6.900000000000001
hard corps: uprising,X360,3.93,4.2,14.34,Run And Gun,Arc System Works,Konami,2011.0,5.97,12.87,22.0,8.27,5.97,75.5,7.45
hard reset,PC,3.35,3.47,10.32,First-Person Shooter,The Flying Wild Hog,Unknown,2011.0,5.65,8.58,26.83,7.22,5.65,73.0,7.3
hard reset redux,PC,3.26,3.12,8.12,"First-Person, Shooter",Flying Wild Hog,Gambitious Digital Entertainment,2016.0,6.55,8.75,14.8,7.8,6.55,70.0,6.550000000000001
hard truck: apocalypse,PC,3.78,3.45,23.67,"Action, Car Combat",Targem Games,Buka Entertainment,2006.0,11.87,18.0,30.8,17.53,11.87,45.0,8.4
hard west,PC,3.37,3.6,22.29,"Adventure, Role-Playing",CreativeForge Games,Gambitious Digital Entertainment,2015.0,12.15,22.77,32.55,20.2,12.15,73.0,7.3
hardspace: shipbreaker,PC,3.95,3.09,27.6,Simulation,Blackbird Interactive,Focus Home Interactive,2022.0,27.62,35.22,39.53,34.02,27.62,80.5,7.8
hardware: rivals,PS4,2.92,3.09,9.22,Car Combat,SCE Connected Content Group,Sony Computer Entertainment Europe,2016.0,8.2,9.5,60.0,26.33,8.2,56.0,5.1
harmoknight,3DS,3.71,3.17,13.77,"Music/Rhythm, Platform",Game Freak,Nintendo,2013.0,4.37,6.38,17.52,6.78,4.37,73.0,7.5
harry potter and the chamber of secrets,GC,3.16,2.82,15.58,"Action, Adventure",Various,Unknown,2002.0,7.13,9.98,12.78,9.23,7.13,75.6,7.859999999999999
harry potter and the goblet of fire,PC,2.59,2.49,14.17,"Action, Adventure",EA UK,Electronic Arts,2005.0,6.57,10.27,19.03,9.08,6.57,68.57142857142857,5.485714285714286
harry potter and the half-blood prince,PSP,2.94,1.95,13.88,Third-Person Action-Adventure,EA Bright Light Studio,Electronic Arts,2009.0,5.02,8.22,13.82,7.35,5.02,60.4,4.96
harry potter and the order of the phoenix,GBA,2.92,2.84,24.62,"Action, Adventure",EA Bright Light,Electronic Arts,2007.0,8.75,13.02,16.82,12.1,8.75,61.57142857142857,5.557142857142857
harry potter and the prisoner of azkaban,XBOX,3.28,2.78,18.67,"Action, Adventure",Unknown,Electronic Arts,2004.0,7.82,13.8,24.2,12.95,7.82,68.0,7.98
harry potter: quidditch world cup,GBA,2.96,2.59,11.38,Sports,Unknown,Unknown,2003.0,9.48,16.17,25.4,14.62,9.48,68.5,7.3
harvest moon 3d: a new beginning,3DS,4.24,2.86,75.54,Simulation,Marvelous,Natsume,2012.0,71.4,114.92,163.4,100.73,71.4,74.0,7.7
harvest moon 3d: the lost valley,3DS,3.16,2.71,47.9,"Role-Playing, Simulation",Natsume,Natsume,2014.0,21.57,20.0,55.25,32.53,21.57,46.0,4.1
harvest moon 64,N64,4.25,2.8,62.91,Simulation,Unknown,Natsume,1999.0,39.47,58.98,112.5,63.02,39.47,78.0,8.7
harvest moon ds,DS,3.75,2.91,60.35,Simulation,Marvelous Interactive,Unknown,2006.0,38.25,56.48,75.0,50.43,38.25,67.0,7.4
harvest moon ds: grand bazaar,DS,3.81,2.74,46.86,"Role-Playing, Simulation",Marvelous Interactive,Natsume,2010.0,38.7,106.85,95.15,84.03,38.7,68.0,7.8
harvest moon ds: island of happiness,DS,3.72,2.93,53.09,Simulation,Marvelous Interactive,Unknown,2008.0,8.2,67.67,20.95,67.67,8.2,65.0,6.9
harvest moon ds: sunshine islands,DS,3.78,2.86,53.79,Farm Simulation,Marvelous Interactive,Unknown,2009.0,31.33,66.5,57.28,47.37,31.33,77.0,7.7
harvest moon: a wonderful life,GC,3.71,2.66,53.82,Simulation,Unknown,Unknown,2004.0,32.42,54.05,59.62,44.38,32.42,79.0,8.5
harvest moon: animal parade,WII,4.22,2.83,67.06,Simulation,Marvelous Interactive,Unknown,2009.0,37.05,61.78,149.18,58.8,37.05,76.0,8.7
harvest moon: another wonderful life,GC,3.94,2.69,61.34,Simulation,Marvelous Interactive,Natsume,2005.0,20.0,48.0,60.0,42.67,20.0,70.0,8.6
harvest moon: friends of mineral town,GBA,4.2,2.84,67.83,Simulation,Marvelous Interactive,Unknown,2003.0,29.27,50.53,95.92,44.65,29.27,81.0,8.8
harvest moon: magical melody,WII,3.69,2.89,57.02,Unknown,Marvelous Interactive,Unknown,2006.0,27.77,39.28,20.95,31.97,27.77,76.0,8.6
harvest moon: more friends of mineral town,GBA,4.22,2.76,63.88,Simulation,Marvelous Interactive,Unknown,2003.0,35.08,77.02,396.75,150.4,35.08,82.0,8.5
harvest moon: one world,PS4,2.28,1.56,17.6,"Adventure, Role-Playing, Simulation",APPCI,Natsume,2021.0,25.55,33.02,60.0,31.98,25.55,54.0,4.5
harvest moon: skytree village,3DS,3.66,2.88,56.31,Simulation,Natsume Company,Natsume,2016.0,26.0,80.0,20.95,35.0,26.0,59.0,5.9
harvest moon: tree of tranquility,WII,4.17,2.86,63.52,Construction And Management Simulation,Marvelous Interactive,Unknown,2008.0,44.42,71.5,89.43,58.35,44.42,65.0,8.2
harvestella,PC,3.42,3.0,70,Role-Playing,Square Enix,Square Enix,2022.0,47.62,70.15,101.42,69.48,47.62,73.0,3.9
harvester,PC,3.71,3.7,14.33,"Adventure, Point-And-Click",DigiFX Interactive,Merit Studios,1996.0,7.22,9.53,8.0,7.85,7.22,53.0,7.6
harvey birdman: attorney at law,PS2,3.03,2.5,5.53,Visual Novel,High Voltage Software,Capcom of America,2008.0,3.88,3.0,4.33,3.97,3.88,61.666666666666664,7.25
has-been heroes,NS,3.3,4.13,53.18,"Roguelike, Strategy",Frozenbyte,GameTrust Games,2017.0,19.0,63.75,327.0,79.87,19.0,57.0,6.85
hasbro family game night,PS2,2.95,1.93,21,"Board Game, Party",Unknown,EA Games,2008.0,0.4,13.42,22.0,7.6,0.4,63.0,6.4
hatoful boyfriend,PS4,2.95,1.43,8.38,"Simulation, Visual Novel",Unknown,Unknown,2014.0,1.67,4.92,10.0,6.72,1.67,70.0,6.75
hatoful boyfriend: holiday star,VITA,2.26,1.75,9.67,Visual Novel,Unknown,Unknown,2015.0,3.32,5.33,6.12,5.6,3.32,54.0,7.599999999999999
hatred,PC,2.54,3.09,12.14,Action,Destructive Creations,Destructive Creations,2015.0,3.93,5.4,19.0,5.3,3.93,43.0,4.8
hatsune miku: project mirai dx,3DS,4.32,3.1,55.36,Music/Rhythm,Sega,Sega,2015.0,6.42,34.25,55.68,19.78,6.42,80.0,8.2
haunting ground,PS2,3.68,3.33,18.56,Unknown,Capcom,Capcom,2005.0,9.0,9.4,11.45,9.23,9.0,67.0,8.9
haven park,NS,3.5,1.6,6.4,Adventure,Fabien Weibel,Unknown,2021.0,3.27,4.08,5.07,4.4,3.27,68.0,7.7
haven: call of the king,PS2,2.92,3.39,24.22,"Adventure, Platformer",Traveller's Tales,Midway,2002.0,9.3,13.42,20.95,9.3,9.3,69.0,7.4
hawken,PS4,3.06,4.04,23.25,"First-Person, Shooter",Adhesive Games,Meteor Entertainment,2014.0,8.2,13.42,20.95,11.25,8.2,73.0,7.7
haze,PS3,2.95,2.69,10.93,"First-Person, Shooter",Free Radical Design,Ubisoft,2008.0,6.52,7.22,17.42,7.15,6.52,55.0,6.2
headhunter,PS2,3.27,3.03,14.47,"Action, Adventure",Amuze,Sega,2002.0,9.68,9.68,12.0,9.78,9.68,74.0,7.9
headlander,PS4,3.74,3.21,12,"Action, Platform",Double Fine Productions,Adult Swim Games,2016.0,5.78,7.58,8.83,7.83,5.78,75.5,7.349999999999999
hearts of iron,PC,4.02,4.16,80.00+,Strategy,Paradox Development Studio,Strategy First,2002.0,36.15,13.42,20.95,36.15,36.15,72.0,7.8
hearts of iron ii,PC,4.03,3.89,75,Strategy,Paradox Interactive,Paradox Interactive,2005.0,20.18,13.42,20.95,20.18,20.18,83.0,8.3
hearts of iron iii,PC,3.58,4.09,62.87,Real-Time Grand Strategy,Paradox Interactive,Paradox Interactive,2009.0,14.5,72.8,240.9,78.05,14.5,77.0,7.1
hearts of iron iv,PC,3.69,3.67,74.03,Strategy,Paradox Development Studios,Paradox Interactive,2016.0,53.23,402.33,1329.1,422.12,53.23,83.0,7.6
heat signature,PC,3.96,3.63,18.67,"Action, Adventure",Suspicious Developments,Suspicious Developments,2017.0,14.75,24.15,37.22,25.62,14.75,79.0,7.1
heatseeker,C64,3.43,3.43,1.08,Flight Combat,Unknown,Codemasters,2007.0,10.12,13.42,20.95,10.12,10.12,57.0,7.3999999999999995
heave ho,PC,3.4,3.17,8.6,Adventure,Le Cartel Studio,Devolver Digital,2019.0,3.8,7.43,10.02,5.4,3.8,80.0,7.8
heaven's hope,PC,3.5,3.13,8,"Adventure, Point-And-Click",Mosaic Mask Studios,EuroVideo Medien,2016.0,5.58,13.28,7.38,8.88,5.58,74.0,6.8
heaven's vault,PC,4.0,2.13,28.67,"Adventure, Puzzle",inkle,inkle,2019.0,15.78,20.83,38.6,21.08,15.78,74.66666666666667,5.65
heavenly sword,PS3,3.65,3.14,14.34,"Action, Adventure, Beat Em Up, Hack And Slash, Third-Person",Ninja Theory,Sony Computer Entertainment Europe,2007.0,6.85,7.65,13.22,7.23,6.85,79.0,8.0
heavy bullets,PC,3.18,3.8,7.4,"First-Person, Roguelike, Shooter",Terri Vellmann,Devolver Digital,2014.0,7.88,16.0,15.6,10.28,7.88,72.0,8.0
heavy metal: geomatrix,ARC,3.06,4.0,1.33,Fighting,Capcom,Unknown,2001.0,0.73,12.0,23.0,5.52,0.73,58.0,6.7
heavy rain,PC,3.26,2.18,12.28,"Adventure, Interactive Art",Quantic Dream,Sony Computer Entertainment,2010.0,9.95,12.1,22.15,11.72,9.95,80.0,7.800000000000001
heavy rain & beyond: two souls collection,PS4,3.99,2.63,32.83,"Adventure, Compilation",Quantic Dream,SCEE,2016.0,20.75,19.0,52.0,23.35,20.75,78.0,8.5
hector: badge of carnage - episode 3: beyond reasonable doom,PC,3.81,3.0,8.08,Adventure,Unknown,Telltale Games,2011.0,3.35,3.95,3.28,3.37,3.35,70.0,6.5
helix,WII,3.88,3.63,8.67,Music,Ghostfire Games,Unknown,2008.0,8.2,21.0,20.95,21.0,8.2,60.0,8.3
hell let loose,PS5,2.26,4.09,23.78,"First-Person, Shooter, Strategy/Tactical",Black Matter,Team17 Digital,2021.0,8.2,13.42,20.95,11.25,8.2,73.5,7.0
hell yeah! wrath of the dead rabbit,PC,3.26,2.94,9.17,"Action, Adventure",Arkedo Studio,Sega,2012.0,7.52,8.8,9.82,8.82,7.52,67.33333333333333,7.800000000000001
hellblade: senua's sacrifice,PC,3.85,2.89,9.72,"Hack And Slash, Third-Person",Ninja Theory,Ninja Theory,2017.0,7.55,8.38,9.43,8.32,7.55,83.0,7.8
hellboy: the science of evil,X360,2.64,2.57,10.18,Action,Unknown,Konami,2008.0,7.28,7.5,8.73,7.65,7.28,44.333333333333336,5.566666666666666
helldivers,PC,3.39,3.71,45.1,"Multidirectional, Shooter",Arrowhead Game Studios,Sony Computer Entertainment America,2015.0,11.43,31.6,94.35,35.68,11.43,82.0,7.5
hellgate: london,PC,3.13,3.09,46.24,"Action, Role-Playing",Flagship Studios,Unknown,2007.0,32.13,33.1,47.5,33.98,32.13,70.0,6.4
hello kitty: roller rescue,PS2,3.48,1.7,15.33,Adventure,XPEC Entertainment,Unknown,2005.0,2.15,13.42,5.0,2.62,2.15,64.0,7.2
hello neighbor,PS4,1.91,4.26,9.07,"First-Person, Horror, Stealth",Dynamic Pixels,tinyBuild,2017.0,8.52,15.32,17.87,12.13,8.52,39.666666666666664,4.7
hellpoint,PC,3.05,3.74,22.89,"Action, Role-Playing, Third-Person",Cradle Games,tinyBuild,2020.0,17.52,25.87,37.87,25.23,17.52,60.75,6.333333333333333
help wanted: 50 wacky jobs,WII,3.63,3.07,17.39,Simulation,Hudson Soft,Hudson Entertainment,2009.0,10.58,19.0,20.95,12.68,10.58,65.0,7.2
henry hatsworth in the puzzling adventure,DS,3.94,3.93,21.22,"Action Adventure, Platform, Puzzle Game",EA Tiburon,EA Games,2009.0,16.87,21.18,24.47,18.78,16.87,82.0,8.1
her majesty's spiffing,PC,3.93,1.95,7.55,"Adventure, Point-And-Click, Puzzle, Real-Time, Third-Person",BillyGoat Entertainment,Unknown,2016.0,2.05,2.77,2.33,2.28,2.05,66.0,6.3
hercules: the legendary journeys,N64,2.83,3.76,38.73,"Action, Adventure",Unknown,Titus Interactive,2000.0,6.45,14.0,20.0,10.67,6.45,55.0,7.1
herdy gerdy,PS2,3.05,3.42,25,"Puzzle, Strategy",Core Design,Eidos Interactive,2002.0,12.72,18.3,35.28,17.08,12.72,69.0,5.1
here they lie,PS4,3.11,2.21,5.6,Virtual Reality,Unknown,Sony Computer Entertainment,2016.0,2.83,2.75,4.77,3.27,2.83,62.0,6.8
hero of sparta,PSP,3.28,2.29,7.45,"Action, Adventure",Gameloft,Gameloft,2009.0,5.0,4.75,3.0,4.72,5.0,58.0,6.599999999999999
hero's hour,PC,3.96,3.58,12.75,"Role-Playing, Strategy/Tactical, Turn-Based","Benjamin ""ThingOnItsOwn"" Hauer",Unknown,2022.0,3.3,9.97,65.0,8.67,3.3,77.0,6.1
hero's saga laevatein tactics,DS,3.39,2.87,39.27,Tactical Rpg,GungHo Works,Unknown,2009.0,18.57,13.42,20.95,18.57,18.57,62.0,7.333333333333333
heroes chronicles: conquest of the underworld,PC,3.9,3.0,26,"Strategy, Turn-Based",New World Computing,The 3DO Company,2000.0,10.38,16.87,18.12,14.27,10.38,64.0,7.3
heroes of annihilated empires,PC,3.11,3.27,22.31,"Action, Real-Time, Role-Playing, Strategy",GSC Game World,GSC World Publishing,2006.0,15.4,23.83,33.15,21.55,15.4,65.0,7.8
heroes of mana,DS,3.04,3.31,25.47,Real-Time Tactical Rpg,Unknown,Square Enix,2007.0,17.38,13.42,20.95,17.38,17.38,66.0,7.8
heroes of might and magic iv: the gathering storm,PC,3.61,3.14,57.4,"Role-Playing, Strategy",New World Computing,3DO,2002.0,32.17,54.68,45.5,42.63,32.17,64.0,7.8
heroes of might and magic v,PC,3.73,3.25,55.56,"Role-Playing, Strategy, Turn-Based",Unknown,Ubisoft,2006.0,53.65,73.55,95.35,67.12,53.65,77.0,8.0
heroes of might and magic v: tribes of the east,PC,3.86,3.23,50.27,"Strategy/Tactical, Turn-Based",Nival Interactive,Ubisoft Entertainment,2007.0,20.15,33.1,73.57,35.43,20.15,70.0,8.6
heroes of might and magic: quest for the dragon bone staff,PS2,2.79,3.47,23.78,"Strategy/Tactical, Turn-Based",New World Computing,The 3DO Company,2001.0,10.23,13.42,20.95,11.82,10.23,64.0,6.2
heroes of newerth,PC,3.4,3.63,76.12,"Battle Arena, Massively Multiplayer",S2 Games,S2 Games,2010.0,8.2,13.42,20.95,11.25,8.2,76.0,7.3
heroes of ruin,3DS,3.43,2.59,23.25,"Action, Role-Playing",n-Space,Square Enix,2012.0,10.18,14.7,15.47,13.67,10.18,69.0,7.3
heroes of the pacific,PS2,3.42,3.38,18.94,"Flight Combat, Simulation",Transmission Games,Unknown,2005.0,11.47,8.6,9.38,10.35,11.47,76.0,8.0
heroes of the storm,PC,3.72,2.93,72.22,Battle Arena,Blizzard Entertainment,Blizzard Entertainment,2015.0,52.67,358.33,66.67,112.05,52.67,86.0,6.3
heroki,NS,3.84,2.5,4.37,"Action, Adventure, Platform, Scrolling, Side",Picomy,Picomy,2018.0,3.75,6.13,8.3,6.72,3.75,68.0,7.1
heroland,NS,4.0,3.0,41.82,Unknown,FURYU Corporation,Unknown,2019.0,8.2,36.77,66.0,46.5,8.2,69.0,7.333333333333333
hexic hd,X360,3.33,3.19,15.53,Puzzle,Carbonated Games,Microsoft Game Studios,2005.0,4.53,10.83,40.13,11.58,4.53,79.0,7.0
hexyz force,PSP,3.93,2.86,43.3,Role-Playing,Sting Entertainment,Atlus,2010.0,21.58,37.85,48.0,29.52,21.58,68.0,7.6
"hey you, pikachu!",N64,2.9,2.32,28.73,Simulation,Ambrella,Nintendo,2000.0,7.3,9.48,20.93,9.02,7.3,57.0,6.4
hey! pikmin,3DS,3.51,2.7,16.83,"Platform, Puzzle, Third-Person",Unknown,Nintendo,2017.0,9.48,12.27,18.77,12.88,9.48,69.0,6.7
hi hi puffy amiyumi: the genie & the amp,DS,2.92,2.67,12.5,Beat Em Up,Sensory Sweep,D3Publisher,2006.0,8.2,3.68,20.95,3.68,8.2,52.0,7.2
hi-fi rush,XBSX,3.98,3.32,16.15,"Action, Music/Rhythm, Third-Person",Tango Gameworks,Unknown,2023.0,11.42,14.58,61.37,13.13,11.42,88.5,8.85
hidden & dangerous,PS,1.71,3.61,14.56,Action,Unknown,Unknown,1997.0,16.92,13.42,12.93,14.93,16.92,73.0,8.05
hidden & dangerous 2,PC,4.0,3.21,28.55,"Shooter, Third-Person",Illusion Softworks,Unknown,2003.0,17.12,22.17,17.58,19.72,17.12,75.0,8.5
hidden agenda,PS4,3.21,1.66,4.38,"Adventure, Party",Supermassive Games,Sony Interactive Entertainment,2017.0,2.22,4.55,13.15,3.35,2.22,66.0,6.5
high heat major league baseball 2002,GBA,2.25,3.22,56.29,Sports,3DO,3DO,2001.0,3.77,13.42,20.95,3.77,3.77,71.33333333333333,7.449999999999999
high hell,PC,3.25,3.1,2.57,"Action, First-Person, Shooter",Unknown,Devolver Digital,2017.0,1.48,2.23,4.47,2.28,1.48,79.0,7.2
high school musical: sing it!,WII,3.0,1.46,11.8,Music/Rhythm,Artificial Mind and Movement,Disney Interactive Studios,2007.0,0.72,13.42,6.5,3.6,0.72,56.0,7.333333333333333
hitman 2: silent assassin,PS2,3.77,3.65,23,Stealth,IO Interactive,Eidos Interactive,2002.0,13.55,15.22,19.55,14.73,13.55,84.75,7.675
hitman 3,XBSX,3.97,3.0,36.75,"Action, Adventure, Sandbox, Stealth, Third-Person",IO Interactive,IO Interactive,2021.0,8.33,24.92,76.05,19.17,8.33,85.75,8.0
hitman hd trilogy,PS3,3.98,3.78,44.96,"Action, Adventure, Tactical",IO Interactive,Square Enix,2013.0,24.87,25.0,25.03,24.97,24.87,70.0,7.5
hitman: absolution,PC,3.5,3.08,23.65,"Action, Sandbox, Shooter, Stealth, Third-Person",Unknown,Square Enix,2012.0,12.67,20.75,39.5,17.87,12.67,80.33333333333333,7.366666666666666
hitman: blood money,X360,4.05,3.37,25.52,"Shooter, Strategy/Tactical, Third-Person",IO Interactive,Eidos,2006.0,11.7,16.38,21.43,14.32,11.7,82.0,8.65
hitman: codename 47,PC,3.5,3.86,20.47,"Action, Stealth, Third-Person",IO Interactive,Eidos Interactive,2000.0,11.12,14.35,15.8,12.63,11.12,73.0,7.5
hitman: contracts,PC,3.76,3.29,18.06,"Stealth, Third-Person Shooter",IO Interactive,Eidos Interactive,2004.0,9.48,12.05,17.37,11.03,9.48,77.33333333333333,8.2
hitman: sniper challenge,X360,3.16,2.93,3.5,"First-Person, Shooter, Stealth",Unknown,Square Enix,2012.0,0.8,1.73,3.37,1.65,0.8,80.0,7.7
hoa,PC,2.93,2.33,2,"Action, Adventure, Platform, Puzzle, Scrolling, Third-Person",Skrollcat Studio,Unknown,2021.0,2.37,2.78,2.75,2.6,2.37,69.5,7.95
hoard,PC,3.03,2.95,9.5,"Action, Strategy",Big Sandwich Games,Big Sandwich Games,2010.0,7.45,15.85,37.9,14.8,7.45,70.0,6.3
hogs of war,PC,3.8,3.5,27,Strategy/Tactical,Unknown,Infogrames,2000.0,14.28,13.43,11.47,13.65,14.28,62.0,8.5
hohokum,PS4,3.0,2.47,6.68,"Adventure, Interactive Art",Unknown,Sony Computer Entertainment,2014.0,3.83,5.33,7.17,4.7,3.83,75.0,6.5
home run king,GC,3.37,3.0,21,Sports,Wow Entertainment,Sega,2002.0,1.02,13.42,20.95,1.02,1.02,66.0,7.5
homefront,PC,2.88,2.87,8.67,"Action, First-Person, Shooter",Unknown,THQ,2011.0,4.32,5.87,10.38,4.78,4.32,70.0,5.833333333333333
homefront: the revolution,PC,2.83,2.96,14.6,"First-Person, Shooter",Deep Silver Dambuster,Deep Silver,2016.0,12.23,20.12,35.78,18.3,12.23,50.333333333333336,4.9
homesick,PC,2.55,2.11,2.43,"Adventure, First-Person",Lucky Pause,Lucky Pause,2015.0,2.43,2.58,3.33,2.77,2.43,72.0,7.4
homeworld,PC,4.26,3.76,36.83,"Real-Time, Strategy/Tactical",Relic Entertainment,Sierra Entertainment,1999.0,15.88,22.68,30.32,21.15,15.88,93.0,8.8
homeworld 2,PC,4.05,3.5,35.53,"Real-Time, Strategy/Tactical",Relic Entertainment,Sierra Entertainment,2003.0,11.92,11.0,19.78,12.68,11.92,83.0,8.4
homeworld: cataclysm,PC,4.35,3.74,32.56,Strategy,Barking Dog Studios,Sierra Entertainment,2000.0,13.73,14.03,15.52,14.22,13.73,89.0,8.8
homeworld: deserts of kharak,PC,3.88,3.07,15.66,"Real-Time, Strategy, Top-Down",Blackbird Interactive,Gearbox Software,2016.0,10.63,11.75,14.92,11.28,10.63,79.0,8.0
horizon chase turbo,PC,3.6,3.0,23.42,"Arcade, Driving, Racing",Aquiris Game Studio,Aquiris Game Studio,2018.0,10.45,15.72,33.47,17.45,10.45,78.5,7.825
horizon forbidden west,PS4,3.99,3.23,68.6,"Action, Adventure, Open World, Role-Playing, Third-Person",Guerrilla,PlayStation Studios,2022.0,28.65,64.52,91.83,67.18,28.65,85.5,7.6
horizon zero dawn,PS4,4.25,3.05,57.38,"Action, Adventure, Open World, Role-Playing, Third-Person",Guerrilla Games,Sony Interactive Entertainment,2017.0,23.0,45.52,62.13,48.02,23.0,89.0,8.4
horse life,DS,3.17,2.43,20.67,Simulation,Neko Entertainment,D3Publisher,2007.0,4.0,13.42,20.95,4.0,4.0,68.0,7.333333333333333
hoshigami: ruining blue earth,PS,3.35,3.7,57.42,Tactical Rpg,MaxFive,Atlus,2001.0,31.65,71.75,20.95,51.7,31.65,62.0,7.0
hostile waters: antaeus rising,PC,4.13,3.79,11.22,Strategy,Rage Games Limited,Rage Games Limited,2001.0,17.18,13.3,1.58,13.28,17.18,80.0,7.8
hot pixel,PSP,3.35,2.6,11.25,Puzzle,zSlide,Atari,2007.0,0.63,2.4,20.95,1.38,0.63,55.0,6.5
hot potato!,GBA,3.08,3.21,15.68,Unknown,Pukka Games,Bam Entertainment,2001.0,8.58,13.42,20.95,8.58,8.58,74.0,7.8
hot shots golf 3,PS2,3.94,3.08,42.77,Sports,Clap Hanz,Sony Computer Entertainment,2002.0,32.75,50.0,31.0,34.7,32.75,85.0,8.1
hot shots golf fore!,PS2,4.17,3.33,49.38,Sports,Unknown,Sony Computer Entertainment,2004.0,40.0,33.0,60.0,48.25,40.0,80.0,8.4
hot shots golf: open tee,PSP,3.99,2.99,27.13,Sports,Clap Hanz,Sony Computer Entertainment,2005.0,22.58,13.42,24.17,23.37,22.58,81.0,8.3
hot shots golf: open tee 2,PSP,4.2,3.13,42.89,Sports,Clap Hanz,Unknown,2008.0,7.0,30.0,20.95,18.5,7.0,82.0,8.1
hot shots golf: out of bounds,PS3,4.12,3.18,51.64,Sports,Unknown,Sony Computer Entertainment,2008.0,15.0,13.42,55.0,41.67,15.0,81.0,7.3
hot shots golf: world invitational,VITA,4.04,3.55,46.55,Sports,Clap Hanz,Sony Computer Entertainment,2012.0,14.2,18.75,20.95,15.33,14.2,76.0,8.1
hot shots tennis,PS4,3.73,3.2,11.67,Sports,Clap Hanz,Unknown,2007.0,6.93,6.45,28.18,9.38,6.93,70.0,8.1
hot shots tennis: get a grip,PSP,4.24,3.3,36.55,Sports,Clap Hanz,Unknown,2010.0,15.95,15.68,20.95,15.82,15.95,80.0,8.2
hot wheels: beat that!,WII,3.16,2.88,26,"Driving, Racing",Unknown,Activision,2007.0,12.53,22.5,20.0,16.45,12.53,43.0,6.6
hotel dusk: room 215,DS,4.04,2.98,18.22,"Puzzle, Visual Novel",Cing,Nintendo,2007.0,15.3,15.77,16.25,15.55,15.3,78.0,8.5
hotel giant 2,PC,3.6,2.75,14.86,Simulation,Enlight Software,JoWood Productions,2002.0,3.23,13.42,20.95,3.23,3.23,58.0,2.6
hotline miami,MAC,3.91,4.0,10.89,"Action, Shooter, Top-Down",Dennaton Games,Devolver Digital,2012.0,5.47,7.65,15.83,7.48,5.47,85.66666666666667,8.4
hotline miami 2: wrong number,VITA,3.8,4.22,20.84,"Action, Shooter, Top-Down",Dennaton Games,Devolver Digital,2015.0,8.85,13.43,35.33,12.15,8.85,74.5,7.75
hotline miami collection,NS,3.97,3.88,22.5,Compilation,Devolver Digital,Devolver Digital,2017.0,13.78,14.97,20.95,13.95,13.78,82.0,8.0
hotshot racing,XONE,3.59,3.64,12.46,"Arcade, Driving, Racing",Unknown,Curve Digital,2020.0,1.62,5.08,22.27,3.57,1.62,75.25,6.875
hour of victory,X360,2.3,3.31,19.2,First-Person Shooter,N-Fusion Interactive,Midway Games,2007.0,4.25,8.0,20.95,4.57,4.25,37.0,3.1
house flipper,NS,3.13,2.43,24.67,"First-Person, Simulation, Virtual Reality",Empyrean,Unknown,2018.0,12.87,31.98,53.95,31.48,12.87,61.5,7.3
how to survive,PC,3.15,3.08,20.93,"Action, Role-Playing",EKO Software,505 Games,2013.0,10.53,14.32,36.23,16.42,10.53,58.0,6.5
how to survive 2,PC,2.85,3.2,30.8,Adventure,EKO Software,505 Games,2015.0,25.18,36.57,20.95,27.47,25.18,67.0,5.9
how to survive: storm warning edition,XONE,3.05,3.82,54.29,"Action, Adventure, Hack And Slash, Role-Playing, Top-Down",Eko Software,505 Games,2014.0,8.2,17.57,33.62,25.58,8.2,65.0,6.3
hsx hypersonic.xtreme,PS2,3.32,3.0,20.67,"Driving, Racing",Blade Interactive,Majesco,2003.0,3.45,13.42,20.95,3.45,3.45,53.0,8.1
htol#niq: the firefly diary,PC,3.27,3.75,14.4,"Adventure, Scrolling",Nippon Ichi Software,Nippon Ichi Software,2015.0,6.93,8.32,12.18,8.32,6.93,58.0,7.5
hugo: the evil mirror,PS,2.5,1.95,8.53,Platform,Unknown,Namco,2005.0,1.18,1.12,20.95,1.17,1.18,58.0,8.0
human resource machine,PC,3.76,4.24,16,Puzzle,Tomorrow Corporation,Tomorrow Corporation,2015.0,4.47,8.67,10.98,8.67,4.47,75.66666666666667,7.7
human: fall flat,XONE,3.45,3.61,12,Adventure,No Brakes Games,Curve Digital,2016.0,6.67,13.15,26.32,11.9,6.67,68.75,7.025
humankind,PC,3.65,3.86,46.2,"Strategy/Tactical, Turn-Based",AMPLITUDE Studios,Sega,2021.0,16.23,52.68,254.62,41.6,16.23,77.0,6.8
hummer badlands,XBOX,2.5,3.0,15.2,"Driving, Racing",Eutechnyx,Global Star Software,2006.0,4.27,13.42,4.45,4.32,4.27,44.0,6.0
hunt: showdown,PC,3.64,4.03,54.52,"First-Person, Shooter",Crytek,Crytek,2018.0,8.2,13.42,20.95,11.25,8.2,79.33333333333333,6.966666666666667
hunted: the demon's forge,PC,3.11,2.83,17.36,Action,inXile Entertainment,Bethesda Softworks,2011.0,12.35,14.88,17.47,14.33,12.35,59.666666666666664,6.3999999999999995
hunter's legacy,PS4,3.93,3.14,10.4,Platform,Lienzo,Lienzo,2016.0,7.92,6.7,20.95,7.43,7.92,59.5,7.333333333333333
hunter: the reckoning,GC,3.38,3.38,18.5,Hack And Slash,High Voltage Software,Interplay Entertainment,2002.0,10.17,13.42,20.95,10.17,10.17,74.5,7.55
husk,PC,2.54,3.0,11.5,"Action, Adventure",UndeadScout,IMGN.PRO,2017.0,4.22,4.68,4.78,4.48,4.22,44.0,4.2
hustle kings,PS4,3.09,3.0,15.14,Sports,VooFoo Studios,Sony Computer Entertainment,2010.0,6.18,13.42,20.95,6.18,6.18,78.0,7.75
hydrophobia,X360,3.14,2.78,6.86,"Adventure, Survival Horror",Dark Energy Digital,Microsoft Game Studios,2010.0,3.18,3.92,8.27,3.92,3.18,59.0,7.3
hydrophobia: prophecy,PS3,2.88,2.9,7.11,"Adventure, Survival Horror",Dark Energy Digital,Dark Energy Digital,2011.0,3.63,5.1,7.57,4.32,3.63,67.0,5.85
hyper light drifter,PS4,3.94,3.86,16.36,"Action, Adventure, Real-Time, Role-Playing, Top-Down",Heart Machine,Heart Machine,2016.0,7.98,12.37,27.73,11.07,7.98,82.0,7.55
hyperdevotion noire: goddess black heart,PC,3.6,3.0,43.32,"Role-Playing, Strategy/Tactical",Unknown,Unknown,2015.0,22.32,36.87,84.92,47.38,22.32,68.0,7.2
hyperdimension neptunia,PS3,3.5,2.83,51.17,Role-Playing,Unknown,Unknown,2011.0,37.02,46.48,63.45,50.55,37.02,45.0,6.7
hyperdimension neptunia u: action unleashed,PC,3.54,2.23,23.53,"Hack And Slash, Role-Playing",Compile Heart Tamsoft,Idea Factory,2015.0,10.25,16.27,39.02,21.77,10.25,71.0,7.0
hyperdimension neptunia victory,PS3,4.09,3.08,62.68,Role-Playing,Unknown,Unknown,2013.0,44.57,58.82,81.53,62.22,44.57,55.0,7.6
hyrule warriors,WIIU,4.19,3.15,63.22,"Action, Hack And Slash, Third-Person",Unknown,Unknown,2014.0,13.22,48.17,240.33,37.3,13.22,76.0,8.3
hyrule warriors: age of calamity,NS,4.02,3.08,61.36,"Action, Hack And Slash, Third-Person",Omega Force,Unknown,2020.0,25.6,40.63,77.75,45.95,25.6,78.0,7.8
hyrule warriors: definitive edition,NS,4.18,3.26,73.63,"Action, Hack And Slash, Third-Person",Unknown,Unknown,2018.0,17.17,40.47,373.52,50.12,17.17,78.0,7.9
i am alive,PC,3.05,3.27,10.92,"Action, Adventure, Shooter, Survival, Third-Person",Unknown,Ubisoft,2012.0,5.45,6.52,8.78,6.28,5.45,70.0,6.199999999999999
i am bread,PC,2.8,4.59,7.32,Simulation,Bossa Studios,Bossa Studios,2014.0,2.73,6.13,20.95,3.68,2.73,56.666666666666664,4.3999999999999995
i am setsuna,PC,3.65,2.93,33.73,Role-Playing,Tokyo RPG Factory,Square Enix,2016.0,20.67,27.17,46.08,27.03,20.67,73.0,7.333333333333333
i expect you to die,PS4,3.78,3.64,4.42,"Puzzle, Virtual Reality",Schell Games,Schell Games,2016.0,3.23,4.08,5.77,3.87,3.23,82.0,7.5
i-ninja,PS2,3.66,2.96,17.98,Platform,Argonaut Games,Unknown,2003.0,8.35,13.35,16.05,11.32,8.35,75.0,8.033333333333333
ice age,GBA,2.41,2.21,12.04,Platform,A2M,Ubisoft,2002.0,1.15,2.0,20.95,1.27,1.15,47.0,6.0
ice age 2: the meltdown,DS,2.52,2.17,10.2,Adventure,Unknown,Vivendi Games,2006.0,4.85,9.9,7.23,6.23,4.85,67.25,7.9
ice age: continental drift - arctic games,3DS,2.71,2.18,5.42,"Action, Adventure",Behaviour Interactive,Activision,2012.0,1.2,5.0,20.95,1.55,1.2,43.0,6.400000000000001
ice age: dawn of the dinosaurs,PC,3.46,2.05,17.09,"Action, Adventure, Platform",Eurocom,Activision,2009.0,5.27,7.25,11.53,7.1,5.27,70.0,7.666666666666667
icewind dale,PC,3.9,3.34,52.81,"Isometric, Real-Time, Role-Playing",Black Isle Studios,Interplay Entertainment,2000.0,34.77,42.87,52.45,42.92,34.77,87.0,8.3
icewind dale ii,PC,3.93,3.63,55.33,Role-Playing,Black Isle Studios,Interplay Entertainment,2002.0,41.25,57.67,87.92,62.35,41.25,83.0,8.4
icey,PC,3.46,2.38,5.05,"Action, Scrolling, Side",Shanghai FantaBlade Network Technology,X.D. Network,2016.0,2.62,3.4,5.7,4.37,2.62,79.0,7.75
iconoclasts,PS4,3.66,3.18,16.56,"Action, Puzzle",Konjak,Konjak,2018.0,11.2,13.55,16.75,12.88,11.2,85.66666666666667,7.633333333333333
if found...,PC,3.57,1.67,6,Visual Novel,Dreamfeel,Annapurna Interactive,2020.0,2.2,2.53,3.38,2.57,2.2,82.0,7.25
igpx: immortal grand prix,PS2,3.25,3.33,30.25,"Driving, Racing",Namco Bandai Games,Namco Bandai Games,2006.0,5.63,6.52,20.95,6.07,5.63,55.0,7.333333333333333
ikachan,3DS,3.52,2.1,7.26,"Platform, Third-Person",Daisuke Amaya,Nicalis,2000.0,1.18,0.98,1.33,1.22,1.18,71.0,7.2
ikenfell,XONE,2.89,2.44,25.33,"Role-Playing, Strategy/Tactical, Turn-Based",Happy Ray Games,Humble Games,2020.0,17.33,20.77,23.88,20.87,17.33,71.0,7.45
il-2 sturmovik,PC,3.95,4.2,77.5,"First-Person, Flight, Shooter, Simulation",1C: Maddox Games,Unknown,2001.0,15.15,13.42,20.95,15.15,15.15,91.0,8.6
il-2 sturmovik: forgotten battles,PC,4.13,4.27,70,Flight Simulation,1C: Maddox Games,Unknown,2003.0,8.2,12.75,20.95,12.75,8.2,86.0,8.0
illbleed,DC,4.1,3.79,21.92,Survival Horror,Climax Graphics,Jaleco,2001.0,8.87,10.65,14.55,9.83,8.87,61.0,8.7
ilomilo,X360,3.82,3.03,10.22,Puzzle,Unknown,Microsoft Game Studios,2010.0,7.7,11.0,15.2,11.53,7.7,81.0,8.2
immortal cities: children of the nile,PC,3.78,3.36,37.78,City-Building,Tilted Mill Entertainment,Unknown,2004.0,32.15,13.42,100.0,54.77,32.15,75.0,7.6
immortal redneck,PC,3.63,3.82,24.15,"Action, Roguelike",Crema,Crema,2017.0,17.27,21.73,65.15,25.12,17.27,73.75,7.125
immortal: unchained,PC,2.0,4.27,19.43,"Action, Adventure, Role-Playing",Toadman Interactive,Game Odyssey,2018.0,13.27,20.67,39.77,22.47,13.27,50.0,6.849999999999999
immortals fenyx rising,XBSX,3.56,3.3,46.91,"Action, Adventure, Open World, Third-Person",Ubisoft Quebec,Ubisoft,2020.0,25.8,42.42,63.43,44.27,25.8,78.75,7.575
impact winter,PC,3.45,3.19,16.83,"Adventure, Simulation",Mojo Bones,BANDAI NAMCO Entertainment,2017.0,14.82,14.67,49.0,20.47,14.82,66.66666666666667,4.0
imperator: rome,PC,2.88,3.09,44.6,Strategy,Paradox Development Studio,Paradox Interactive,2019.0,16.5,133.18,120.0,73.9,16.5,76.0,5.0
imperial glory,PC,3.52,2.93,47.14,"Real-Time, Strategy, Tactical",Unknown,Unknown,2005.0,13.38,15.0,14.67,13.93,13.38,69.0,8.4
imperium romanum,PC,4.0,3.57,20,"City-Building, Real-Time",Haemimont Games,Unknown,2008.0,25.92,42.5,45.6,31.1,25.92,63.0,7.4
impire,PC,2.3,3.15,13.6,Strategy,Cyanide Studios,Paradox Interactive,2013.0,24.0,28.0,20.95,25.33,24.0,45.0,5.4
import tuner challenge,X360,3.71,2.73,31.89,"Driving, Racing",Genki,Ubisoft,2006.0,22.5,30.75,35.85,29.7,22.5,54.0,7.8
impossible creatures,PC,3.83,3.46,34.98,"Real-Time, Strategy/Tactical",Relic Entertainment,Microsoft Game Studios,2002.0,13.82,15.23,16.78,14.9,13.82,72.0,8.1
impostor factory,PC,4.09,1.24,6.07,Adventure,Freebird Games,Freebird Games,2021.0,3.9,4.38,4.1,4.03,3.9,80.0,8.4
in other waters,PC,3.63,2.62,8.67,Adventure,Jump Over The Age,Fellow Traveller,2020.0,4.85,6.72,8.32,6.82,4.85,76.0,6.05
in sound mind,PC,3.53,2.38,11.13,"First-Person, Horror",We Create Stuff,Modus Games,2021.0,10.22,14.03,16.07,13.58,10.22,74.33333333333333,7.266666666666667
in space we brawl,PS4,3.19,3.0,29.2,"Shooter, Top-Down",Forge Reply,AGM PLAYISM,2015.0,0.77,2.0,20.95,0.95,0.77,54.0,4.4
in the groove,PS2,2.75,3.17,50.22,"Exercise, Music",Roxor Games,Unknown,2006.0,2.92,11.0,20.95,8.97,2.92,72.0,8.5
inazuma eleven,3DS,4.0,2.91,33.68,"Role-Playing, Sports",Level-5,Unknown,2014.0,16.62,29.73,76.08,26.38,16.62,76.0,8.100000000000001
inazuma eleven 3: bomb blast,3DS,3.94,2.72,46.33,Sports,Level 5,Nintendo,2013.0,23.55,69.42,20.95,46.48,23.55,72.0,8.0
inazuma eleven 3: lightning bolt,3DS,4.14,3.03,51.81,Sports,Level-5,Nintendo,2013.0,39.5,210.68,20.95,142.22,39.5,70.0,7.9
inazuma eleven 3: team ogre attacks!,3DS,4.11,3.04,73.95,Sports,Level 5,Nintendo,2010.0,22.95,60.23,170.0,47.4,22.95,70.0,7.9
inazuma eleven strikers,WII,4.11,3.04,30.76,Sports,Unknown,Unknown,2012.0,6.08,38.13,46.5,23.45,6.08,59.0,8.2
inbento,NS,3.61,3.0,7.43,Puzzle,Afterburn,7Levels,2019.0,3.37,4.22,4.65,4.32,3.37,76.0,7.1
incoming forces,PC,3.18,3.55,33.67,Shooter,Rage Software,Hip Interactive,2002.0,5.57,13.42,20.95,5.57,5.57,67.0,5.1
incredible crisis,PS,3.73,3.43,11.25,Action,Polygon Magic,Unknown,2000.0,2.38,2.75,2.33,2.45,2.38,80.0,7.9
incredipede,PC,2.79,2.85,7.57,Puzzle,Colin Northway,Unknown,2012.0,2.85,3.33,5.0,3.87,2.85,74.0,6.7
independence war 2: edge of chaos,PC,3.96,4.11,65.56,"Simulation, Space Combat",Particle Systems,Infogrames,2001.0,26.5,13.42,20.95,26.5,26.5,83.0,8.2
indiana jones and the emperor's tomb,PC,3.56,3.13,21.1,Action,Unknown,LucasArts,2003.0,12.53,12.42,19.48,13.77,12.53,70.33333333333333,8.066666666666668
indiana jones and the infernal machine,N64,3.69,4.21,55.07,"Action, Adventure",LucasArts,LucasArts,1999.0,17.78,26.33,21.02,21.63,17.78,75.0,7.8
indiana jones and the staff of kings,PSP,3.18,3.4,20.31,Action,Unknown,LucasArts,2009.0,6.78,3.92,7.0,6.5,6.78,59.0,7.25
indianapolis 500 legends,WII,3.11,3.71,42.8,"Driving, Racing",Torus Games,Destineer,2007.0,8.2,13.42,14.5,14.5,8.2,49.0,6.7
indigo prophecy,PS4,3.51,2.93,13.02,Adventure,Quantic Dream,Atari,2005.0,8.25,9.2,10.18,8.87,8.25,84.0,8.133333333333333
indivisible,PC,3.03,3.1,21.29,"Action, Role-Playing, Side",Lab Zero Games,505 Games,2019.0,18.6,23.0,27.85,23.18,18.6,79.0,6.8
indycar series,PS2,3.47,3.75,18.93,"Driving, Racing",Codemasters,Unknown,2003.0,13.0,13.42,20.95,13.0,13.0,70.66666666666667,7.449999999999999
infected,PSP,3.35,2.38,18.93,Third-Person Shooter,Planet Moon Studios,Majesco Entertainment,2005.0,5.6,13.42,20.95,5.6,5.6,74.0,8.2
infernal,PC,2.9,3.05,12,"Action Adventure, Third-Person Shooter",Metropolis Software,Playlogic,2007.0,7.92,9.83,13.13,8.88,7.92,61.0,7.4
infernax,XONE,3.29,4.33,12,"Action, Scrolling, Side",Berzerk Studio,The Arcade Crew,2022.0,6.97,9.07,17.55,9.43,6.97,83.66666666666667,7.566666666666666
infested planet,PC,3.61,3.76,12,"Action, Strategy",Rocket Bear Games,Rocket Bear Games,2014.0,7.42,10.28,18.5,11.45,7.42,75.0,7.7
infinite minigolf,NS,3.67,3.07,22.75,"Arcade, Party, Sports",Zen Studios,Zen Studios,2017.0,2.23,9.35,20.95,4.27,2.23,70.5,6.6
infinite space,DS,4.12,3.68,66.72,"Role-Playing, Simulation",Unknown,Sega,2010.0,48.33,65.92,73.27,63.45,48.33,75.0,8.2
infinite undiscovery,X360,3.66,3.07,50.52,"Action, Role-Playing",tri-Ace,Square Enix,2008.0,24.78,37.22,115.85,34.08,24.78,68.0,7.1
injustice 2,IOS,3.47,3.0,45.08,"Fighting, Real-Time, Side",NetherRealm Studios,Warner Bros. Interactive Entertainment,2017.0,5.87,19.13,67.55,12.6,5.87,87.33333333333333,7.866666666666666
injustice: gods among us,WIIU,3.79,3.25,14.98,Fighting,NetherRealm Studios,Warner Bros. Interactive Entertainment,2013.0,5.03,11.82,26.25,6.67,5.03,79.5,7.9
injustice: gods among us - ultimate edition,PC,3.5,3.06,16.17,Fighting,Unknown,Warner Bros. Interactive Entertainment,2013.0,5.07,12.45,27.77,7.05,5.07,80.0,7.5
innocent life: a futuristic harvest moon,PSP,3.85,2.73,51.23,Simulation,ArtePiazza,Unknown,2007.0,41.15,35.08,59.0,42.28,41.15,67.0,7.9
insanely twisted shadow planet,PC,3.51,2.85,7.03,Multi-Directional Shooter,Shadow Planet Productions (Fuelcell Games/Gagne International),Microsoft Studios,2011.0,5.32,6.23,7.93,6.05,5.32,76.0,7.9
inscryption,PC,4.07,3.18,19.48,"Card Game, Horror, Roguelike",Daniel Mullins Games,Devolver Digital,2021.0,13.05,16.08,32.68,16.02,13.05,86.33333333333333,8.466666666666667
insecticide,DS,3.45,3.11,11.57,"Action, Adventure",Unknown,Gamecock Media Group,2008.0,3.82,3.32,5.93,3.93,3.82,55.0,7.0
insurgency: sandstorm,PC,3.69,3.53,53.86,"First-Person, Shooter",New World Interactive,Focus Home Interactive,2018.0,8.2,13.42,20.95,11.25,8.2,80.5,7.5
insurmountable,PC,3.43,3.17,12.8,"Adventure, Strategy/Tactical",ByteRockers' Games,ByteRockers' Games,2021.0,6.72,9.25,13.58,8.7,6.72,74.0,5.9
intellivision lives!,PS2,3.04,2.94,18.67,Compilation,Realtime Associates,Crave Entertainment,1999.0,4.9,13.42,20.95,4.9,4.9,62.0,7.6
interpol: the trail of dr. chaos,X360,3.12,2.18,13.25,"Puzzle, Strategy",TikGames,Sierra Online,2007.0,8.2,4.08,5.4,5.13,8.2,45.0,3.0
into the breach,PC,3.93,3.77,21.15,"Roguelike, Strategy/Tactical, Turn-Based",Subset Games,Subset Games,2018.0,6.05,21.53,54.83,18.32,6.05,89.5,7.85
inversion,PS3,3.0,3.55,25.5,"Real-Time, Shooter, Third-Person",Saber Interactive,Namco Bandai Games,2012.0,6.97,8.12,8.12,7.17,6.97,54.5,5.95
"invisible, inc.",PC,3.73,3.87,21.77,"Strategy, Turn-Based",Klei Entertainment,Klei Entertainment,2014.0,7.53,20.38,84.75,14.17,7.53,82.0,7.9
invizimals,PSP,3.67,2.74,40.35,Unknown,Novarama,Sony Computer Entertainment,2010.0,9.62,13.42,80.0,17.43,9.62,69.0,8.2
invizimals: the lost kingdom,PS3,2.41,1.88,9.14,Adventure,Novarama Magenta Software,Sony Computer Entertainment Europe,2014.0,6.57,8.48,11.05,8.78,6.57,50.0,5.9
ion fury,NS,3.88,4.0,27.33,"Action, First-Person, Shooter",Voidpoint,3D Realms,2019.0,10.17,13.8,28.48,12.35,10.17,75.25,6.8999999999999995
iratus: lord of the dead,PC,3.53,3.69,19.32,"Roguelike, Role-Playing",Unfrozen,Daedalic Entertainment,2019.0,12.13,21.57,64.0,18.8,12.13,78.0,7.4
iridion 3d,GBA,2.92,3.82,12.97,"On-Rails, Shooter",Shin'en,Majesco,2001.0,1.6,13.42,2.5,1.72,1.6,53.0,7.0
iridion ii,GBA,4.01,3.3,15.56,"Scrolling, Shooter",Shin'en,Unknown,2003.0,1.9,3.0,4.25,2.18,1.9,78.0,8.3
iron aces,DC,3.15,3.36,17.6,"Flight, Simulation",Marionette,Xicat Interactive,2001.0,3.5,13.42,20.95,3.5,3.5,67.0,7.7
iron brigade,X360,3.75,3.14,17.61,"Shooter, Third-Person, Tower Defense",Double Fine Productions,Microsoft Studios,2011.0,6.47,12.97,20.38,9.68,6.47,78.5,6.95
iron harvest,PC,2.9,2.86,11.67,"Real-Time, Strategy/Tactical",King Art Games,King Art Games,2020.0,20.38,32.43,33.07,24.9,20.38,75.0,6.6
iron man 2,PS3,2.78,2.98,21.38,"Action, Adventure",Unknown,Sega,2010.0,5.17,5.67,7.0,5.53,5.17,45.2,5.52
ironcast,PC,3.58,3.52,9.81,"Puzzle, Role-Playing",Dreadbit,Ripstone,2015.0,10.9,17.6,39.9,18.67,10.9,77.66666666666667,7.550000000000001
ironclad tactics,PC,3.24,3.43,12,"Card Game, Strategy, Turn-Based",Zachtronics,Zachtronics,2013.0,5.05,11.68,10.0,8.02,5.05,69.0,7.2
it takes two,XONE,3.68,3.0,14,"Action, Adventure, Platform, Puzzle, Third-Person",Hazelight Studios,Electronic Arts,2021.0,12.88,14.38,16.75,14.17,12.88,87.8,8.76
ittle dew 2,XONE,3.86,2.33,17.6,"Action, Adventure",Ludosity,Nicalis,2016.0,5.18,9.4,12.4,8.4,5.18,75.0,6.3
ittle dew 2+,NS,3.99,3.04,24.6,"Action, Adventure, Puzzle",LUDOSITY,Nicalis,2017.0,5.97,11.02,14.03,10.15,5.97,77.0,7.8
ivy the kiwi?,DS,3.54,3.73,14.06,Puzzle,Prope,Unknown,2010.0,3.7,4.93,20.95,4.18,3.7,71.5,7.1
izuna 2: the unemployed ninja returns,DS,3.79,3.8,38.19,"Dungeon Crawler, Roguelike",Ninja Studio,Unknown,2008.0,10.0,13.42,55.62,32.8,10.0,65.0,8.2
izuna: legend of the unemployed ninja,DS,3.52,3.73,26.74,"Action, Dungeon Crawl, Role-Playing",Success / Ninja Studio,Unknown,2007.0,17.97,20.67,30.08,19.8,17.97,66.0,8.2
jack keane,PC,3.42,3.31,15.27,Adventure,Deck13 Interactive,Unknown,2008.0,10.75,10.53,11.92,10.82,10.75,69.0,6.7
jack keane 2: the fire within,PC,3.5,3.67,10.08,Adventure,Deck 13,Nordic Games,2013.0,8.3,13.42,11.12,8.77,8.3,52.0,6.9
jade cocoon 2,PS2,3.71,3.02,53.36,Role-Playing,Genki,Unknown,2001.0,36.4,48.7,81.25,50.82,36.4,76.0,7.9
jade empire,XBOX,4.12,2.99,37.15,"Action, Role-Playing",BioWare,Microsoft Game Studios,2005.0,17.32,23.95,30.45,22.52,17.32,89.0,8.5
jade empire: special edition,PC,3.91,2.98,33.55,"Action, Role-Playing",LTI Gray Matter,2K Games,2007.0,15.32,23.97,36.38,25.08,15.32,81.0,8.1
jagged alliance: back in action,PC,3.22,3.81,51.25,"Role-Playing, Strategy",Coreplay,Kalypso Media,2012.0,52.58,50.78,86.05,57.73,52.58,62.0,5.5
jak 3,PS4,4.03,2.97,19.42,"Action, Adventure, Platform",Naughty Dog,SCEA,2004.0,12.13,14.5,17.98,14.17,12.13,84.0,8.8
jak and daxter collection,VITA,3.32,3.39,47.83,Platform,Unknown,Sony Computer Entertainment,2012.0,44.47,47.7,55.82,48.95,44.47,74.0,7.4
jak and daxter: the lost frontier,PS2,3.22,2.72,23.5,"Action, Adventure, Platform",High Impact Games,Sony Computer Entertainment,2009.0,8.18,10.18,12.78,9.32,8.18,71.5,6.300000000000001
jak and daxter: the precursor legacy,PS4,4.04,2.86,13.95,"Action, Adventure, Platform",Naughty Dog,SCEA,2001.0,9.73,11.23,11.83,11.12,9.73,90.0,8.9
jak ii,PS4,3.68,3.81,21.18,"Action, Platform, Shooter, Third-Person",Naughty Dog,SCEA,2003.0,16.85,18.55,21.98,18.53,16.85,87.0,8.4
jak x: combat racing,PS4,3.53,3.15,19.2,Vehicular Combat,Naughty Dog,Sony Computer Entertainment,2005.0,10.72,13.28,16.8,13.8,10.72,76.0,8.0
jake hunter: detective chronicles,DS,3.27,2.04,13.1,"Adventure, Mystery",WorkJam,Arc System Works,2008.0,8.2,9.5,7.65,7.95,8.2,47.0,7.333333333333333
jam sessions,DS,2.93,2.35,10.93,Music/Rhythm,Plato,Ubisoft,2007.0,0.25,13.42,20.95,0.25,0.25,72.0,5.3
james bond 007: agent under fire,XBOX,3.47,2.89,19.59,First-Person Shooter,Unknown,Unknown,2001.0,5.22,6.68,17.67,6.2,5.22,72.33333333333333,7.2333333333333325
james bond 007: everything or nothing,XBOX,3.78,3.36,22.56,"Action, Adventure",Unknown,Electronic Arts,2004.0,8.88,13.42,19.52,10.45,8.88,81.0,8.15
james cameron's avatar: the game,WII,2.78,2.7,17.38,Unknown,Ubisoft Montreal,Ubisoft,2009.0,8.35,13.93,17.3,10.95,8.35,60.0,6.175
james noir's hollywood crimes,3DS,3.29,2.82,13.33,Puzzle,Ubisoft Montreal,Ubisoft,2011.0,8.05,12.45,10.88,10.28,8.05,60.0,6.6
jamestown: legend of the lost colony,PC,3.72,3.73,5.2,"Action, Scrolling, Shooter, Top-Down",Final Form Games,Final Form Games,2011.0,2.68,4.9,8.67,3.6,2.68,81.0,7.4
jaws unleashed,XBOX,3.32,3.0,12.8,"Action, Adventure",Appaloosa Interactive,Majesco Entertainment,2006.0,4.9,8.7,35.0,12.05,4.9,52.666666666666664,7.133333333333334
jazz jackrabbit,GBA,3.21,2.36,19.71,Unknown,Unknown,Epic Games,1994.0,5.55,6.38,6.0,5.8,5.55,68.0,3.5
jazzpunk,PC,3.64,1.69,3.75,Adventure,Necrophone Games,Adult Swim Games,2014.0,2.15,2.87,3.78,2.9,2.15,75.0,7.7
jeremy mcgrath supercross 2000,PS,3.32,1.71,32.4,"Driving, Racing",Acclaim Studios Salt Lake City,Acclaim,2000.0,8.2,1.82,20.95,1.82,8.2,43.0,8.0
jeremy mcgrath supercross world,PS2,2.45,2.92,15.18,Sports,Acclaim Entertainment,Acclaim Entertainment,2001.0,8.33,13.42,20.95,8.33,8.33,35.5,4.45
jet force gemini,N64,3.91,3.53,36.04,"Action, Adventure, Shooter, Third-Person",Rare,Rare,1999.0,16.22,18.73,22.43,18.43,16.22,80.0,8.7
jetpac refuelled,X360,3.16,4.0,9.06,"Arcade, Shooter",Rare,Microsoft Game Studios,2007.0,4.4,13.42,20.95,4.4,4.4,73.0,7.1
jett rocket,WII,3.83,2.84,9.68,Platform,Shin'en Multimedia,Unknown,2010.0,3.72,4.82,10.77,6.03,3.72,70.0,8.4
jett rocket ii: the wrath of taikai,3DS,3.47,3.5,10,"Action, Adventure, Platform, Side, Third-Person",Shin'en Multimedia,Unknown,2013.0,2.38,4.15,8.05,4.47,2.38,62.0,6.6
jewel master: egypt,DS,3.78,3.46,29.56,Puzzle,Storm City Games,Unknown,2009.0,32.87,10.0,20.95,21.43,32.87,56.0,7.333333333333333
jewel quest,PC,3.0,3.2,16.83,Puzzle,iWin,iWin,2004.0,5.73,24.0,2.0,8.15,5.73,68.0,7.8
job simulator,PC,3.5,1.72,4.62,"Simulation, Virtual Reality",Owlchemy Labs,Owlchemy Labs,2016.0,2.57,3.13,3.97,3.35,2.57,71.0,7.6
joe dever's lone wolf,NS,3.39,3.83,20.5,"Adventure, Role-Playing, Turn-Based",Forge Reply,Unknown,2014.0,14.82,18.5,31.4,19.05,14.82,79.0,7.9
joggernauts,PC,3.75,3.91,8,"Action, Platform, Puzzle, Side",Space Mace,Graffiti Games,2018.0,3.22,5.15,31.43,7.95,3.22,70.0,7.333333333333333
john deere: harvest in the heartland,DS,3.77,1.89,47.38,Simulation,Black Lantern Studios,Destineer,2007.0,50.0,13.42,20.95,50.0,50.0,43.0,7.333333333333333
john wick hex,PC,2.64,3.5,4.2,"Action, Third-Person, Turn-Based",Mike Bithell,Good Shepherd Entertainment,2019.0,7.88,10.75,38.13,9.67,7.88,75.0,5.633333333333333
joint operations: typhoon rising,PC,3.63,3.3,60,First-Person Shooter,NovaLogic,NovaLogic,2004.0,3.67,13.42,20.95,3.67,3.67,82.0,8.5
joint task force,PC,3.78,4.0,34.4,"Real-Time, Tactical",Most Wanted Entertainment,Unknown,2006.0,24.0,27.0,20.95,25.5,24.0,68.0,8.3
jojo's bizarre adventure: all-star battle,PS3,4.09,2.93,33.42,Fighting,CyberConnect2,Namco Bandai Games,2014.0,4.1,7.47,7.83,6.32,4.1,71.0,8.1
jojo's bizarre adventure: eyes of heaven,PS4,3.63,2.71,29.12,Fighting,CyberConnect2,Namco Bandai Games,2016.0,11.07,19.07,32.07,18.93,11.07,61.0,7.8
jolly rover,PC,3.35,2.53,8.25,Adventure,Brawsome,Brawsome,2010.0,4.0,5.15,5.58,4.6,4.0,71.0,7.8
jonny moseley mad trix,PS2,2.88,3.71,25.17,Sports,3DO,3DO,2001.0,8.2,13.42,3.95,3.95,8.2,44.0,5.7
jotun,PC,3.42,3.59,7.56,"Action, Adventure, Top-Down",Thunder Lotus Games,Thunder Lotus Games,2015.0,5.3,5.83,7.93,5.78,5.3,79.0,6.9
journey of a roach,PC,3.22,2.77,9.9,"Adventure, Point-And-Click",Unknown,Daedalic Entertainment,2013.0,2.98,3.53,4.97,3.62,2.98,65.0,6.9
journey of the broken circle,NS,3.38,2.7,4.25,Adventure,Lovable Hat Cult,Nakana.io,2020.0,2.92,3.55,4.68,3.27,2.92,76.0,6.8
journey to the savage planet,XONE,3.46,3.15,29.14,"Adventure, First-Person",Typhoon Studios,505 Games,2020.0,7.23,11.3,17.67,11.45,7.23,75.33333333333333,6.7
joust,X360,3.07,3.67,1.2,Action,Williams Electronics,Williams Electronics,1982.0,0.6,0.32,20.95,0.58,0.6,68.0,7.0
joy ride turbo,X360,3.4,3.18,13,Unknown,BigPark,Microsoft Game Studios,2012.0,2.65,3.98,20.95,3.1,2.65,67.0,8.0
ju-on: the grudge,WII,3.01,2.25,7.97,"Graphic Adventure, Survival Horror",feelplus,Unknown,2009.0,3.18,4.25,3.6,3.63,3.18,39.0,5.5
juiced,PC,3.23,3.13,37,Arcade,Juice Games,THQ,2005.0,9.03,10.47,12.68,10.22,9.03,66.33333333333333,7.6000000000000005
juiced 2: hot import nights,PC,3.04,3.0,25.27,"Driving, Racing",Unknown,THQ,2007.0,16.32,18.1,18.5,17.15,16.32,70.33333333333333,7.533333333333333
juiced: eliminator,PSP,3.38,3.41,27.78,"Driving, First-Person, Racing, Real-Time, Third-Person",Obigeta Makers,THQ,2006.0,13.15,13.47,20.95,13.28,13.15,65.0,8.4
juka and the monophonic menace,GBA,3.25,2.33,13.71,Adventure,Orbital Media,Unknown,2006.0,10.53,9.93,15.53,12.0,10.53,66.0,7.333333333333333
jump force,XONE,2.53,2.96,18.56,Fighting,Spike Chunsoft,BANDAI NAMCO Entertainment,2019.0,14.97,25.85,50.62,25.92,14.97,59.0,4.6000000000000005
jumper: griffin's story,X360,1.67,2.54,6.89,Action,Unknown,Brash Entertainment,2008.0,2.75,3.52,4.03,3.32,2.75,29.0,3.2000000000000006
jumpjet rex,PC,3.78,3.44,6.6,Platform,TreeFortress Games,TreeFortress Games,2015.0,3.37,7.83,13.2,6.22,3.37,76.0,7.0
jurassic park iii: the dna factor,GBA,2.3,4.24,12.75,"Action, Platform, Puzzle, Scrolling",Konami Computer Entertainment Hawaii,Konami,2001.0,4.45,4.87,20.95,4.67,4.45,44.0,5.4
jurassic park: operation genesis,PS2,3.74,2.8,41.83,Simulation,Blue Tongue Entertainment,Unknown,2003.0,7.9,11.0,10.5,10.27,7.9,72.0,8.666666666666666
jurassic park: the game,PC,3.23,2.73,15.22,Adventure,Telltale Games,Telltale Games,2011.0,6.93,7.17,9.7,7.7,6.93,55.666666666666664,4.433333333333334
jurassic world evolution,PC,3.62,2.75,62.63,"Simulation, Strategy",Frontier Developments,Frontier Developments,2018.0,26.02,44.7,74.48,44.0,26.02,71.0,7.133333333333334
jurassic world evolution 2,PS5,4.04,3.22,62.75,Simulation,Frontier Developments,Frontier Developments,2021.0,6.8,38.57,102.92,26.42,6.8,76.33333333333333,6.366666666666667
just cause,PC,3.13,2.9,18.09,"Action, Shooter, Third-Person",Avalanche Studios,Eidos Interactive,2006.0,8.6,20.33,30.8,14.8,8.6,72.25,6.8
just cause 2,PC,3.83,2.91,40.34,"Action, Open World, Shooter, Third-Person",Avalanche Studios,Unknown,2010.0,17.97,37.1,88.57,36.42,17.97,82.66666666666667,7.866666666666666
just cause 3,PC,3.49,2.82,42.71,"Action, Open World, Shooter, Third-Person",Avalanche Studios,Square Enix,2015.0,18.65,39.8,66.43,41.25,18.65,72.66666666666667,6.433333333333334
just cause 4,XONE,2.87,2.64,33.25,"Action, Adventure",Avalanche Studios,Square Enix,2018.0,16.17,29.2,56.53,28.18,16.17,67.66666666666667,5.033333333333334
just dance,WII,3.29,2.53,14.35,Music/Rhythm,Unknown,Ubisoft,2009.0,2.68,3.0,3.25,2.8,2.68,49.0,7.8
just dance 2,WII,3.53,2.68,19.48,"Fitness, Music/Rhythm",Ubisoft Paris,Ubisoft,2010.0,8.93,9.93,20.95,9.33,8.93,74.0,7.2
just dance 2014,PS4,2.96,3.0,40.79,Music/Rhythm,Ubisoft,Ubisoft,2013.0,4.95,13.4,11.0,7.3,4.95,79.0,7.9
just dance 2015,PS4,3.55,2.07,50.06,Music/Rhythm,Ubisoft,Ubisoft,2014.0,11.58,13.42,16.0,12.68,11.58,71.0,6.800000000000001
just dance 2016,WIIU,3.66,2.09,25.6,Music/Rhythm,Ubisoft,Ubisoft,2015.0,3.17,24.15,27.0,15.55,3.17,70.66666666666667,6.5
just dance 2017,NS,3.26,2.58,31.58,Music/Rhythm,Ubisoft,Ubisoft,2016.0,6.1,13.42,39.17,17.12,6.1,72.66666666666667,6.233333333333333
just dance 2022,NS,3.92,3.0,60,Music/Rhythm,Ubisoft,Ubisoft,2021.0,12.5,28.0,90.0,35.75,12.5,72.0,5.3
just dance 3,X360,3.34,2.88,21.75,Music/Rhythm,Ubisoft,Ubisoft,2011.0,11.93,24.5,273.75,94.42,11.93,72.0,7.8500000000000005
just dance 4,PS3,3.44,2.67,48.9,Music/Rhythm,Ubisoft,Ubisoft,2012.0,15.73,22.37,20.95,18.68,15.73,72.33333333333333,7.8
just shapes & beats,PC,4.28,3.63,7.04,Music/Rhythm,Berzerk Studio,Berzerk Studio,2018.0,3.68,7.87,33.82,8.12,3.68,83.0,8.3
justice league heroes,DS,2.5,2.7,8,"Action, Role-Playing",Snowblind Studios,Unknown,2006.0,7.13,8.05,23.05,9.0,7.13,62.75,7.525
justice league heroes: the flash,GBA,3.44,3.44,15.32,"Action, Platform",WayForward Technologies,Warner Bros. Interactive Entertainment,2006.0,2.03,2.4,20.95,2.12,2.03,72.0,7.4
justice league: injustice for all,GBA,2.64,3.0,11,Action,Saffire,Midway Games,2002.0,2.05,13.42,20.95,2.05,2.05,56.0,7.333333333333333
jydge,PC,4.06,4.3,12.67,"Shooter, Top-Down",10tons,10tons,2017.0,6.85,9.0,20.3,9.82,6.85,71.5,7.0
kabuki warriors,XBOX,2.05,3.78,8.33,"Fighting, Real-Time, Side, Third-Person",Unknown,Crave Entertainment,2001.0,0.8,0.77,20.95,0.78,0.8,32.0,2.5
kalimba,PC,3.25,3.17,8.8,Platform,Press Play,Microsoft Game Studios,2014.0,6.4,16.48,61.75,13.85,6.4,81.0,7.4
kameo: elements of power,X360,3.49,2.82,19.19,"Action, Adventure",Rare,Microsoft Game Studios,2005.0,9.77,11.72,17.67,10.88,9.77,79.0,8.0
kandagawa jet girls,PS4,3.25,2.29,15.11,"Action, Driving, Racing",SHADE,Unknown,2020.0,14.9,12.4,14.67,14.1,14.9,60.0,6.1
kane & lynch 2: dog days,PC,2.93,3.03,7.86,"Shooter, Third-Person",Unknown,Eidos Interactive,2010.0,4.13,5.73,12.73,4.68,4.13,63.666666666666664,5.466666666666666
kane & lynch: dead men,PS3,3.17,3.14,15.8,"Shooter, Third-Person",IO Interactive,Eidos Interactive,2007.0,5.37,6.65,8.53,5.78,5.37,65.33333333333333,4.366666666666666
karnaaj rally,GBA,3.18,3.4,10.8,"Car Combat, Driving, Racing",Paragon 5,Jaleco Entertainment,2002.0,9.57,13.42,9.0,9.28,9.57,81.0,7.0
katamari damacy,PS2,4.21,2.96,19.62,"Action, Puzzle, Third-Person",Unknown,Namco,2004.0,5.82,8.0,16.3,7.35,5.82,86.0,8.8
katamari forever,PS3,4.11,3.16,25.03,Action,Namco Bandai,Namco Bandai,2009.0,10.33,17.28,32.72,13.38,10.33,74.0,8.0
katana kami: a way of the samurai story,PS4,3.03,3.64,35.6,Unknown,Acquire,Spike Chunsoft,2020.0,35.5,48.53,74.0,44.08,35.5,67.0,6.400000000000001
kathy rain,PC,3.55,2.91,8.88,"Adventure, Point-And-Click, Side",Clifftop Games,Raw Fury,2016.0,6.03,6.9,6.62,6.43,6.03,77.0,7.7
kaze and the wild masks,PC,3.9,3.46,8,Platform,PixelHive,Soedesco,2021.0,5.28,7.75,10.68,7.95,5.28,79.33333333333333,7.666666666666667
keep talking and nobody explodes,PC,4.04,3.73,24,"First-Person, Puzzle, Virtual Reality",Steel Crate Games,Steel Crate Games,2015.0,8.2,13.42,20.95,11.25,8.2,86.0,7.55
keepsake,PC,3.5,3.27,13.78,Adventure,Wicked Studios,Unknown,2006.0,9.22,13.42,21.53,15.93,9.22,68.0,6.5
kelly slater's pro surfer,GC,3.03,3.38,24,Sports,Unknown,Activision,2002.0,10.95,18.23,20.95,13.37,10.95,79.0,7.9
kelvin and the infamous machine,PC,3.5,2.38,6.33,"Adventure, Point-And-Click",Blyts,Blyts,2016.0,4.28,4.45,4.77,4.48,4.28,79.0,7.1
kena: bridge of spirits,PC,3.58,3.44,17.93,"Action, Adventure, Open World, Platform, Puzzle, Third-Person",Ember Lab,Ember Lab,2021.0,10.5,14.75,21.3,14.42,10.5,82.0,8.299999999999999
kengo: legend of the 9,X360,2.74,3.41,18.95,Fighting,Genki,Majesco Entertainment,2006.0,3.98,13.42,20.95,3.98,3.98,38.0,4.1
kengo: master of bushido,PS2,3.12,3.17,20.75,Fighting,LightWeight,Crave Entertainment,2001.0,8.5,13.42,20.95,8.5,8.5,62.0,8.2
kenka bancho: badass rumble,PSP,3.94,3.05,23.41,Beat Em Up,Spike,Unknown,2009.0,6.58,15.17,67.0,13.03,6.58,70.0,7.6
kenshi,PC,4.02,4.14,69.16,"Action, Adventure, City-Building, Open World, Role-Playing, Sandbox, Simulation",Lo-Fi Games,Lo-Fi Games,2018.0,83.45,146.77,265.38,138.83,83.45,75.0,8.4
kentucky route zero,PC,3.48,1.96,12.61,"Adventure, Point-And-Click",Cardboard Computer,Cardboard Computer,2013.0,8.82,11.4,13.95,10.65,8.82,86.0,7.0
kentucky route zero - act i,PC,3.7,1.69,1.37,Adventure,Cardboard Computer,Cardboard Computer,2013.0,1.08,1.33,1.0,1.13,1.08,81.0,7.5
kentucky route zero - act ii,PC,3.7,1.9,1.28,Adventure,Cardboard Computer,Cardboard Computer,2013.0,1.12,1.52,1.62,1.25,1.12,82.0,7.5
kentucky route zero - act iii,PC,3.9,1.8,2.22,Adventure,Cardboard Computer,Cardboard Computer,2014.0,1.88,2.55,2.55,2.17,1.88,91.0,6.6
kero blaster,PS4,3.93,4.25,6.31,"Action, Platform",Studio Pixel,Unknown,2014.0,3.3,6.33,14.28,4.67,3.3,82.0,7.2
kersploosh!,3DS,3.27,3.76,2.69,"Arcade, Top-Down",Poisoft,Nintendo,2013.0,0.77,3.62,20.95,1.42,0.77,62.0,7.0
kessen,PS2,3.5,3.2,35.31,Real-Time Tactics,Koei,Unknown,2000.0,10.53,16.43,20.95,12.9,10.53,75.0,8.7
kessen ii,PS2,3.6,3.18,34.72,Real-Time Tactics,Koei,Koei,2001.0,18.75,18.95,32.77,22.82,18.75,71.0,8.6
kessen iii,PS2,3.99,3.34,56.86,Real-Time Tactics,Koei,Koei,2005.0,29.42,30.67,20.95,30.17,29.42,73.0,8.5
ketzal's corridors,3DS,3.66,3.77,9.87,Puzzle,Keys Factory,Nintendo,2012.0,2.93,3.43,4.18,3.18,2.93,76.0,7.6
kholat,PC,2.86,2.96,9.71,"Adventure, First-Person",IMGN.PRO,IMGN.PRO,2015.0,4.28,5.57,7.75,5.55,4.28,60.666666666666664,6.1
kick & fennick,VITA,3.0,3.55,5.6,"Platform, Scrolling, Third-Person",Unknown,Unknown,2015.0,5.77,6.57,7.43,6.07,5.77,65.0,7.3
kickbeat,VITA,2.63,3.38,11.27,Music/Rhythm,Zen Studios,Zen Studios,2013.0,2.65,4.83,10.5,3.68,2.65,67.0,7.3
kid icarus: uprising,3DS,4.28,3.39,37.24,Unknown,Project Sora,Nintendo,2012.0,12.1,30.83,98.22,22.47,12.1,83.0,8.7
kill it with fire,PC,3.27,2.71,7.2,"Action, First-Person",Casey Donnellan Games,tinyBuild,2020.0,2.93,5.18,7.48,5.57,2.93,68.0,6.5
killer is dead,X360,3.57,3.05,14.59,"Action, Hack And Slash",Grasshopper Manufacture,Unknown,2013.0,7.35,10.72,26.58,9.97,7.35,64.0,7.55
killer queen black,NS,3.39,3.27,16.04,Action,Unknown,Liquid Bit,2019.0,8.2,13.42,20.95,11.25,8.2,83.0,8.1
killer7,PS2,3.74,3.41,22.02,"Action, Adventure",Grasshopper Manufacture,Capcom,2005.0,13.97,16.05,23.13,14.95,13.97,72.0,8.65
killing floor 2,PS4,3.64,3.33,55.31,"First-Person, Shooter",Tripwire Interactive,Tripwire Interactive,2015.0,17.57,108.4,119.13,79.8,17.57,76.33333333333333,6.633333333333333
killzone,PS2,3.63,3.21,19.5,"First-Person, Shooter",Guerrilla Games,Unknown,2004.0,9.55,15.78,20.07,11.18,9.55,70.0,7.4
killzone 2,PS3,4.04,3.35,18.91,"First-Person, Shooter",Guerrilla Games,Sony Computer Entertainment,2009.0,7.65,11.08,19.3,8.53,7.65,91.0,8.1
killzone 3,PS3,3.86,3.12,17.96,"First-Person, Shooter",Guerrilla Games,Sony Computer Entertainment,2011.0,6.87,11.53,18.53,8.17,6.87,84.0,8.0
killzone: liberation,PSP,3.66,3.49,16.4,"Shooter, Top-Down",Guerrilla Games,Sony Computer Entertainment,2006.0,7.65,9.45,46.85,11.97,7.65,77.0,7.9
killzone: mercenary,VITA,4.04,3.1,22.11,"First-Person, Shooter",Guerrilla Cambridge,Sony Computer Entertainment,2013.0,4.78,8.08,33.05,6.73,4.78,78.0,8.8
killzone: shadow fall,PS4,3.35,3.16,17.61,"First-Person, Shooter",Guerrilla Games,Sony Computer Entertainment,2013.0,9.82,15.62,90.73,12.73,9.82,73.0,6.9
kinect party,X360,2.83,2.07,16,Party,Double Fine Productions,Microsoft Studios,2012.0,8.2,13.42,8.0,8.0,8.2,81.0,6.9
kinect sports,X360,3.47,2.59,16.75,Sports,Rare,Microsoft Game Studios,2010.0,5.88,14.17,16.5,10.77,5.88,73.0,7.7
kinect sports rivals,XONE,3.18,2.48,19.5,"Party, Sports",Rare,Microsoft Studios,2014.0,0.97,13.42,14.37,5.43,0.97,60.0,5.0
kinect sports: season two,X360,3.52,2.64,14.6,Sports,Unknown,Microsoft Studios,2011.0,4.55,14.92,20.95,9.73,4.55,66.0,6.9
kinect star wars,X360,2.4,2.43,19.63,Action,Terminal Reality,LucasArts,2012.0,4.87,5.52,8.17,5.57,4.87,55.0,3.8
kinectimals,X360,3.39,2.21,16.17,Digital Pet,Frontier Developments,Microsoft Game Studios,2010.0,6.25,25.0,16.87,15.0,6.25,74.0,3.6
king arthur,XBOX,2.75,2.91,15.43,Beat Em Up,Krome Studios,Konami,2004.0,7.58,13.42,20.95,7.58,7.58,60.0,8.3
king arthur: knight's tale,PC,3.83,3.33,70,"Strategy/Tactical, Turn-Based",NeocoreGames,NeocoreGames,2021.0,35.55,53.63,83.42,53.18,35.55,76.0,7.9
king's bounty ii,PC,2.75,3.0,41.43,"Role-Playing, Turn-Based",1C Entertainment,1C Entertainment,2020.0,29.93,38.55,57.42,45.07,29.93,64.0,4.95
king's bounty: armored princess,PC,3.9,3.35,46.91,Tactical Role-Playing,Katauri Interactive,1C Company,2009.0,28.8,43.95,74.68,46.05,28.8,82.0,8.6
king's bounty: crossworlds,PC,3.51,3.29,44.71,Tactical Role-Playing,Katauri Interactive,1C Company,2010.0,24.55,65.37,75.88,60.23,24.55,78.0,8.4
king's bounty: dark side,PC,3.53,3.29,46.57,Turn-Based,1C-SoftClub,1C Company,2014.0,38.38,58.78,107.47,69.15,38.38,73.0,6.4
king's bounty: the legend,PC,3.93,3.37,53.59,"Role-Playing, Tactical",Katauri Interactive,Unknown,2008.0,37.27,64.55,80.95,64.03,37.27,79.0,8.7
king's bounty: warriors of the north,PC,3.6,3.3,60.88,"Adventure, Role-Playing",1C-SoftClub,1C Company,2012.0,50.07,84.8,87.05,77.72,50.07,74.0,6.9
king's field: the ancient city,PS2,3.69,3.61,37,"First-Person, Role-Playing",From Software,Unknown,2002.0,25.78,27.87,30.62,26.97,25.78,60.0,8.5
kingdom come: deliverance,XONE,3.61,3.91,73.6,"Adventure, First-Person, Open World, Role-Playing, Third-Person",Warhorse Studios,Unknown,2018.0,42.67,83.9,139.47,84.82,42.67,71.0,7.6000000000000005
kingdom hearts 358/2 days,DS,4.0,3.15,38.88,"Action, Role-Playing",Unknown,Unknown,2009.0,26.75,34.92,55.83,33.13,26.75,75.0,8.3
kingdom hearts 3d: dream drop distance,3DS,4.13,3.19,38.68,"Action, Role-Playing",Square Enix 1st Production Department,Square Enix,2012.0,23.18,36.22,59.83,30.58,23.18,75.0,8.2
kingdom hearts hd 1.5 remix,PS3,4.39,3.18,63.82,"Action, Role-Playing",Square Enix 1st Production Department,Square Enix,2013.0,27.65,42.17,80.93,40.18,27.65,77.0,8.7
kingdom hearts hd 2.5 remix,PS3,4.52,3.18,80.00+,"Action, Adventure, Compilation, Hack And Slash, Role-Playing, Third-Person",Square Enix,Square Enix,2014.0,36.47,53.98,91.98,52.33,36.47,81.0,8.8
kingdom hearts hd 2.8 final chapter prologue,XONE,3.88,3.14,27,"Action, Platform, Real-Time, Role-Playing, Third-Person",Square Enix,Square Enix,2017.0,18.83,34.32,68.4,31.03,18.83,76.0,8.2
kingdom hearts ii,PS2,4.43,2.96,53.63,"Action, Role-Playing",Square Enix Product Development Division-1,Square Enix,2006.0,32.0,43.63,68.67,42.78,32.0,87.0,9.0
kingdom hearts iii,PS4,3.93,2.59,49.96,"Action, Role-Playing, Third-Person",Square Enix 1st Production Department,Square Enix,2019.0,29.07,41.15,66.08,40.68,29.07,81.5,8.1
kingdom hearts re:coded,DS,3.7,3.07,32.4,Puzzle,h.a.n.d.,Square Enix,2011.0,16.05,26.33,69.87,23.12,16.05,66.0,8.2
kingdom hearts: birth by sleep,PSP,4.33,3.18,48.09,"Action, Role-Playing",Square Enix Product Development Division-5,Square Enix,2010.0,28.27,43.08,76.7,39.57,28.27,82.0,8.4
kingdom hearts: chain of memories,GBA,3.7,3.38,34.83,"Action, Card Game, Role-Playing",Unknown,Unknown,2004.0,18.22,28.23,39.08,25.02,18.22,76.0,8.6
kingdom hearts: melody of memory,PS4,3.86,3.37,27.94,"Action, Music/Rhythm",Unknown,Square Enix,2020.0,9.62,17.67,56.23,19.47,9.62,76.5,7.699999999999999
kingdom of paradise,PSP,3.59,3.17,28.66,"Action, Role-Playing",Climax Entertainment,Sony Computer Entertainment,2005.0,19.5,21.73,23.0,20.77,19.5,72.0,7.5
kingdom under fire: circle of doom,X360,3.17,3.25,45.49,Action Rpg,Blueside,Microsoft Game Studios,2008.0,9.68,48.12,180.85,90.6,9.68,55.0,5.7
kingdom under fire: heroes,XBOX,3.97,3.85,50.53,"Hack And Slash, Real-Time Tactics",Unknown,Unknown,2005.0,20.0,21.0,20.95,20.5,20.0,78.0,7.6
kingdom under fire: the crusaders,XBOX,4.05,3.85,35.79,"Action, Role-Playing, Strategy/Tactical",Phantagram,Unknown,2004.0,10.73,22.57,24.0,17.47,10.73,81.0,8.4
kingdoms and castles,PC,3.52,2.89,29.25,"Simulation, Strategy",Lion Shield,Lion Shield,2017.0,10.05,16.12,18.17,15.43,10.05,71.0,7.3
kingdoms of amalur: re-reckoning,XONE,3.66,2.68,59.64,"Action, Adventure, Open World, Role-Playing",Kaiko,THQ Nordic,2020.0,23.37,57.43,104.3,63.85,23.37,71.5,7.15
kingdoms of amalur: reckoning,PC,3.81,2.7,60.09,"Action, Role-Playing",Unknown,Unknown,2012.0,33.72,59.83,109.08,64.38,33.72,80.66666666666667,7.3999999999999995
kirby & the amazing mirror,GBA,4.01,2.92,21.19,Platform,Unknown,Nintendo,2004.0,6.78,7.77,12.0,8.12,6.78,80.0,8.7
kirby 64: the crystal shards,N64,3.95,2.6,17.63,"Adventure, Third-Person",HAL Laboratory,Nintendo,2000.0,3.8,4.92,7.37,5.27,3.8,77.0,8.2
kirby air ride,GC,3.98,2.81,38.04,"Driving, Racing",Unknown,Nintendo,2003.0,2.43,20.92,136.7,22.15,2.43,61.0,8.2
kirby and the forgotten land,NS,4.22,2.8,21.95,"Action, Platform",HAL Laboratory,Nintendo,2022.0,10.62,15.83,26.73,17.02,10.62,85.0,8.8
kirby and the rainbow curse,WIIU,3.61,2.9,14.52,Platform,HAL Laboratory,Nintendo,2015.0,5.5,8.27,17.42,7.67,5.5,73.0,8.0
kirby battle royale,3DS,3.63,2.7,24.4,Party,HAL Laboratory,Nintendo,2018.0,5.43,10.77,31.2,9.25,5.43,57.0,7.0
kirby fighters 2,NS,3.65,3.69,16.12,"Adventure, Fighting",HAL Laboratory,Nintendo,2020.0,3.97,7.7,90.0,10.12,3.97,65.0,7.9
kirby fighters deluxe,3DS,3.7,3.05,11.42,Fighting,Nintendo,Nintendo,2014.0,0.52,1.55,2.6,1.05,0.52,66.0,6.1
kirby mass attack,DS,3.85,3.04,22.94,"Scrolling, Side, Strategy",HAL Laboratory,Nintendo,2011.0,10.45,13.12,22.63,13.18,10.45,83.0,8.0
kirby star allies,NS,3.84,2.1,19.04,"Action, Platform, Side",HAL Laboratory,Nintendo,2018.0,5.88,8.75,18.1,9.07,5.88,73.0,7.5
kirby super star ultra,DS,4.29,2.86,23.65,"Action, Platform",HAL Laboratory,Nintendo,2008.0,5.08,9.07,14.18,8.72,5.08,76.0,8.8
kirby's blowout blast,3DS,3.6,2.76,7.88,Action,Nintendo,Nintendo,2017.0,1.58,3.55,7.68,3.22,1.58,69.0,7.0
kirby's dream buffet,NS,3.71,2.89,26.33,"Party, Platform, Real-Time, Third-Person",HAL Laboratory,Nintendo,2022.0,2.7,7.75,29.65,11.12,2.7,66.0,7.1
kirby's epic yarn,WII,3.98,2.1,19.04,Platform,Unknown,Nintendo,2010.0,6.45,10.75,18.22,10.42,6.45,86.0,8.5
kirby's extra epic yarn,3DS,3.83,2.8,28.16,"Action, Adventure, Side",Unknown,Nintendo,2019.0,5.85,9.7,28.53,9.45,5.85,79.0,6.7
kirby's return to dream land,WII,4.22,2.74,22.59,"Platform, Side",HAL Laboratory,Nintendo,2011.0,6.78,9.23,13.9,8.97,6.78,77.0,8.7
kirby: canvas curse,DS,3.76,3.02,17.35,Platform,HAL Laboratory,Nintendo,2005.0,4.28,8.62,18.07,6.28,4.28,86.0,7.8
kirby: nightmare in dream land,GBA,4.0,2.65,15.53,Platform,HAL Laboratory,Nintendo,2002.0,2.73,4.12,7.13,3.57,2.73,81.0,8.6
kirby: planet robobot,3DS,4.22,2.75,21.25,"Action, Adventure, Platform, Scrolling, Third-Person",HAL Laboratory,Nintendo,2016.0,7.2,11.6,22.12,10.78,7.2,81.0,8.6
kirby: squeak squad,DS,3.84,2.36,15.23,"Action, Platform, Scrolling, Side",Unknown,Unknown,2006.0,4.0,5.38,7.77,5.88,4.0,71.0,7.9
kirby: triple deluxe,3DS,4.11,2.67,19.36,"Action, Platform, Scrolling, Side",HAL Laboratory,Nintendo,2014.0,7.65,11.73,25.15,11.68,7.65,80.0,8.6
kitaria fables,PS4,3.46,2.5,21,"Action, Real-Time, Role-Playing",Twin Hearts,PQube Limited,2021.0,16.8,23.27,28.47,24.82,16.8,69.0,6.900000000000001
kitty powers' matchmaker,PC,4.13,3.44,56,Simulation,Magic Notion,Mastertronic,2015.0,8.57,16.85,58.35,29.68,8.57,72.0,6.3
klonoa,WII,4.03,2.7,11.17,Platform,Paon,Namco Bandai Games,2009.0,4.88,5.35,6.75,5.3,4.88,77.0,8.2
klonoa 2: dream champ tournament,GBA,3.84,3.17,15.29,Platform,Unknown,Namco,2005.0,7.95,9.3,11.38,8.92,7.95,78.0,8.6
klonoa 2: lunatea's veil,PS2,4.19,2.87,18.49,Platform,Klonoa Works,Namco,2001.0,6.4,7.6,6.45,6.8,6.4,91.0,8.6
klonoa phantasy reverie series,PS5,3.69,2.92,24.8,Compilation,Bandai Namco Games,Bandai Namco Games,2022.0,9.02,11.12,14.47,11.15,9.02,77.75,8.025
knack,PS4,3.21,3.05,18.67,"Action, Adventure, Platform",SCE Japan Studio,Sony Computer Entertainment,2013.0,10.55,12.6,39.27,12.88,10.55,54.0,6.5
knight squad,XONE,3.08,3.33,10.28,Unknown,Chainsawesome Games,Chainsawesome Games,2014.0,0.77,3.95,5.63,3.9,0.77,71.0,6.8
knights and bikes,PC,3.5,2.25,9.71,"Action, Adventure",Foam Sword,Double Fine Presents,2019.0,8.18,9.87,13.25,9.25,8.18,79.0,5.3
knights contract,X360,3.23,3.44,23.27,"Action, Adventure",Game Republic,Namco Bandai Games,2011.0,11.63,12.17,45.0,13.97,11.63,50.0,6.3
knights in the nightmare,PSP,3.66,3.75,37.15,"Real-Time, Role-Playing, Strategy",Unknown,Sting Entertainment,2009.0,26.65,26.9,20.95,26.72,26.65,75.5,7.3
knights of honor,PC,4.07,3.0,57.14,"Real-Time, Strategy/Tactical",Black Sea Studios,Unknown,2005.0,38.42,50.17,81.87,62.1,38.42,77.0,8.8
knights of the temple ii,PS2,2.87,3.0,9.6,"Action, Adventure, Hack And Slash",Cauldron,Unknown,2005.0,10.0,9.0,13.0,11.25,10.0,53.0,7.6
knockout kings 2001,PS2,3.08,3.0,22.4,"Fighting, Sports",Black Ops Entertainment,EA Sports,2000.0,10.0,13.42,20.95,10.0,10.0,82.5,7.4
knockout kings 2003,GC,3.79,3.6,14.29,Sports,EA Sports,Unknown,2002.0,2.73,13.42,20.95,2.73,2.73,78.0,7.0
knowledge is power,PS4,3.13,2.19,10.27,Unknown,Unknown,Sony Interactive Entertainment,2017.0,1.8,10.5,31.45,10.32,1.8,71.0,7.2
knytt underground,VITA,3.19,3.25,35.14,Platform,Ripstone,Unknown,2012.0,9.58,17.2,25.15,17.65,9.58,76.0,7.6
kohan: immortal sovereigns,PC,4.28,3.38,57,"Real-Time, Strategy/Tactical",TimeGate Studios,Strategy First,2001.0,18.25,28.95,20.95,22.52,18.25,87.0,8.4
koi,PS4,3.14,1.7,4.19,"Adventure, Real-Time, Top-Down",Dotoyou Technology,Unknown,2016.0,1.38,1.78,2.05,1.53,1.38,51.0,5.7
koihime enbu,PC,3.71,3.4,9.82,Action,Unknown,Degica,2016.0,1.78,7.78,8.67,4.48,1.78,68.0,6.599999999999999
kokuga,3DS,3.9,3.95,12.75,"Action, Adventure",G. rev,G. rev,2013.0,1.98,10.75,20.95,6.37,1.98,77.0,7.6
kona,PC,3.12,2.56,7.84,Adventure,Parabole,Parabole,2017.0,5.37,7.7,9.85,7.0,5.37,72.0,7.1
konami krazy racers,GBA,3.78,2.89,20.11,"Driving, Racing",KCEK,Konami,2001.0,1.48,1.8,20.95,1.55,1.48,78.0,8.2
krater,PC,3.2,3.22,27.43,"Action, Adventure",Fatshark AB,Fatshark AB,2012.0,17.4,27.83,46.78,29.53,17.4,52.0,7.1
krissx,X360,3.47,2.22,5,Puzzle,Blitz,Blitz,2010.0,6.0,13.42,7.07,6.93,6.0,59.0,7.333333333333333
kunai,PC,2.94,3.29,10.29,"Action, Adventure",TurtleBlaze,Unknown,2020.0,7.45,8.27,9.25,8.13,7.45,75.5,8.05
kung fu chaos,XBOX,3.65,2.67,14.9,Fighting,Just Add Monsters,Microsoft Game Studios,2003.0,5.83,13.42,7.82,6.82,5.83,68.0,8.5
kung fu panda,WII,3.38,2.32,14.67,"Action, Adventure",Unknown,Activision,2008.0,5.12,7.37,12.47,7.47,5.12,73.0,7.25
kung fu panda: legendary warriors,DS,3.07,2.37,22.08,"Action, Adventure",Artificial Mind and Movement,Activision,2008.0,3.25,13.42,20.95,3.25,3.25,73.0,5.8
kung fu rabbit,PS3,2.93,2.17,5.95,Action,cTools Studio,Bulkypix,2012.0,3.08,4.45,9.15,6.0,3.08,65.0,5.6
kuon,PS2,3.78,3.09,16.79,Survival Horror,From Software,Unknown,2004.0,8.45,10.13,9.92,9.27,8.45,57.0,7.9
kya: dark lineage,PS2,3.69,3.03,28.44,"Action, Adventure, Platform",Eden Games,Atari,2003.0,13.28,13.77,16.87,14.63,13.28,69.0,8.5
l.a. noire,NS,3.76,2.99,38.09,"Action, Adventure",Unknown,Rockstar Games,2011.0,22.25,29.8,44.08,29.35,22.25,82.0,7.88
l.a. noire: the complete edition,PC,3.88,2.92,35.14,"Action, Adventure, Shooter, Third-Person",Team Bondi,Rockstar Games,2011.0,25.03,31.18,46.4,32.18,25.03,83.0,8.0
la pucelle: tactics,PS2,3.82,3.26,64.64,"Role-Playing, Tactical",Nippon Ichi Software,Unknown,2004.0,33.85,49.68,20.95,38.25,33.85,79.0,8.7
la-mulana ex,VITA,3.67,3.97,40.71,Platform,Pygmy Studios,Rising Star Games,2015.0,31.42,28.85,60.0,34.47,31.42,77.0,7.8
labyrinth legends,PS3,2.66,3.14,4.73,"Puzzle, Role-Playing",Unknown,Creat Studios,2012.0,8.2,13.42,7.0,7.0,8.2,68.0,7.1
labyrinth of refrain: coven of dusk,PC,3.83,3.96,69.38,"Role-Playing, Strategy/Tactical",Nippon Ichi Software,NIS America,2018.0,57.82,75.57,107.85,79.08,57.82,75.0,7.550000000000001
lady sia,GBA,3.2,3.05,12.91,Platformer,RFX Interactive,TDK Mediactive,2001.0,4.8,7.63,20.95,5.43,4.8,73.0,7.7
ladykiller in a bind,PC,3.3,2.5,27.2,Visual Novel,Unknown,Unknown,2016.0,6.42,9.08,13.52,8.83,6.42,73.0,7.3
lamplight city,PC,3.5,3.0,15,"Adventure, Point-And-Click",Grundislav Games,Application Systems Heidelberg,2018.0,10.7,13.15,14.63,12.32,10.7,72.0,7.6
land of the dead: road to fiddler's green,XBOX,3.08,3.07,10.67,First-Person Shooter,Brainbox Games,Groove Games,2005.0,4.73,4.38,4.67,4.7,4.73,32.0,6.5
langrisser i & ii,PC,3.57,2.75,44.2,Role-Playing,Chara-ani Corporation,NIS America,2020.0,19.85,30.85,76.75,25.6,19.85,76.0,7.4
lara croft and the guardian of light,PC,3.58,2.97,13.79,"Action, Isometric, Platform, Puzzle, Top-Down",Crystal Dynamics,Eidos Interactive,2010.0,6.65,8.3,17.02,8.68,6.65,83.66666666666667,7.966666666666667
lara croft and the temple of osiris,PC,3.02,2.64,12.76,"Action, Platform, Puzzle",Crystal Dynamics,Square Enix,2014.0,5.35,7.35,14.05,6.95,5.35,73.0,6.133333333333333
lara croft go,PC,3.55,2.97,8.34,"Adventure, Puzzle, Top-Down, Turn-Based",Square Enix Montreal,Square Enix,2015.0,3.77,5.22,7.32,5.88,3.77,84.0,6.0
last day of june,PC,3.65,2.2,4.54,Adventure,Ovosonico,505 Games,2017.0,3.22,3.58,4.07,3.62,3.22,75.5,7.349999999999999
last rebellion,PS3,2.62,2.16,21.05,"Action, Role-Playing",Unknown,Unknown,2010.0,11.25,12.58,13.25,12.7,11.25,44.0,4.7
last stop,XBSX,3.0,1.63,12,"Adventure, Third-Person",Variable State,Annapurna Interactive,2021.0,6.07,6.65,7.53,6.58,6.07,67.75,6.475
late shift,PC,3.46,1.55,3.28,"Adventure, Full Motion Video (Fmv)",CtrlMovie,Wales Interactive,2017.0,1.38,3.13,5.58,2.75,1.38,68.0,6.833333333333333
law & order: legacies,PC,3.75,3.0,14.5,"Adventure, Point-And-Click",Telltale Games,Telltale Games,2011.0,7.13,9.97,8.25,8.62,7.13,53.0,6.9
lawbreakers,PC,3.12,3.77,20.4,"First-Person, Shooter",Boss Key Productions,Nexon America,2016.0,8.2,13.42,20.95,11.25,8.2,76.0,6.15
lawn mowing simulator,PC,3.39,1.8,44.2,"Management, Simulation",Skyhook Games,Curve Digital,2021.0,16.88,30.13,75.15,44.05,16.88,70.5,4.9
layers of fear 2,PC,2.86,2.0,7.11,"Adventure, Horror",Bloober Team,Gun Media,2019.0,5.02,6.1,11.35,5.88,5.02,68.25,6.15
lazy raiders,X360,3.7,3.56,7.33,"Action, Puzzle",Sarbakan,Microsoft Game Studios,2010.0,8.2,9.0,20.95,9.0,8.2,80.0,7.6
le tour de france 2013 - 100th edition,PS3,0.71,3.5,11.2,Sports,Cyanide,Focus Home Interactive,2013.0,8.2,13.42,12.0,12.0,8.2,49.5,5.6
lead and gold: gangs of the wild west,PC,3.1,3.0,27.8,"Shooter, Third-Person",Fatshark,Paradox Interactive,2010.0,8.2,13.42,20.95,11.25,8.2,69.0,8.1
league of evil,AND,4.0,3.88,6.4,Action,Noodlecake Studios,Ratalaika Games,2013.0,1.72,4.17,6.87,4.25,1.72,64.0,6.1
league of legends,MAC,2.79,3.78,60.85,"Action, Battle Arena",Riot Games,Riot Games,2009.0,1182.48,1932.17,3746.9,2204.1,1182.48,78.0,5.0
left 4 dead,MAC,3.96,3.3,33.33,"Action, First-Person, Horror, Shooter",Unknown,Valve Corporation,2008.0,6.95,21.83,58.77,14.4,6.95,89.0,8.450000000000001
legacy of kain: defiance,PC,3.83,2.95,17.65,Survival,Crystal Dynamics,Eidos Interactive,2003.0,12.07,14.67,17.57,14.3,12.07,73.0,8.466666666666667
legacy of kain: soul reaver,PS,3.99,3.25,22.93,"Action, Adventure",Crystal Dynamics,Eidos Interactive,1999.0,11.68,12.82,13.68,12.5,11.68,91.0,9.0
legacy of kain: soul reaver 2,PC,3.89,3.1,19.09,"Action, Adventure, Open World",Crystal Dynamics,Eidos Interactive,2001.0,9.65,12.97,13.32,11.22,9.65,77.0,8.8
legacy of ys: books i & ii,DS,3.58,3.03,20.03,Role-Playing,Dreams,Hudson Soft,2009.0,14.03,15.38,13.63,14.68,14.03,67.0,5.8
legaia 2: duel saga,PS2,3.78,3.02,53.71,Role-Playing,Prokion,Unknown,2002.0,37.02,45.92,96.0,43.55,37.02,67.0,8.2
legasista,PS3,3.68,3.34,34.69,"Action, Role-Playing",System Prisma,Nippon Ichi,2012.0,12.0,23.03,150.0,61.67,12.0,68.0,6.7
legend of grimrock ii,PC,4.13,3.54,30.95,"Adventure, First-Person, Real-Time, Role-Playing",Almost Human Games,Almost Human Games,2014.0,22.85,32.08,41.97,31.87,22.85,85.0,8.0
legend of kay anniversary,PC,3.18,3.6,30,"Action, Adventure",Neon Studios,Nordic Games,2015.0,13.2,12.95,15.78,13.43,13.2,61.75,6.25
legend of the guardians: the owls of ga'hoole,X360,2.52,2.22,6.81,Unknown,Unknown,Warner Bros. Interactive Entertainment,2010.0,6.92,6.85,16.1,8.93,6.92,61.0,7.45
legendary,PC,2.42,2.81,11.85,"First-Person, Shooter",Spark Unlimited,Unknown,2008.0,5.3,6.78,6.8,5.8,5.3,49.0,6.866666666666667
legends of eisenwald,PC,3.6,3.79,30.63,"Role-Playing, Strategy",Aterdux Entertainment,Aterdux Entertainment,2015.0,23.65,40.75,80.0,46.28,23.65,71.0,7.7
legends of runeterra,AND,4.0,3.3,67.11,"Card Game, Turn-Based",Riot Games,Riot Games,2020.0,38.37,100.75,670.0,164.52,38.37,87.0,6.7
legends of wrestling,GC,2.82,2.7,6,Fighting,Acclaim Entertainment,Acclaim Entertainment,2001.0,7.05,17.33,20.95,12.18,7.05,56.666666666666664,7.033333333333333
legends of wrestling ii,GBA,1.38,2.8,18.71,Fighting,Acclaim Studios Salt Lake City,Acclaim Entertainment,2002.0,9.0,13.42,20.95,9.0,9.0,51.0,4.9
lego batman 2: dc super heroes,VITA,3.36,2.14,19.88,"Action, Adventure",Traveller's Tales,Warner Bros. Interactive Entertainment,2012.0,9.23,16.23,24.87,17.08,9.23,74.75,7.05
lego batman 3: beyond gotham,VITA,3.68,2.06,33.12,"Action, Adventure",Traveller's Tales,Warner Bros. Interactive Entertainment,2014.0,10.43,20.53,38.37,25.9,10.43,73.5,7.050000000000001
lego batman: the videogame,BB,3.29,2.0,36.33,"Action, Adventure, Third-Person",Traveller,Unknown,2008.0,10.0,16.78,30.67,19.68,10.0,75.66666666666667,7.566666666666666
lego battles,DS,3.65,2.86,34.58,Unknown,Hellbent Games,Unknown,2009.0,15.77,49.97,68.05,45.0,15.77,65.0,8.6
lego battles: ninjago,DS,3.26,2.87,36.71,"Real-Time, Strategy",Unknown,Unknown,2011.0,12.53,15.27,21.65,16.17,12.53,59.0,8.4
lego builder's journey,PC,3.18,2.18,2.85,Puzzle,Light Brick Studio,LEGO,2021.0,2.45,2.52,2.52,2.48,2.45,77.5,7.1
lego city undercover,PS4,3.9,2.2,37.38,"Action, Adventure, Open World, Third-Person",TT Fusion,Nintendo,2013.0,15.8,26.05,50.5,30.33,15.8,78.0,7.625
lego city undercover: the chase begins,3DS,3.77,2.42,20.02,"Action, Adventure",TT Fusion,Nintendo,2013.0,8.3,13.08,34.93,16.12,8.3,62.0,6.7
lego dc super-villains,PC,3.61,2.1,26.5,"Action, Adventure, Third-Person",TT Games,Warner Bros. Interactive Entertainment,2018.0,10.63,20.52,42.75,26.58,10.63,73.66666666666667,6.8
lego dimensions,X360,3.7,2.68,59.55,"Action, Adventure, Multidirectional, Third-Person",Traveller's Tales,Warner Bros. Interactive Entertainment,2015.0,14.8,39.47,66.13,33.4,14.8,80.0,7.1
lego harry potter collection,XONE,3.96,2.48,39,Compilation,Unknown,Warner Bros. Games,2016.0,27.8,33.07,55.33,42.88,27.8,73.0,7.766666666666666
lego harry potter: years 1-4,PSP,3.64,2.13,28.96,"Action, Adventure",Unknown,Unknown,2010.0,12.15,17.67,28.17,20.8,12.15,77.6,7.74
lego harry potter: years 5-7,PSP,3.59,2.34,40.07,"Action, Adventure",Traveller's Tales,Warner Bros. Interactive Entertainment,2011.0,10.98,16.57,25.22,19.2,10.98,72.8,7.44
lego indiana jones 2: the adventure continues,PSP,3.41,2.56,38.58,"Action, Adventure",Unknown,Unknown,2009.0,9.93,15.93,21.33,16.67,9.93,69.75,7.2
lego indiana jones: the original adventures,DS,3.68,2.38,23.25,"Action, Adventure",Traveller,LucasArts,2008.0,9.27,14.25,19.97,15.23,9.27,77.66666666666667,7.766666666666667
lego jurassic world,PC,3.85,2.17,31.29,"Action, Adventure",Traveller's Tales,Warner Bros. Interactive Entertainment,2015.0,10.45,18.28,30.88,22.37,10.45,70.75,7.225
lego marvel super heroes,NS,3.75,2.45,22,"Action, Adventure",TT Games,Warner Bros. Interactive Entertainment,2013.0,12.58,26.15,40.85,28.57,12.58,80.66666666666667,7.92
lego marvel super heroes 2,NS,3.72,2.53,43.21,"Action, Adventure",TT Games,Warner Bros. Interactive,2017.0,13.18,28.63,61.8,36.5,13.18,74.33333333333333,7.066666666666666
lego marvel's avengers,PC,3.8,2.0,35.1,"Action, Adventure",Unknown,Warner Bros. Interactive Entertainment,2016.0,8.67,20.57,38.1,26.03,8.67,71.0,6.6
lego pirates of the caribbean: the video game,3DS,3.67,2.07,26.42,"Action, Adventure",Traveller's Tales,Disney Interactive Studios,2011.0,8.72,14.95,23.72,16.98,8.72,72.6,7.26
lego rock band,WII,3.68,2.7,13.44,Unknown,Unknown,Unknown,2009.0,8.72,25.07,48.05,20.42,8.72,74.0,7.425000000000001
lego star wars ii: the original trilogy,GBA,3.41,2.67,16.78,"Action, Adventure, Platform",Unknown,Unknown,2006.0,10.7,19.75,29.62,19.07,10.7,83.5,8.274999999999999
lego star wars iii: the clone wars,3DS,3.52,2.12,21.71,"Action, Adventure",Traveller's Tales,Unknown,2011.0,9.27,14.97,30.57,19.5,9.27,72.66666666666667,7.449999999999999
lego star wars: the complete saga,DS,3.75,2.53,28.71,"Action, Adventure, Platform, Top-Down",Traveller's Tales,LucasArts,2007.0,13.47,24.73,41.08,26.8,13.47,80.0,7.6499999999999995
lego star wars: the force awakens,3DS,3.77,2.53,25.78,"Action, Adventure",Unknown,Warner Bros. Interactive Entertainment,2016.0,9.43,18.55,31.77,21.4,9.43,75.33333333333333,7.2
lego star wars: the skywalker saga,PC,3.85,2.24,48,"Action, Adventure, Third-Person",TT Games,Warner Bros. Interactive Entertainment,2022.0,19.2,36.88,92.1,50.73,19.2,81.0,7.6499999999999995
lego the hobbit,PC,3.63,2.06,34.07,"Action, Adventure, Puzzle, Third-Person",Traveller's Tales,Unknown,2014.0,8.97,17.5,38.02,22.55,8.97,70.5,6.8
lego the incredibles,NS,3.87,2.35,42.24,"Action, Adventure",TT Games,Warner Bros. Interactive Entertainment,2018.0,7.12,12.87,20.35,15.43,7.12,69.33333333333333,6.566666666666666
lego worlds,NS,3.34,1.96,48.06,"Open World, Sandbox",Unknown,Warner Bros. Interactive Entertainment,2015.0,11.85,31.32,35.33,26.38,11.85,66.25,6.7
leisure suit larry: magna cum laude,XBOX,2.54,2.45,14.91,"Adventure, Third-Person",High Voltage Software,Sierra Entertainment,2004.0,9.18,11.38,11.85,10.65,9.18,60.333333333333336,6.133333333333333
lemony snicket's a series of unfortunate events,GBA,2.81,3.21,12.82,Platform,Unknown,Activision,2004.0,4.98,4.87,4.87,4.93,4.98,67.25,6.875
leo's fortune,IOS,3.75,2.7,6.11,Adventure,1337 & Senri,Tilting Point,2014.0,2.83,3.68,5.35,3.27,2.83,72.0,6.400000000000001
let it die,PC,3.53,4.07,63.4,Hack And Slash,Grasshopper Manufacture,GungHo Online Entertainment,2016.0,75.75,259.48,720.22,238.8,75.75,72.0,7.1
let's golf 3d,3DS,3.55,2.72,20,"Sports, Third-Person",Gameloft,Gameloft,2011.0,18.17,13.42,20.95,18.17,18.17,62.0,6.5
lethal league,PC,3.63,3.1,24.43,"Action, Fighting, Real-Time, Sports",Team Reptile,Team Reptile,2014.0,6.9,18.78,27.5,11.75,6.9,82.0,7.6
lethal skies ii,PS2,3.71,3.64,25,Flight,Asmik Ace Entertainment,Sammy Studios,2003.0,3.75,13.42,20.95,3.75,3.75,73.0,7.3
leviathan: warships,PC,3.36,3.36,26.67,"Action, Strategy",Pieces Interactive,Paradox Interactive,2013.0,4.4,7.0,20.0,7.0,4.4,70.0,6.5
liberation maiden,3DS,3.74,3.05,5.14,Shooter,Unknown,Level-5,2012.0,1.6,3.02,6.85,2.03,1.6,69.0,7.7
lichtspeer,PC,3.56,4.0,3.75,"Action, Adventure",Lichthund,Lichthund,2016.0,4.15,5.08,20.95,4.4,4.15,69.5,7.05
life goes on,PC,3.7,3.5,9.64,"Platform, Puzzle, Real-Time, Side",Infinite Monkeys Entertainment,Infinite Monkeys Entertainment,2014.0,5.28,9.77,18.08,8.4,5.28,73.0,7.3
life is strange remastered collection,PS4,4.0,2.6,17.6,"Adventure, Third-Person",Deck Nine,Square Enix,2022.0,18.87,24.95,23.6,22.7,18.87,70.0,5.4
lifeless planet,PC,3.48,1.97,9.63,"Adventure, Interactive Art, Platform, Third-Person",Stage 2 Studios,KISS,2014.0,4.82,5.65,7.43,5.45,4.82,59.0,6.4
lifesigns: surgical unit,DS,3.9,3.04,25.89,Adventure,Spike,Unknown,2007.0,16.25,17.2,24.25,19.63,16.25,61.0,8.2
light tracer,PS4,3.96,3.0,5.09,"Adventure, Puzzle",Void Dimensions,Oasis Games,2018.0,5.5,13.42,20.95,5.5,5.5,68.0,6.3
lightmatter,PC,3.89,3.0,6.4,"Adventure, First-Person, Puzzle",Tunnel Vision Games,Aspyr,2020.0,3.93,4.82,6.07,4.7,3.93,73.0,7.7
lightning returns: final fantasy xiii,PS3,3.7,3.18,57.56,"Action, Role-Playing",Unknown,Square Enix,2014.0,33.18,48.28,67.67,48.2,33.18,67.0,6.5
lilly looking through,PC,3.63,2.64,3.86,"Adventure, Point-And-Click",Geeta Games,Unknown,2013.0,2.08,2.4,2.73,2.38,2.08,71.0,6.6
line of sight: vietnam,PC,3.09,3.5,22,"Shooter, Tactical",nFusion,Unknown,2003.0,5.57,13.42,16.25,8.23,5.57,68.0,7.2
linelight,PC,4.15,3.14,7.64,"Action, Adventure, Puzzle",My Dog Zorro,My Dog Zorro,2017.0,4.25,6.48,10.72,7.08,4.25,77.0,5.5
link's crossbow training,WII,3.4,2.75,7.76,Shooter,Nintendo EAD,Nintendo,2007.0,1.33,6.3,4.67,2.87,1.33,68.0,7.1
lionheart: legacy of the crusader,PC,3.16,3.5,55,"Action, Role-Playing",Reflexive Entertainment,Black Isle Studios,2003.0,24.23,31.5,48.85,35.07,24.23,57.0,7.5
lips,X360,3.44,2.41,26.54,Music/Rhythm,iNiS,Microsoft Game Studios,2008.0,8.2,15.0,20.95,15.0,8.2,71.0,7.3
lit,WII,3.79,3.71,15.2,"Puzzle, Survival Horror",WayForward Technologies,Unknown,2009.0,2.35,5.63,2.55,2.78,2.35,74.0,7.5
little big workshop,PC,3.85,3.38,46.25,"Management, Point-And-Click",Mirage Game Studios,Unknown,2019.0,21.05,23.1,26.9,23.53,21.05,77.0,7.6
little deviants,VITA,2.85,3.0,14.26,Arcade,Bigbig Studios,Sony Computer Entertainment,2012.0,2.88,4.17,20.95,3.62,2.88,57.0,5.4
little friends: dogs & cats,NS,3.61,2.0,22.3,Simulation,Imagineer,Sold Out,2019.0,10.3,13.42,20.95,10.3,10.3,53.0,3.8
little inferno,PC,3.5,1.67,7.79,"Point-And-Click, Puzzle",Tomorrow Corporation,Tomorrow Corporation,2012.0,3.42,4.3,5.12,4.22,3.42,72.66666666666667,7.333333333333333
little nightmares,PC,3.72,2.79,6.2,"Adventure, Platform, Puzzle",Tarsier Studios,BANDAI NAMCO Entertainment,2017.0,3.63,5.32,9.33,4.58,3.63,80.66666666666667,8.1
little nightmares ii,PC,3.88,3.09,10.6,"Adventure, Horror, Puzzle",Tarsier Studios,Bandai Namco Entertainment,2021.0,5.72,6.67,9.02,6.55,5.72,81.5,8.3
little red riding hood's zombie bbq,DS,3.62,3.89,6.47,"Action, Shooter",Unknown,Unknown,2008.0,2.93,13.42,20.95,2.93,2.93,68.0,7.7
little town hero,NS,2.34,2.52,21,Role-Playing,Game Freak,Unknown,2019.0,17.12,20.22,25.42,20.42,17.12,64.0,4.7
little witch academia: chamber of time,PC,2.95,3.29,29.14,"Adventure, Role-Playing",APLUS,BANDAI NAMCO Entertainment,2018.0,16.77,39.08,63.42,32.6,16.77,58.0,6.8
littlebigplanet,PSP,3.8,2.72,18.73,"Platform, Puzzle, Sandbox",Media Molecule,Sony Computer Entertainment Europe,2008.0,8.67,18.12,41.42,14.28,8.67,91.0,7.35
littlebigplanet 2,PS3,4.18,2.8,36.28,Platform,Media Molecule,Sony Computer Entertainment Europe,2011.0,7.0,17.08,42.23,13.03,7.0,91.0,8.6
littlebigplanet 3,PS4,3.55,2.75,30.95,"Platform, Puzzle",Unknown,Sony Computer Entertainment,2014.0,5.93,11.67,27.63,9.08,5.93,79.0,7.1
littlebigplanet karting,PS3,3.43,2.86,23.7,"Driving, Racing",Unknown,Sony Computer Entertainment,2012.0,5.17,12.33,50.22,11.35,5.17,73.0,7.1
littlebigplanet ps vita,VITA,3.92,2.81,27.48,"Platform, Puzzle",Unknown,Sony Computer Entertainment,2012.0,6.78,10.83,29.58,9.08,6.78,88.0,8.5
littlewood,PC,3.9,2.13,53.33,Role-Playing,Sean Young,SmashGames,2019.0,29.95,41.65,56.83,46.32,29.95,81.0,7.9
livelock,PS4,3.64,2.4,7,"Shooter, Top-Down",Tuque Games,Perfect World Entertainment,2016.0,4.83,8.18,17.18,7.02,4.83,73.0,7.033333333333333
loadout,PC,3.19,2.98,5.1,"Battle Arena, Shooter, Third-Person",Edge of Reality,Edge of Reality,2014.0,8.2,13.42,20.95,11.25,8.2,65.5,6.6
lococycle,XONE,2.2,2.06,8.16,"Action, Arcade, Driving, Racing, Third-Person",Twisted Pixel Games,Microsoft Studios,2013.0,4.6,5.82,6.12,5.43,4.6,48.0,4.0
locoroco,PS4,3.84,2.9,14,"Platform, Puzzle",Japan Studio,Sony Computer Entertainment,2006.0,5.72,10.07,24.67,7.6,5.72,81.0,7.699999999999999
locoroco 2,PSP,4.02,2.82,20.13,"Platform, Puzzle",Japan Studio,Sony Computer Entertainment,2009.0,6.75,16.33,89.8,12.98,6.75,85.0,7.9
locoroco midnight carnival,PSP,3.74,3.61,32.57,"Action, Adventure",SCEJ,SCEE,2009.0,3.17,2.67,1.2,2.98,3.17,73.0,7.2
lode runner legacy,PC,4.26,4.13,10.36,"Action, Puzzle",Unknown,Tozai Games,2017.0,8.2,13.42,42.5,42.5,8.2,74.0,7.5
london detective mysteria,VITA,4.18,2.31,42.73,Visual Novel,Karin Entertainment,XSEED Games,2018.0,10.3,32.75,44.57,39.2,10.3,68.0,5.5
lone echo,PC,4.08,2.42,13.6,Adventure,Ready At Dawn,Oculus Studios,2017.0,5.6,7.33,9.62,6.7,5.6,89.0,7.9
lonely mountains: downhill,XONE,3.56,4.0,18.4,"Arcade, Sports",Megagon Industries,Thunderful Publishing,2019.0,6.2,12.8,35.97,11.65,6.2,84.0,7.4
looney tunes racing,GBC,3.04,2.94,10.45,"Driving, Racing",Infogrames,Unknown,2000.0,1.65,4.12,6.28,3.25,1.65,71.0,7.8
looney tunes: acme arsenal,WII,2.65,2.71,10.09,"Action, Adventure",Redtribe,Warner Bros. Games,2007.0,3.87,13.42,3.7,3.85,3.87,35.0,6.0
looney tunes: back in action,GBA,2.5,3.25,14,Platform,Warner Bros. Interactive,Electronic Arts,2003.0,5.53,20.0,9.78,6.87,5.53,49.0,6.55
looney tunes: cartoon conductor,DS,3.66,3.0,13,Music,Amaze Entertainment,Eidos Interactive,2008.0,4.7,13.42,5.5,4.9,4.7,67.0,7.333333333333333
looney tunes: duck amuck,DS,3.51,2.39,8.96,Action,WayForward Technologies,Warner Bros. Games,2007.0,2.5,3.07,5.5,3.18,2.5,66.0,8.0
looney tunes: sheep raider,PS,3.68,3.43,20.58,Unknown,Infogrames,Infogrames,2001.0,8.52,11.47,13.5,11.18,8.52,72.0,8.7
looney tunes: space race,DC,3.67,2.74,15.22,"Arcade, Driving, Racing",Infogrames Melbourne,Infogrames,2000.0,3.13,1.5,5.38,3.7,3.13,72.5,7.45
loop hero,PC,3.71,3.58,37.78,"Role-Playing, Strategy/Tactical",Four Quarters,Devolver Digital,2021.0,28.45,38.67,57.43,39.4,28.45,83.0,7.7
lord of arcana,PSP,3.67,3.71,54.62,Action,Access Games,Square Enix,2011.0,27.53,60.05,20.95,34.03,27.53,53.0,7.0
lord of magna: maiden heaven,3DS,3.54,2.87,32.18,Role-Playing,Marvelous,XSEED Games,2015.0,19.73,22.62,56.4,22.95,19.73,68.0,7.6
lords of xulima,PC,3.81,3.53,61,"Adventure, Role-Playing",Numantian Games,Numantian Games,2014.0,54.92,69.42,114.1,87.42,54.92,71.0,7.8
lost ark,PC,3.44,2.95,66.34,"Massively Multiplayer, Role-Playing",Smilegate,Smilegate,2022.0,56.17,280.83,704.33,207.98,56.17,81.0,5.2
lost dimension,PC,3.06,2.86,22.4,"Role-Playing, Tactical",Lancarse,Unknown,2015.0,17.6,20.82,29.98,21.95,17.6,71.5,7.5
lost horizon,PC,3.76,3.11,15.68,Adventure,Animation Arts,Deep Silver,2010.0,10.08,11.1,10.78,10.48,10.08,77.0,7.5
lost in blue,DS,3.44,3.56,29.27,Adventure,Konami,Konami,2005.0,10.98,25.43,22.25,15.68,10.98,69.0,7.6
lost in blue 2,DS,3.74,3.6,36.9,Simulation,Konami,Konami,2007.0,8.2,18.87,20.95,18.87,8.2,58.0,9.0
lost in blue: shipwrecked,WII,3.44,4.03,55,Unknown,Hudson Soft,Konami,2008.0,16.0,13.42,20.95,16.0,16.0,54.0,6.0
lost in play,PC,3.86,2.57,4.8,"Adventure, Point-And-Click, Puzzle, Side",Happy Juice Games,Joystick Ventures,2022.0,4.68,5.07,4.75,4.77,4.68,82.0,7.25
lost in random,PC,3.67,3.43,16.8,"Action, Adventure, Third-Person",Zoink!,Electronic Arts,2021.0,12.88,16.63,17.95,16.08,12.88,77.6,7.36
lost judgment,XBSX,3.42,3.2,61.82,"Action, Adventure, Open World, Third-Person",Ryu Ga Gotoku Studio,Sega,2021.0,24.63,55.07,110.07,51.47,24.63,81.0,8.3
lost kingdoms,GC,3.63,3.08,27.02,Role-Playing,From Software,Activision,2002.0,6.58,8.15,14.82,8.08,6.58,72.0,8.3
lost kingdoms ii,GC,3.96,3.0,31.45,"Action, Role-Playing",From Software,Activision,2003.0,10.2,16.6,80.0,16.27,10.2,68.0,8.4
lost odyssey,X360,4.15,3.21,66.15,Role-Playing,Unknown,Microsoft Game Studios,2008.0,50.4,69.43,112.38,70.18,50.4,78.0,8.4
lost planet 2,PC,3.31,3.12,25.55,"Shooter, Third-Person",Capcom,Capcom,2010.0,10.2,15.05,28.1,12.5,10.2,66.33333333333333,6.433333333333334
lost planet 3,X360,3.23,3.06,24.5,"Shooter, Third-Person",Spark Unlimited,Capcom,2013.0,10.85,15.68,27.95,13.9,10.85,60.0,5.8999999999999995
lost planet: extreme condition,PC,3.4,3.06,14.68,"Shooter, Third-Person",Capcom,Capcom,2007.0,8.03,9.67,24.12,8.88,8.03,70.66666666666667,7.066666666666666
lost ruins,PC,3.27,3.06,10.4,"Action, Scrolling, Side, Survival",Altari Games,DANGEN Entertainment,2021.0,6.28,8.73,28.67,9.58,6.28,59.0,7.4
lost sphear,PS4,3.56,2.93,49.56,Role-Playing,Tokyo RPG Factory,Square Enix,2018.0,25.47,38.75,59.1,36.15,25.47,68.66666666666667,6.9
lost words: beyond the page,PC,3.39,1.88,7.57,Puzzle,Sketchbook Games,Modus Games,2021.0,4.42,4.83,5.82,5.08,4.42,75.66666666666667,7.966666666666667
lost: via domus,PS3,2.84,2.51,8.58,"Action, Adventure",Ubisoft Montreal,Ubisoft,2008.0,5.3,5.77,6.37,5.77,5.3,53.666666666666664,6.566666666666666
lostwinds: winter of the melodias,WII,4.07,2.7,9.17,"Adventure, Platform",Frontier Developments,Frontier Developments,2009.0,3.4,4.17,4.2,3.97,3.4,86.0,3.3
lovely planet,PC,3.49,3.77,6.63,"First-Person, Shooter",QUICKTEQUILA,tinyBuild,2014.0,4.38,7.65,17.22,9.98,4.38,65.0,6.0
lucius,PC,2.64,3.22,10.29,Adventure,Shiver Games,Lace Mamba Global,2012.0,6.27,7.87,40.2,14.93,6.27,59.0,6.0
lucius ii,PC,2.43,2.9,20.8,Survival Horror,Shiver Games,Shiver Games,2015.0,6.52,9.73,10.77,8.37,6.52,48.0,3.0
lucky's tale,PC,3.39,3.0,12,"Platform, Third-Person",Playful Corp.,Playful Corp.,2016.0,4.4,4.6,20.95,4.42,4.4,66.0,5.4
lufia: curse of the sinistrals,DS,3.57,2.94,28.46,Action Rpg,Unknown,Unknown,2010.0,15.98,19.72,20.95,16.52,15.98,80.0,7.8
lufia: the ruins of lore,GBA,3.34,3.03,33.89,Role-Playing,Atelier Double,Unknown,2003.0,39.33,49.95,20.95,43.58,39.33,76.0,8.3
luftrausers,PS3,3.36,3.95,11.18,"Action, Arcade, Simulation",Vlambeer,Devolver Digital,2014.0,4.05,6.03,16.73,7.43,4.05,81.0,7.2333333333333325
luigi's mansion,GC,4.02,2.84,17.75,"Action, Adventure, Third-Person",Nintendo EAD,Nintendo,2001.0,6.62,7.73,8.07,7.32,6.62,76.0,8.35
luigi's mansion 3,NS,4.02,2.85,22.57,"Action, Adventure, Third-Person",Next Level Games,Nintendo,2019.0,13.28,17.32,22.9,16.35,13.28,86.0,8.4
lume,PC,3.02,3.79,1.17,"Adventure, Casual, Indie",State of Play Games,State of Play Games,2011.0,0.95,1.17,1.17,1.02,0.95,69.0,4.6
lumines,PSP,3.9,3.35,32.43,Puzzle,Q Entertainment,Ubisoft,2005.0,8.5,9.12,20.95,8.67,8.5,89.0,6.8
lumines ii,PSP,4.17,3.55,49.98,Puzzle,Q Entertainment,Unknown,2006.0,14.4,14.0,40.82,18.73,14.4,81.0,7.8
lumines live!,X360,3.8,3.72,22.59,Puzzle,Q Entertainment,Q Entertainment,2006.0,8.2,13.42,20.0,20.0,8.2,77.0,7.7
lumines remastered,PC,4.02,4.11,36.5,Puzzle,Resonair,Enhance,2018.0,7.4,27.97,23.02,17.73,7.4,81.33333333333333,6.766666666666667
lumines supernova,PS3,3.9,3.78,28.94,Puzzle,Q Entertainment,Q Entertainment,2009.0,12.0,28.0,20.95,20.0,12.0,80.0,8.1
lumines: electronic symphony,VITA,3.89,3.34,23.49,Puzzle,Q Entertainment,Ubisoft,2012.0,3.15,14.1,19.15,7.42,3.15,83.0,7.9
lumino city,PC,3.8,3.62,8,"Adventure, Point-And-Click",State of Play Games,State of Play Games,2014.0,5.05,5.57,5.97,5.35,5.05,70.0,7.8
luminous arc,DS,3.68,2.94,33.15,"Role-Playing, Tactical",imageepoch,Unknown,2007.0,22.03,28.77,47.68,26.25,22.03,70.0,7.0
luminous arc 2,DS,3.93,3.01,42.26,Tactical Role-Playing,imageepoch,Unknown,2008.0,32.92,49.82,65.45,40.33,32.92,73.0,8.3
lunar knights,DS,3.73,3.18,30.35,"Action, Role-Playing",Kojima Productions,Konami,2007.0,13.78,18.23,28.92,17.58,13.78,82.0,7.8
lunar legend,GBA,3.67,2.68,30.52,Role-Playing,Media Rings Corporation,Ubisoft,2002.0,18.7,22.2,35.5,20.98,18.7,79.0,7.8
lunar: dragon song,DS,2.56,2.93,36.15,Role-Playing,Japan Art Media,Unknown,2005.0,20.18,33.63,31.25,24.48,20.18,59.0,5.3
lunar: silver star harmony,PSP,4.05,2.74,36.38,Role-Playing,Unknown,Unknown,2010.0,27.75,32.43,35.87,31.08,27.75,80.0,8.1
lunar: silver star story complete,PS,4.18,3.11,46.53,Role-Playing,Unknown,Unknown,1999.0,27.32,31.5,52.43,31.4,27.32,78.0,8.6
lunistice,PC,3.89,3.11,3.71,"Adventure, Incremental, Platform, Third-Person",A Grumpy Fox,Deck13,2022.0,2.15,3.93,10.5,4.3,2.15,79.0,7.333333333333333
lupin the 3rd: treasure of the sorcerer king,PS2,3.47,3.12,17.65,Action,Banpresto,Bandai,2004.0,15.68,13.42,20.95,15.68,15.68,67.0,7.2
lust for darkness,PC,2.65,1.71,3.11,Adventure,Movie Games Lunarium,Unknown,2018.0,2.62,3.6,3.9,3.3,2.62,50.0,5.4
lust from beyond,PC,3.45,3.1,10.8,"First-Person, Horror",Movie Games Lunarium,Unknown,2021.0,8.97,10.13,11.93,9.9,8.97,61.0,6.8
lux-pain,DS,3.47,2.9,25.87,Visual Novel,Killaware,Unknown,2009.0,16.87,17.98,18.92,17.63,16.87,48.0,6.2
luxor 2,X360,3.16,3.06,23.8,Puzzle,MumboJumbo,MumboJumbo,2006.0,4.37,4.5,16.5,9.9,4.37,70.0,7.3
luxor: the wrath of set,PSP,3.24,2.81,22.29,Puzzle,MumboJumbo,MumboJumbo,2006.0,13.83,13.42,20.95,13.83,13.83,60.0,6.0
lydia,NS,3.47,1.27,1,"Adventure, Point-And-Click",Platonic Partnership,Platonic Partnership,2017.0,1.05,1.02,1.08,1.07,1.05,68.0,6.5
machinarium,VITA,3.38,3.28,7.53,"Adventure, Point-And-Click",Amanita Design,Amanita Design,2009.0,5.22,5.97,5.58,5.45,5.22,85.0,8.7
mad dash racing,XBOX,3.31,3.0,10.25,"Driving, Racing",Crystal Dynamics,Eidos Interactive,2001.0,1.75,13.42,3.0,2.17,1.75,65.0,7.5
mad maestro!,PS2,3.42,3.32,20.42,Music/Rhythm,Desert Productions,Unknown,2002.0,1.6,5.32,20.95,2.67,1.6,65.0,8.5
mad rat dead,PS4,3.29,4.0,7.6,Music/Rhythm,Nippon Ichi Software,Koei Tecmo Games,2020.0,6.25,6.08,28.67,9.43,6.25,79.0,8.0
mad tracks,X360,3.05,3.13,10.33,"Driving, Racing",Load,Unknown,2006.0,2.75,10.0,7.13,4.67,2.75,62.0,7.099999999999999
madballs in babo: invasion,PC,3.59,3.5,16.8,Action,Playbrains,Unknown,2010.0,4.15,8.52,17.23,8.03,4.15,68.0,8.5
madden nfl 08,DS,3.33,2.82,14.07,Sports,Unknown,EA Sports,2007.0,22.1,113.67,35.33,50.67,22.1,77.66666666666667,7.466666666666667
madden nfl 10,WII,3.43,2.14,22.41,Sports,EA Tiburon,EA Sports,2009.0,17.42,200.0,20.95,40.25,17.42,82.33333333333333,6.699999999999999
madden nfl 12,X360,3.59,2.86,34.54,Sports,Unknown,EA Sports,2011.0,22.4,39.0,36.67,31.38,22.4,78.5,5.95
madden nfl 13,VITA,3.12,2.68,40.62,Sports,EA Tiburon,EA Sports,2012.0,17.0,76.83,20.95,46.92,17.0,79.66666666666667,6.1
madden nfl 15,XONE,3.45,2.88,51.21,Sports,EA Tiburon,EA Sports,2014.0,22.45,82.88,20.95,42.6,22.45,80.5,6.15
madden nfl 16,PS3,2.84,2.93,43.79,Sports,EA Tiburon,EA Sports,2015.0,33.47,50.58,38.0,39.68,33.47,83.5,5.85
madden nfl 17,XONE,3.55,2.73,48.33,Sports,EA Tiburon,EA Sports,2016.0,38.52,76.88,264.12,86.25,38.52,82.5,4.75
madden nfl 18,XONE,3.45,2.7,60.28,Sports,EA Tiburon,EA Sports,2017.0,7.35,76.02,75.87,28.7,7.35,82.0,4.0
madden nfl 2001,GBC,2.25,2.5,6,Sports,Unknown,EA Sports,2000.0,8.2,13.42,20.95,11.25,8.2,86.33333333333333,6.7
madden nfl 2005,GBA,2.75,2.86,18.83,Sports,Unknown,EA Sports,2004.0,15.47,13.42,20.95,15.47,15.47,84.0,7.1499999999999995
madden nfl 21,PS4,2.34,3.43,59.4,"Simulation, Sports",Electronic Arts,Electronic Arts,2020.0,24.83,67.83,53.97,43.55,24.83,66.0,0.4
madden nfl 22,XBSX,1.61,1.5,8.6,Sports,Tiburon,Electronic Arts,2021.0,27.58,68.27,76.53,50.22,27.58,69.0,0.6
madden nfl 23,XBSX,3.15,2.8,19.5,Sports,EA Tiburon,Electronic Arts,2022.0,24.85,202.85,151.5,113.05,24.85,69.5,1.6
madden nfl arcade,X360,2.86,3.25,8,Sports,Unknown,EA Sports,2009.0,8.2,13.42,2.17,2.17,8.2,63.0,5.8
made man: confessions of the family blood,PC,2.69,2.8,23.17,Third-Person Shooter,SilverBack Studios,Unknown,2007.0,5.22,7.72,6.12,5.68,5.22,42.5,6.0
madworld,WII,3.87,3.11,11.83,"Beat Em Up, Sandbox, Third-Person",Platinum Games,Unknown,2009.0,5.32,6.92,11.0,5.67,5.32,81.0,8.6
mafia,PS2,3.48,3.33,26.29,"Action, Adventure, Shooter, Third-Person",Illusion Softworks,Gathering of Developers,2002.0,16.23,18.5,21.92,18.05,16.23,73.0,8.633333333333333
mafia ii,PC,3.78,2.86,19.76,"Action, Adventure, Shooter, Third-Person",2K Czech,Unknown,2010.0,12.25,17.18,34.37,15.68,12.25,75.33333333333333,8.133333333333333
mafia ii: definitive edition,PC,3.42,2.83,20.01,"Action, Adventure, Open World, Shooter",Hangar 13,2K Games,2020.0,11.37,16.48,36.48,15.32,11.37,64.66666666666667,5.8999999999999995
mafia: definitive edition,XONE,3.63,3.23,15.85,"Action, Adventure, Open World, Shooter",Hangar 13,2K Games,2020.0,10.73,13.52,25.27,13.03,10.73,77.66666666666667,7.133333333333334
mag,PS3,3.76,3.31,56.94,"First-Person, Massively Multiplayer, Shooter",Zipper Interactive,SCEA,2010.0,61.25,104.6,499.67,166.27,61.25,76.0,8.1
mages of mystralia,PC,3.27,2.74,13.5,"Action, Adventure",Borealys Games,Borealys Games,2017.0,9.12,11.72,15.42,12.4,9.12,72.0,6.8
magic duels: origins,XONE,2.73,3.54,33,Card Game,Stainless Games,Wizards of the Coast,2015.0,18.13,38.07,379.03,118.35,18.13,77.0,6.1
magic orbz,PS3,3.46,3.09,11.1,Breakout,Creat Studios,Creat Studios & TikGames,2009.0,9.5,8.17,14.0,9.95,9.5,66.0,7.3
magic pengel: the quest for color,PS2,3.63,2.85,29.93,Role-Playing,Unknown,Agetec,2003.0,14.33,25.18,20.95,17.43,14.33,74.0,7.5
magic: the gathering - battlegrounds,XBOX,3.21,2.91,14.44,Fighting,Secret Level,Atari,2003.0,14.0,13.42,20.95,14.0,14.0,70.0,7.550000000000001
magic: the gathering - duels of the planeswalkers 2012,PC,3.66,3.08,26.5,Unknown,Stainless Games,Wizards of the Coast,2011.0,15.02,44.2,68.82,44.18,15.02,75.33333333333333,6.766666666666667
magic: the gathering - duels of the planeswalkers 2013,PC,3.54,3.13,29.91,Strategy,Stainless Games,Wizards of the Coast,2012.0,13.8,28.8,57.32,32.02,13.8,78.5,6.949999999999999
magic: the gathering arena,PC,3.87,3.51,72.85,Strategy/Tactical,Wizards of the Coast,Wizards of the Coast,2018.0,8.2,13.42,20.95,11.25,8.2,84.0,3.1
magical beat,VITA,2.89,3.29,6.92,Puzzle,Arc System Works,Arc System Works,2014.0,8.2,13.42,3.35,3.35,8.2,67.0,6.9
magical starsign,DS,3.67,2.87,37.57,Role-Playing,Brownie Brown,Nintendo,2006.0,26.03,30.43,32.42,27.47,26.03,69.0,7.8
magicka,PC,3.55,3.53,17.46,"Action, Adventure",Arrowhead Game Studios,Paradox Interactive,2011.0,10.8,17.32,49.97,15.17,10.8,74.0,7.6
magicka 2,PS4,3.03,3.69,15.7,Adventure,Pieces Interactive,Paradox Interactive,2015.0,6.3,10.67,31.68,9.05,6.3,70.5,6.25
magicka: wizard wars,PC,3.05,3.37,9.5,"Action, Moba, Strategy",Paradox North,Paradox Interactive,2013.0,8.2,13.42,20.95,11.25,8.2,69.0,7.1
maglam lord,PS4,3.23,3.5,30.29,"Action, Role-Playing, Simulation",Felistella,Unknown,2022.0,10.5,19.28,24.3,19.08,10.5,64.0,7.333333333333333
magna carta: tears of blood,PS2,3.2,3.39,51.19,Role-Playing,Softmax,Unknown,2005.0,61.2,92.77,68.27,75.73,61.2,66.0,7.2
magnetica,DS,3.52,3.48,49.67,Puzzle,Mitchell Corporation,Nintendo,2006.0,9.73,13.42,20.95,9.73,9.73,68.0,8.1
magrunner: dark pulse,PC,3.16,3.4,18.14,"First-Person, Platform, Puzzle",Frogwares,Focus Home Interactive,2013.0,8.98,8.85,12.13,9.22,8.98,70.0,7.2
magus,PS3,2.07,1.58,6.82,"Action, Adventure, Role-Playing",Unknown,Aksys Games,2014.0,3.27,4.5,5.18,4.42,3.27,32.0,4.5
mahjong tales: ancient wisdom,PS3,3.44,3.15,15,Board Game,Creat Studios,Creat Studios & TikGames,2007.0,6.05,13.42,14.0,8.03,6.05,47.0,7.1
maize,PC,3.34,2.47,3.79,"Adventure, First-Person",Finish Line Games,Finish Line Games,2016.0,3.55,3.77,4.15,3.7,3.55,55.0,7.6
majesty 2: the fantasy kingdom sim,PC,3.69,3.42,29.2,"Real-Time, Strategy",1C Ino-Co,Unknown,2009.0,13.62,19.95,32.85,21.07,13.62,72.0,7.2
majin and the forsaken kingdom,X360,3.72,2.9,19.07,"Action, Adventure, Third-Person",Game Republic,Namco Bandai Games,2010.0,14.58,15.95,18.6,16.12,14.58,73.0,7.800000000000001
major league baseball 2k5,PS2,3.11,2.42,40.4,Sports,Kush Games,2K Sports,2005.0,8.2,13.42,265.0,265.0,8.2,81.5,7.8
major minor's majestic march,WII,3.14,1.83,12,Music/Rhythm,NanaOn-Sha,Unknown,2009.0,2.47,13.42,6.5,3.82,2.47,46.0,7.333333333333333
makai kingdom: chronicles of the sacred tome,PS2,3.92,3.31,64.74,Role-Playing,Nippon Ichi Software,Unknown,2005.0,27.75,39.23,80.0,34.12,27.75,77.0,8.5
malicious,PS3,3.24,3.9,7.94,Action,Alvion,Sony Computer Entertainment,2012.0,2.83,1.88,2.95,2.78,2.83,67.0,5.8
mamorukun curse!,PS3,3.79,3.75,19.42,Shooter,Unknown,City Connection,2013.0,0.57,2.8,20.95,1.52,0.57,71.0,7.4
mana khemia 2: fall of alchemy,PS2,4.12,2.9,57.67,Role Playing,Gust,Unknown,2009.0,38.08,56.3,69.37,56.68,38.08,70.0,8.2
mana khemia: alchemists of al-revis,PS2,4.17,2.97,56.28,Role-Playing,Gust,Unknown,2008.0,43.17,49.43,58.15,48.05,43.17,69.0,8.1
mana khemia: student alliance,PSP,4.07,2.97,53.11,Role-Playing,Gust,NIS America,2009.0,25.12,63.47,79.18,58.93,25.12,41.0,6.6
maneater,XBSX,3.06,3.38,16.75,"Action, Open World",Tripwire Interactive,Tripwire Interactive,2020.0,8.27,10.43,13.4,11.72,8.27,68.5,6.8500000000000005
manhunt,PS4,3.55,3.86,15.05,"Action, Stealth",Rockstar North,Rockstar Games,2003.0,10.93,13.33,16.55,11.7,10.93,75.0,8.066666666666666
manhunt 2,WII,3.45,3.55,11.85,Action,Unknown,Rockstar Games,2007.0,7.98,10.98,15.08,9.15,7.98,66.0,7.833333333333333
manticore: galaxy on fire,NS,3.86,3.11,22,"Action, Multidirectional, Shooter, Third-Person",Fishlabs,Deep Silver,2018.0,7.85,8.25,10.25,9.0,7.85,69.0,6.5
mantis burn racing,PS4,3.53,4.18,8.33,"Driving, Racing",VooFoo Studios,VooFoo Studios,2016.0,8.2,9.43,13.1,11.88,8.2,75.66666666666667,7.333333333333333
manual samuel,PC,3.39,3.6,3.94,"Adventure, Side",Perfectly Paranormal,Curve Digital,2016.0,2.15,3.4,7.03,2.78,2.15,67.0,6.65
maquette,PS5,2.73,3.08,6,"First-Person, Puzzle",Graceful Decay,Annapurna Interactive,2021.0,3.73,4.3,5.63,4.4,3.73,70.0,5.75
marble blast ultra,X360,3.89,3.45,23.89,Puzzle,GarageGames,GarageGames,2006.0,4.1,13.42,11.55,10.05,4.1,79.0,8.4
marble it up!,NS,4.03,3.78,14.21,Platform,Marble It Up,Marble It Up,2018.0,4.23,12.82,25.0,7.52,4.23,74.0,7.0
marble saga: kororinpa,WII,4.05,3.92,22.28,Puzzle,Hudson Soft,Hudson Soft,2009.0,3.35,15.0,20.95,11.12,3.35,74.0,7.8
marc ecko's getting up: contents under pressure,PC,3.54,3.12,14.37,"Action, Adventure",The Collective,Atari,2006.0,11.67,13.18,16.52,13.23,11.67,69.66666666666667,7.7666666666666675
march of the eagles,PC,3.07,3.8,40.33,Strategy,Paradox Development Studio,Paradox Interactive,2013.0,3.48,13.42,20.95,3.48,3.48,71.0,6.9
mario & luigi: bowser's inside story,DS,4.21,3.01,32.47,Role-Playing,Unknown,Nintendo,2009.0,22.22,26.93,37.57,25.77,22.22,90.0,8.8
mario & luigi: bowser's inside story + bowser jr.'s journey,3DS,4.14,2.9,33.89,"Role-Playing, Turn-Based",AlphaDream,Nintendo,2019.0,24.83,34.13,59.55,32.17,24.83,84.0,7.8
mario & luigi: dream team,3DS,3.97,3.02,42.44,Role-Playing,AlphaDream,Nintendo,2013.0,40.37,46.87,58.37,45.43,40.37,81.0,8.3
mario & luigi: paper jam,3DS,3.79,3.0,37.44,"Role-Playing, Turn-Based",AlphaDream,Nintendo,2016.0,27.02,34.23,57.12,32.53,27.02,76.0,7.3
mario & luigi: partners in time,DS,3.86,3.03,26.5,"Role-Playing, Top-Down, Turn-Based",AlphaDream,Nintendo,2005.0,17.85,20.18,25.62,19.35,17.85,86.0,8.5
mario & luigi: superstar saga,GBA,4.23,3.03,28.64,Role-Playing,Unknown,Nintendo,2003.0,18.2,21.37,29.2,20.37,18.2,90.0,8.9
mario & luigi: superstar saga + bowser's minions,3DS,4.13,2.92,25.8,Role-Playing,Alphadream Corporation,Nintendo,2017.0,19.65,27.85,47.78,24.78,19.65,81.0,8.2
mario & sonic at the london 2012 olympic games,3DS,3.27,2.74,22.13,"Party, Sports",Sega Sports Japan,Unknown,2011.0,8.6,10.48,23.25,10.62,8.6,66.0,7.15
mario & sonic at the olympic games,WII,3.32,2.7,20.41,"Party, Third-Person",SEGA Sports R&D,Unknown,2007.0,7.82,12.73,22.22,11.67,7.82,68.5,7.35
mario & sonic at the olympic winter games,DS,3.61,2.84,28.79,"Party, Sports",SEGA Sports R&D,Unknown,2009.0,9.55,25.88,18.63,16.82,9.55,74.0,7.8
mario & sonic at the rio 2016 olympic games,3DS,3.43,3.24,38.81,"Party, Sports",Sega Sports R&D,Nintendo,2016.0,7.25,11.18,22.37,10.17,7.25,62.5,7.300000000000001
mario & sonic at the sochi 2014 olympic winter games,WIIU,3.34,2.84,45.28,"Party, Sports",Sega Sports R&D,Nintendo,2013.0,2.57,8.25,20.0,6.68,2.57,55.0,6.5
mario + rabbids sparks of hope,NS,4.22,3.39,40.13,"Role-Playing, Strategy/Tactical, Turn-Based",Ubisoft Milan,Unknown,2022.0,21.72,33.47,45.7,35.87,21.72,86.0,7.6
mario and donkey kong: minis on the move,3DS,3.67,3.28,19.17,"Action, Puzzle",Nintendo Software Technology,Nintendo,2013.0,5.63,16.72,21.3,14.73,5.63,78.0,7.2
mario golf,N64,3.72,3.12,28.37,"Arcade, Sports",Camelot Software Planning,Nintendo,1999.0,9.28,16.07,35.97,18.7,9.28,91.0,7.7
mario golf: advance tour,GBA,3.86,3.02,27.4,"Role-Playing, Sports",Camelot Software Planning,Nintendo,2004.0,9.63,16.67,27.3,13.42,9.63,84.0,8.4
mario golf: super rush,NS,3.43,2.86,31.79,Sports,Camelot Software Planning,Nintendo,2021.0,8.22,14.67,53.0,12.77,8.22,70.0,5.6
mario golf: toadstool tour,GC,3.77,3.06,29.73,Sports,Camelot Software Planning,Nintendo,2003.0,7.4,13.93,20.83,12.3,7.4,81.0,8.1
mario golf: world tour,3DS,3.85,3.16,40.74,"Arcade, Sports, Third-Person, Turn-Based",Camelot Software Planning,Nintendo,2014.0,8.58,26.62,77.32,22.97,8.58,78.0,8.0
mario kart 64,N64,4.15,2.95,27.95,"Driving, Racing",Nintendo EAD,Nintendo,1997.0,4.23,12.38,18.68,8.97,4.23,83.0,8.6
mario kart 7,3DS,4.1,3.01,33.15,"Driving, Racing",Unknown,Nintendo,2011.0,7.45,19.52,53.82,20.57,7.45,85.0,8.2
mario kart 8,WIIU,4.35,3.07,50.67,"Driving, Racing",Nintendo EAD Group No. 1,Nintendo,2014.0,6.58,20.97,51.25,21.53,6.58,88.0,8.8
mario kart 8 deluxe,NS,4.29,2.98,52.79,"Driving, Racing",Nintendo,Nintendo,2017.0,6.38,24.65,57.83,27.58,6.38,92.0,8.6
mario kart ds,DS,4.11,2.96,31.62,"Driving, Racing",Nintendo EAD,Nintendo,2005.0,4.65,11.35,27.93,13.42,4.65,91.0,8.7
mario kart live: home circuit,NS,3.46,2.82,11.44,"Driving, Racing",Velan Studios,Nintendo,2020.0,4.03,10.0,17.0,7.72,4.03,75.0,7.0
mario kart wii,WII,4.15,3.03,39.67,"Driving, Racing",Nintendo EAD,Nintendo,2008.0,6.05,15.9,29.75,15.47,6.05,82.0,8.5
mario kart: double dash!!,GC,4.13,3.03,32.41,"Driving, Racing",Nintendo EAD,Nintendo,2003.0,5.15,13.08,26.08,13.98,5.15,87.0,8.6
mario party,N64,3.81,2.9,32.23,Party,Hudson Soft,Nintendo,1999.0,9.38,15.08,21.67,13.5,9.38,79.0,8.1
mario party 10,WIIU,3.19,2.57,26.75,Party,Unknown,Nintendo,2015.0,3.9,14.88,35.33,11.73,3.9,66.0,6.4
mario party 3,N64,3.9,2.82,31.93,Party,Hudson Soft,Nintendo,2001.0,9.28,17.47,33.67,15.95,9.28,74.0,8.2
mario party 4,GC,3.63,2.68,27.42,Party,Hudson Soft,Nintendo,2002.0,9.13,17.93,74.77,18.45,9.13,70.0,7.7
mario party 5,GC,3.68,2.69,28.99,Party,Hudson Soft,Nintendo,2003.0,9.25,17.1,35.53,15.53,9.25,69.0,7.7
mario party 6,GC,3.76,2.64,29.31,Party,Hudson Soft,Nintendo,2004.0,10.55,21.05,30.67,15.42,10.55,71.0,7.9
mario party 7,GC,3.69,2.72,29.12,Party,Unknown,Nintendo,2005.0,9.42,16.25,23.2,13.42,9.42,64.0,7.8
mario party 8,WII,3.54,2.61,25.16,Party,Hudson Soft,Nintendo,2007.0,5.45,17.02,22.33,11.25,5.45,62.0,6.6
mario party 9,WII,3.48,2.66,23.74,Party,Nd Cube Co.,Nintendo,2012.0,5.45,18.08,101.22,17.2,5.45,73.0,6.7
mario party advance,GBA,3.13,2.71,15.88,Party,Hudson Soft,Nintendo,2005.0,6.48,10.47,15.57,10.5,6.48,54.0,5.0
mario party ds,DS,3.71,2.72,26.79,Party,Hudson Soft,Nintendo,2007.0,7.08,18.0,45.78,16.35,7.08,72.0,7.9
mario party superstars,NS,4.03,2.95,46.18,"Board Game, Party",NDcube,Nintendo,2021.0,9.55,24.78,69.92,19.52,9.55,80.0,8.1
mario party: island tour,3DS,3.2,2.58,17.43,Party,Nd Cube,Nintendo,2013.0,3.35,11.07,32.6,10.2,3.35,57.0,6.0
mario party: star rush,3DS,3.53,2.72,25.45,Party,Unknown,Nintendo,2016.0,7.37,19.92,25.78,13.33,7.37,68.0,6.9
mario party: the top 100,3DS,3.43,2.74,17.02,Party,Nd Cube,Nintendo,2017.0,3.92,4.7,5.77,4.63,3.92,59.0,6.3
mario pinball land,GBA,2.89,3.55,12.22,Pinball,Fuse Games,Nintendo,2004.0,4.67,6.67,11.98,5.73,4.67,62.0,4.5
mario power tennis,GC,3.87,2.88,23.14,Sports,Camelot Software Planning,Nintendo,2004.0,4.17,18.48,32.6,11.43,4.17,80.0,8.5
mario sports mix,WII,3.73,2.83,28.49,Sports,Unknown,Nintendo,2011.0,7.83,27.28,29.25,18.32,7.83,64.0,7.9
mario sports superstars,3DS,3.42,2.95,29.45,Sports,Unknown,Nintendo,2017.0,8.3,17.72,20.95,13.0,8.3,62.0,7.3
mario strikers charged,WII,3.7,3.4,27.62,Sports,Next Level Games,Nintendo,2007.0,10.57,21.62,29.2,15.4,10.57,79.0,8.2
mario strikers: battle league,NS,3.83,3.33,22.77,"Sports, Top-Down",Next Level Games,Nintendo,2022.0,4.45,9.17,23.1,6.23,4.45,73.0,4.3
mario super sluggers,WII,3.82,2.75,25.4,Sports,Unknown,Nintendo,2008.0,4.72,6.75,6.47,5.78,4.72,69.0,7.9
mario superstar baseball,GC,3.78,3.0,30.31,Sports,Unknown,Nintendo,2005.0,3.28,13.03,35.68,14.27,3.28,76.0,8.4
mario tennis,N64,3.91,2.97,26.74,"Arcade, Sports",Camelot,Nintendo,2000.0,8.52,11.32,24.93,12.3,8.52,91.0,8.6
mario tennis aces,NS,3.67,3.25,26.47,Sports,Camelot Software Planning,Nintendo,2018.0,5.97,8.67,10.68,7.8,5.97,75.0,7.0
mario tennis open,3DS,3.61,2.89,23.23,Sports,Camelot,Nintendo,2012.0,6.32,18.42,36.27,13.3,6.32,69.0,6.9
mario tennis: power tour,GBA,3.88,2.76,23.3,Sports,Camelot,Nintendo,2005.0,7.55,14.2,21.52,11.03,7.55,81.0,8.5
mario tennis: ultra smash,WIIU,3.09,2.69,16.35,"Arcade, Sports",Camelot Software Planning,Nintendo,2015.0,3.5,7.3,9.1,5.63,3.5,58.0,5.2
mario vs. donkey kong 2: march of the minis,DS,3.52,2.9,20.55,Puzzle,Nintendo Software Technology,Nintendo,2006.0,5.13,8.03,14.65,7.6,5.13,76.0,7.8
mario vs. donkey kong: minis march again!,DS,3.69,3.12,18.84,Puzzle,Nintendo Software Technology,Nintendo,2009.0,3.2,4.75,10.1,4.88,3.2,82.0,7.9
mario vs. donkey kong: tipping stars,WIIU,3.82,3.29,32.05,Puzzle,Nintendo Software Technology,Nintendo,2015.0,3.67,9.92,14.62,6.02,3.67,70.0,7.45
mark of the ninja,PC,4.0,3.15,13.99,"Action, Scrolling, Tactical",Klei Entertainment,Microsoft Studios,2012.0,8.62,12.78,21.42,12.55,8.62,90.5,7.7
marlow briggs and the mask of death,X360,2.72,2.89,9.85,"Action, Adventure, Hack And Slash",Unknown,505 Games,2013.0,6.2,8.08,10.8,7.13,6.2,66.0,6.0
mars: war logs,PC,3.09,3.0,12.9,"Action, Role-Playing, Shooter, Third-Person",Spiders,Focus Home Interactive,2013.0,9.12,13.0,18.85,13.22,9.12,59.0,7.099999999999999
martha is dead,PC,3.25,2.0,8.57,"Adventure, First-Person, Horror",Lka,Wired Productions,2022.0,6.43,6.87,8.65,7.0,6.43,70.0,6.633333333333333
marvel avengers: battle for earth,WIIU,3.04,2.71,53.13,Unknown,Ubisoft Quebec,Ubisoft,2012.0,2.52,3.72,20.95,2.72,2.52,56.0,6.35
marvel heroes,PC,3.57,2.69,64.62,"Action, Massively Multiplayer, Role-Playing",Gazillion Entertainment,Gazillion Entertainment,2014.0,24.83,90.87,285.0,76.43,24.83,58.0,6.7
marvel nemesis: rise of the imperfects,DS,2.96,2.84,15.95,Fighting,Nihilistic Software,Electronic Arts,2005.0,4.43,6.02,7.0,4.87,4.43,55.75,6.85
marvel pinball,PS3,3.61,3.19,17.18,Pinball,Zen Studios,Unknown,2010.0,0.42,10.0,20.95,2.82,0.42,83.0,7.5
marvel super hero squad,PSP,3.22,2.47,11.56,Unknown,Unknown,THQ,2009.0,6.47,4.73,7.15,5.97,6.47,50.0,6.949999999999999
marvel super hero squad: the infinity gauntlet,PS3,2.91,2.2,22.33,Fighting,Griptonite Games,THQ,2010.0,4.22,3.97,12.78,6.15,4.22,55.0,7.0
marvel trading card game,PSP,3.11,3.59,26.56,Card Game,Unknown,Konami,2007.0,8.2,20.0,20.95,20.0,8.2,62.0,6.8500000000000005
marvel ultimate alliance 3: the black order,NS,3.78,3.41,44.31,"Beat Em Up, Role-Playing, Third-Person",Team Ninja,Nintendo,2019.0,14.02,25.67,104.75,24.08,14.02,73.0,7.2
marvel vs. capcom 3: fate of two worlds,PS3,3.8,3.25,24.46,Fighting,Unknown,Capcom,2011.0,1.77,54.25,50.0,15.5,1.77,84.5,7.199999999999999
marvel vs. capcom origins,X360,3.88,3.41,15.93,Fighting,Unknown,Capcom,2012.0,3.22,12.62,22.85,10.05,3.22,75.0,8.2
marvel vs. capcom: infinite,PC,2.87,2.94,18.63,Fighting,Capcom,Capcom,2017.0,3.87,7.15,16.08,4.8,3.87,72.66666666666667,5.133333333333333
marvel's guardians of the galaxy,NS,3.56,3.43,32,"Action, Adventure, Incremental, Third-Person",Eidos Montreal,Square Enix,2021.0,17.68,20.73,26.52,20.33,17.68,80.66666666666667,8.666666666666666
marvel's iron man vr,PS4,3.83,3.13,11.71,"Action, First-Person, Flight, Shooter, Virtual Reality",Camouflaj,Sony Interactive Entertainment,2020.0,7.42,7.97,14.83,8.12,7.42,73.0,6.2
marvel's spider-man,PS4,4.3,2.93,37.64,"Action, Adventure, Open World, Third-Person",Insomniac Games,Sony Interactive Entertainment,2018.0,16.98,26.0,36.6,28.33,16.98,87.0,8.7
marvel's spider-man remastered,PC,4.12,2.95,37.32,"Action, Adventure, Open World, Sandbox, Third-Person",Insomniac Games,Sony Interactive Entertainment,2020.0,17.77,29.73,45.77,33.95,17.77,87.0,8.4
marvel's spider-man: miles morales,PC,3.72,2.77,15.33,"Action, Adventure, Open World, Third-Person",Insomniac Games,PlayStation Studios,2020.0,7.82,12.8,18.93,13.73,7.82,85.66666666666667,7.066666666666666
marvel: ultimate alliance,GBA,2.81,2.86,16.27,"Action, Role-Playing",Raven Software,Unknown,2006.0,13.42,18.63,36.7,18.0,13.42,80.0,7.457142857142857
marvel: ultimate alliance 2,DS,2.87,2.48,17.08,"Action, Role-Playing",Unknown,Activision,2009.0,8.78,15.8,33.1,13.07,8.78,65.5,6.574999999999999
mary skelter 2,PS4,3.79,3.36,64,"First-Person, Role-Playing, Turn-Based",Compile Heart,Idea Factory,2019.0,53.67,66.92,84.13,67.02,53.67,75.0,7.8
mary skelter: nightmares,PC,3.68,3.13,62.14,"First-Person, Roguelike, Role-Playing, Turn-Based",Compile Heart,Idea Factory,2017.0,42.43,54.0,67.4,54.03,42.43,76.0,8.7
masochisia,PC,3.81,2.5,2.25,"Adventure, Survival Horror",Oldblood,Oldblood,2015.0,2.13,3.3,2.3,2.25,2.13,68.0,7.3
masquerada: songs and shadows,PC,3.5,2.82,16,Role-Playing,Witching Hour Studios,Ysbryd Games,2016.0,14.78,14.8,16.93,15.3,14.78,76.0,7.6
mass effect,PS3,4.1,3.07,44.67,"Action, Role-Playing, Shooter, Third-Person",Unknown,Unknown,2007.0,17.45,28.4,44.75,27.98,17.45,90.0,8.65
mass effect 2,PC,4.33,2.93,44.81,"Action, Role-Playing, Shooter, Third-Person",BioWare,Electronic Arts,2010.0,24.88,36.0,51.53,37.15,24.88,94.66666666666667,8.833333333333334
mass effect 3,PC,3.92,2.88,43.06,"Action, Role-Playing, Shooter, Third-Person",BioWare,Electronic Arts,2012.0,24.87,36.52,51.78,37.8,24.87,91.66666666666667,5.933333333333334
mass effect legendary edition,XONE,4.17,3.03,80.00+,"Role-Playing, Shooter, Third-Person",BioWare,Electronic Arts,2021.0,61.23,103.03,141.07,112.43,61.23,87.66666666666667,6.633333333333334
mass effect: andromeda,PC,3.13,2.82,62.16,"Action, Role-Playing, Shooter, Third-Person",BioWare,Electronic Arts,2017.0,18.65,63.37,96.58,64.75,18.65,73.0,5.1
massive chalice,XONE,3.29,3.43,14.67,"Strategy, Turn-Based",Double Fine Productions,Double Fine Productions,2015.0,16.42,22.67,24.12,18.6,16.42,72.5,6.4
master of illusion,DS,3.36,2.49,15.67,Unknown,Unknown,Nintendo,2007.0,8.2,13.42,4.1,4.1,8.2,69.0,7.333333333333333
master of the monster lair,DS,3.67,2.93,38.13,Unknown,Atlus,Atlus,2008.0,14.72,35.67,120.0,44.15,14.72,56.0,7.2
master reboot,PS3,2.98,1.95,11.2,Unknown,Wales Interactive,Wales Interactive,2013.0,4.25,4.53,7.28,5.05,4.25,60.5,6.0
master spy,PC,4.08,3.58,7,"Action, Platform, Stealth",TURBOGUN,TURBOGUN,2015.0,4.1,3.58,20.95,4.0,4.1,68.0,8.8
masters of anima,PC,3.72,3.0,40,"Action, Role-Playing",Passtech Games,Focus Home Interactive,2018.0,5.58,7.4,8.33,6.9,5.58,73.75,5.7
mat hoffman's pro bmx,GBA,2.84,2.85,11.17,Sports,Runecraft,Activision,2001.0,8.15,12.0,14.0,10.08,8.15,74.75,7.65
mat hoffman's pro bmx 2,GBA,2.62,2.88,22.75,Sports,Rainbow Studios,Activision,2002.0,8.15,6.35,20.95,7.55,8.15,73.66666666666667,8.15
matt hazard: blood bath and beyond,X360,2.93,3.18,3.6,Shooter,Vicious Cycle Software,D3 Publisher,2010.0,3.0,2.63,20.95,2.95,3.0,64.0,7.5
max & the magic marker,DS,3.41,2.3,12.29,Platform,Press Play,Unknown,2010.0,2.73,4.07,5.0,3.23,2.73,73.5,7.050000000000001
max payne,PS4,3.48,3.25,17.68,"Shooter, Third-Person",Remedy Entertainment,Rockstar Games,2001.0,8.18,9.42,11.93,8.72,8.18,84.0,8.5
max payne 2: the fall of max payne,PS2,3.81,3.31,20.06,"Shooter, Third-Person",Unknown,Rockstar Games,2003.0,6.37,7.7,10.05,6.87,6.37,81.0,8.466666666666667
max payne 3,PS3,3.87,3.59,19.19,"Shooter, Third-Person",Unknown,Rockstar Games,2012.0,10.05,13.65,33.3,11.63,10.05,86.66666666666667,7.866666666666667
max: the curse of brotherhood,X360,3.5,3.23,7.78,"Platform, Puzzle",Press Play,Microsoft Studios,2013.0,6.43,8.27,10.08,8.15,6.43,70.66666666666667,6.766666666666667
maximo: ghosts to glory,PS2,3.64,3.92,23.49,"Action, Adventure, Hack And Slash, Platform, Third-Person",Capcom Digital Studios,Capcom,2002.0,8.58,10.2,10.52,9.2,8.58,84.0,8.8
mazes of fate,GBA,3.7,3.72,30.93,Role-Playing,Sabarasa,Unknown,2006.0,14.9,14.0,25.0,16.55,14.9,65.0,7.3
mdk2,DC,3.5,3.87,18.78,"Shooter, Third-Person",Unknown,Interplay,2000.0,8.78,9.88,10.13,9.28,8.78,83.0,7.7
me & my katamari,PSP,3.9,3.03,18.78,"Action, Puzzle",Unknown,Namco,2006.0,6.18,6.97,34.32,7.2,6.18,75.0,7.4
mech platoon,GBA,3.28,3.47,22.75,"Real-Time, Strategy/Tactical",Kemco,Kemco,2002.0,8.2,13.42,14.97,14.97,8.2,77.0,7.6
mechanic master,DS,3.36,2.77,10.36,Puzzle,Unknown,Midway Games,2008.0,8.2,13.42,4.82,4.82,8.2,76.0,7.333333333333333
mechassault,XBOX,3.59,3.31,24.79,"Action, Shooter",Day 1 Studios,Microsoft Game Studios,2002.0,7.75,8.5,8.93,7.9,7.75,87.0,8.0
mechassault 2: lone wolf,XBOX,3.66,3.25,27.1,"Action, Shooter, Third-Person",Day 1 Studios,Microsoft Game Studios,2004.0,7.22,10.5,20.95,7.65,7.22,81.0,7.7
mechassault: phantom war,DS,3.26,3.56,19.62,Action,Backbone Entertainment,Majesco Entertainment,2006.0,7.18,13.42,20.95,7.18,7.18,66.0,5.6
mechcommander 2,PC,4.02,3.33,41.54,Real-Time Tactics,FASA Interactive,Microsoft Studios,2001.0,17.85,13.42,20.95,17.85,17.85,80.0,7.8
mechstermination force,NS,4.11,3.93,7.27,"Action, Platform",Hörberg Productions,Hörberg Productions,2019.0,3.38,4.4,12.73,5.12,3.38,79.0,6.8
mechwarrior 4: mercenaries,PC,4.21,3.32,46.07,"Shooter, Simulation",FASA Studio,Microsoft Game Studios / Studio MekTek Inc.,2002.0,8.2,15.3,20.95,15.3,8.2,83.0,8.5
mechwarrior 5: mercenaries,PC,3.57,4.0,65.69,"Action, First-Person, Shooter, Third-Person",Piranha Games,Piranha Games,2021.0,35.17,59.77,79.8,58.38,35.17,73.0,5.3
medal of honor: above and beyond,PC,4.5,3.83,53,"Action, First-Person, Virtual Reality",Respawn Entertainment,Electronic Arts,2020.0,10.22,16.2,15.5,12.03,10.22,66.0,6.5
medal of honor: airborne,PC,3.44,3.01,12.66,"First-Person, Shooter",Unknown,Electronic Arts,2007.0,5.47,7.87,14.4,6.15,5.47,75.33333333333333,7.2333333333333325
medal of honor: allied assault,PC,3.9,3.14,20.96,"First-Person, Shooter",2015 (Twenty-Fifteen),Electronic Arts,2002.0,8.62,12.03,14.28,9.73,8.62,91.0,8.5
medal of honor: european assault,GC,3.62,3.0,19.38,First-Person Shooter,EA Los Angeles,EA Games,2005.0,5.77,6.2,6.77,5.93,5.77,72.0,7.6000000000000005
medal of honor: pacific assault,PC,3.39,3.18,20.32,First-Person Shooter,Unknown,Electronic Arts,2004.0,8.6,11.32,16.28,9.73,8.6,80.0,7.1
medal of honor: rising sun,XBOX,3.38,3.0,23.09,"First-Person, Shooter",EA Los Angeles,EA Games,2003.0,7.57,9.02,9.7,8.1,7.57,68.0,6.599999999999999
medal of honor: vanguard,PS2,3.66,3.21,25.09,"First-Person, Shooter",Budcat Creations,EA Games,2007.0,3.95,4.9,20.95,4.05,3.95,59.5,6.7
medal of honor: warfighter,PC,3.12,2.85,12.52,"Action, First-Person, Shooter",Danger Close Games,Electronic Arts,2012.0,5.57,6.25,9.13,5.85,5.57,54.333333333333336,5.666666666666667
medieval dynasty,PC,3.33,2.67,52.5,"Action, Adventure, Survival",Render Cube,Toplitz Productions,2020.0,28.25,57.8,448.43,96.08,28.25,73.0,6.6
medieval ii: total war,PC,4.17,3.19,65.13,"Real-Time Tactics, Strategy/Tactical, Turn-Based",The Creative Assembly,Unknown,2006.0,32.03,77.57,146.68,64.93,32.03,88.0,9.0
medieval moves: deadmund's quest,PS3,2.9,2.5,15.2,"Action, Adventure",Unknown,Sony Computer Entertainment,2011.0,7.63,13.42,20.95,7.63,7.63,61.0,7.0
medieval: total war,PC,3.91,3.33,67,"Strategy, Tactical, Turn-Based",The Creative Assembly,Activision,2002.0,33.25,36.43,20.95,34.48,33.25,88.0,8.6
medievil: resurrection,PSP,3.68,2.99,15.2,"Action, Adventure",SCE Studio Cambridge,SCEE,2005.0,9.62,11.9,10.93,10.7,9.62,66.0,8.5
mega coin squad,XONE,4.06,2.71,5.1,"Action, Platform, Third-Person",Big Pixel Studios,Adult Swim Games,2014.0,1.95,3.52,16.48,4.52,1.95,74.0,6.4
mega man & bass,GBA,3.75,3.85,13.68,"Action, Platform, Scrolling, Side",Capcom,Capcom,2003.0,5.42,7.73,12.38,6.8,5.42,79.0,8.9
mega man 10,PS3,3.97,3.77,9.29,"Action, Platform",Inti Creates,Capcom,2010.0,2.47,3.58,6.53,2.78,2.47,79.33333333333333,8.5
mega man 11,NS,4.07,3.76,12.87,"Action, Platform",Capcom,Capcom,2018.0,4.88,6.52,20.1,5.95,4.88,79.5,8.45
mega man 9,PS3,4.03,4.01,8.52,"Action, Platform",Unknown,Capcom,2008.0,3.65,4.25,6.22,3.92,3.65,80.66666666666667,8.333333333333334
mega man anniversary collection,PS2,4.19,3.56,34.8,"Action, Platform",Atomic Planet Entertainment,Capcom,2004.0,19.93,27.82,26.57,24.62,19.93,80.66666666666667,8.8
mega man battle network,GBA,3.78,3.07,27.21,"Action, Role-Playing",Capcom Production Studio 2,Unknown,2001.0,13.45,16.67,35.4,16.28,13.45,79.0,8.5
mega man battle network 2,GBA,4.11,3.14,36.93,"Action, Role-Playing",Capcom Production Studio 2,Capcom,2002.0,18.57,24.5,46.87,23.75,18.57,81.0,8.6
mega man legacy collection,3DS,4.18,3.79,31.22,"Action, Compilation, Platform",Digital Eclipse,Capcom,2015.0,17.03,21.33,37.58,20.52,17.03,80.4,8.24
mega man legacy collection 2,PS4,4.3,3.66,42.74,"Action, Compilation, Platform",Capcom,Capcom,2017.0,16.92,18.63,32.0,18.68,16.92,73.66666666666667,8.4
mega man legends 2,PS,4.21,3.11,29.04,"Action, Adventure",Capcom Production Studio 2,Capcom,2000.0,10.92,16.68,24.3,14.87,10.92,76.0,8.6
mega man maverick hunter x,PSP,4.12,3.16,13.78,"Action, Platform",Capcom,Capcom,2006.0,3.75,6.65,8.25,6.1,3.75,79.0,8.5
mega man network transmission,GC,3.54,3.41,23.67,"Action, Platform, Role-Playing",Arika,Capcom,2003.0,7.65,11.7,25.25,10.35,7.65,65.0,8.8
mega man powered up,PSP,4.08,3.24,16.35,"Action, Platform",Capcom,Capcom,2006.0,3.62,6.53,21.0,5.7,3.62,82.0,8.4
mega man x collection,GC,4.26,3.7,39.1,"Action, Platform",Capcom Production Studio 1,Capcom,2006.0,16.08,21.95,17.02,18.42,16.08,74.0,8.850000000000001
mega man x legacy collection 2,NS,4.27,3.64,63.58,"Action, Platform",Capcom,Capcom,2018.0,17.1,25.1,54.67,31.02,17.1,60.0,8.2
mega man x5,PS,3.87,3.27,13.77,"Action, Platform, Scrolling, Side",Unknown,Capcom,2001.0,4.13,4.78,6.68,4.85,4.13,76.0,8.7
mega man x6,PS,3.54,3.8,16.64,"Action, Platform",Unknown,Capcom,2001.0,5.12,5.97,6.98,5.77,5.12,65.0,7.8
mega man x7,PS2,2.91,3.17,13.08,"Action, Platform, Scrolling, Side",Capcom Production Studio 3,Capcom,2003.0,4.18,5.6,6.77,5.08,4.18,58.0,6.8
mega man x8,PS2,3.89,3.2,18.52,"Action, Platform",Capcom Production Studio 1,Capcom,2004.0,4.85,8.07,14.83,7.9,4.85,68.0,8.7
mega man x: command mission,PS2,3.82,2.95,36.23,Role-Playing,Capcom Production Studio 3,Capcom,2004.0,21.62,29.37,64.12,30.28,21.62,68.0,8.649999999999999
mega man zero,GBA,3.92,3.87,16.59,"Action, Platform",Inti Creates,Capcom,2002.0,3.48,4.97,10.28,4.17,3.48,82.0,8.8
mega man zero 2,GBA,4.07,3.8,17.72,"Action, Platform",Inti Creates,Capcom,2003.0,3.33,5.33,13.32,4.4,3.33,81.0,8.7
mega man zero 3,GBA,4.2,3.69,17.15,Action,Inti Creates,Capcom,2004.0,2.92,4.55,6.57,3.55,2.92,77.0,8.9
mega man zero 4,GBA,4.11,3.55,17.48,"Action, Platform",Unknown,Capcom,2005.0,2.85,5.55,5.38,3.75,2.85,77.0,8.8
mega man zero collection,DS,4.3,3.84,34.82,Action,Capcom,Capcom,2010.0,12.43,24.45,49.68,22.18,12.43,78.0,8.8
mega man zx,DS,3.99,3.32,20.99,"Action, Platform",Inti Creates,Capcom,2006.0,7.38,11.97,17.67,10.28,7.38,76.0,8.8
mega man zx advent,DS,4.05,3.27,23.21,"Action, Platform",Inti Creates,Capcom,2007.0,6.15,12.37,19.48,10.77,6.15,78.0,8.8
megabyte punch,PC,3.76,3.35,12,"Beat Em Up, Fighting, Platform",Reptile,Unknown,2013.0,8.17,10.83,20.5,10.37,8.17,69.0,7.4
megadimension neptunia vii,PC,3.9,2.96,64.43,Role-Playing,Unknown,Compile Heart WW Idea Factory International,2016.0,35.88,58.97,84.18,57.65,35.88,71.0,7.400000000000001
megadimension neptunia viir,PS4,3.76,2.86,58.5,"Role-Playing, Third-Person, Virtual Reality",Unknown,Idea Factory International,2018.0,40.67,63.8,99.62,68.28,40.67,71.0,6.5
megatagmension blanc + neptune vs zombies,PC,3.17,2.27,22,"Hack And Slash, Role-Playing",Idea Factory International,Idea Factory International,2016.0,6.43,12.43,21.5,12.67,6.43,61.0,6.4
megaton rainfall,PC,3.91,1.93,4.77,"Action, Virtual Reality",Pentadimensional Games,Pentadimensional Games,2017.0,4.0,3.38,3.67,3.68,4.0,72.0,6.7
meiq: labyrinth of death,VITA,3.5,3.11,56.19,Role-Playing,Compile Heart Publisher,Idea Factory International,2016.0,27.63,19.38,20.95,24.88,27.63,56.0,7.4
membrane,NS,3.32,3.45,10.42,"Action, Platform",Perfect Hat,Perfect Hat,2018.0,3.68,4.33,5.73,4.93,3.68,71.0,7.5
memoranda,PC,3.46,3.46,6.55,"Adventure, Point-And-Click",Bit Byterz,Digital Dragon,2017.0,4.12,5.12,4.33,4.48,4.12,58.0,6.7
men in black ii: alien escape,PS2,2.5,3.53,11.31,"Action, Adventure",Unknown,Unknown,2002.0,3.45,13.42,20.95,3.45,3.45,50.0,7.1
men of war,PC,4.02,3.93,35.05,Real-Time Tactics,Unknown,Unknown,2009.0,31.92,41.0,44.23,38.47,31.92,80.0,8.0
men of war: assault squad,PC,3.66,3.81,48.35,"Real-Time, Strategy/Tactical, Top-Down",DigitalMindSoft,1C Company,2011.0,16.77,13.42,74.0,45.38,16.77,77.0,7.9
men of war: assault squad 2,PC,4.1,3.67,71.2,"Real-Time, Strategy",Digitalmindsoft,1C Company,2014.0,51.62,111.02,275.0,101.82,51.62,68.0,6.4
men of war: condemned heroes,PC,3.62,3.4,38.25,"Real-Time, Strategy/Tactical",1C Company,1C Company,2012.0,14.38,18.32,28.02,18.65,14.38,57.0,6.5
men of war: red tide,PC,3.87,3.83,52.18,"Real-Time, Real-Time Tactics, Strategy/Tactical",Unknown,Unknown,2009.0,31.4,30.9,42.0,33.92,31.4,77.0,7.9
men of war: vietnam,PC,4.0,3.86,53.14,Strategy,1C Company,1C Company,2010.0,10.63,13.12,27.75,17.43,10.63,68.0,5.4
mercenaries 2: world in flames,PS2,3.43,2.97,30.19,Third-Person Shooter Sandbox,Unknown,Electronic Arts,2008.0,15.42,24.92,37.0,20.23,15.42,65.75,6.925
mercenaries saga chronicles,NS,3.91,3.28,64,Role-Playing,Unknown,CIRCLE Ent.,2018.0,48.57,90.7,193.0,79.87,48.57,68.0,7.8
mercenary kings,PS4,3.41,3.73,42.12,Shooter,Tribute Games,Tribute Games,2014.0,19.37,35.03,56.08,33.25,19.37,73.0,6.25
mercury meltdown,PSP,3.63,3.38,32.33,Puzzle,Ignition Banbury,Ignition,2006.0,7.0,13.42,20.95,7.0,7.0,78.0,8.0
mercury meltdown revolution,WII,3.61,3.8,56.46,Puzzle,Ignition Banbury,Ignition Entertainment,2007.0,8.2,6.0,20.95,6.0,8.2,77.0,7.6
metal arms: glitch in the system,PS2,3.8,3.2,31.14,"Shooter, Third-Person",Unknown,Vivendi Universal,2003.0,12.97,13.82,20.0,13.85,12.97,82.0,8.433333333333334
metal dungeon,XBOX,2.92,3.9,52.67,Role-Playing,Panther Software,Xicat Interactive,2002.0,24.02,8.0,120.0,44.0,24.02,44.0,6.0
metal fatigue,PC,3.91,3.75,37.4,"Real-Time, Strategy/Tactical",Zono Inc.,Unknown,2000.0,20.0,13.42,75.0,47.5,20.0,68.0,8.9
metal gear acid,PSP,3.63,3.32,27.45,"Collectible Card Game, Stealth-Based Game, Turn-Based Tactics",Konami Computer Entertainment Japan,Konami Computer Entertainment,2005.0,21.18,29.5,50.72,25.78,21.18,75.0,7.1
metal gear online,PS3,4.14,3.55,67.96,"Action, Shooter, Stealth, Third-Person",Kojima Productions,Konami,2008.0,8.2,13.42,20.95,11.25,8.2,81.0,7.8
metal gear rising: revengeance,MAC,2.78,2.86,25.6,"Action, Hack And Slash",Platinum Games,Konami,2013.0,7.38,12.53,44.72,9.88,7.38,81.66666666666667,8.133333333333333
metal gear solid 2: sons of liberty,PS2,4.28,3.23,25.02,"Action, Adventure",Konami Computer Entertainment Japan,Konami,2001.0,13.32,15.53,31.32,14.4,13.32,96.0,8.8
metal gear solid 2: substance,XBOX,4.11,3.34,26.75,"Action, Stealth",Konami,Konami,2002.0,13.5,16.17,50.03,16.13,13.5,83.66666666666667,8.200000000000001
metal gear solid 3: snake eater,PS2,4.54,3.27,29.4,"Action, Adventure, Stealth, Third-Person",Unknown,Konami,2004.0,15.75,20.03,26.37,17.4,15.75,91.0,8.0
metal gear solid 3: subsistence,PS2,4.58,3.17,29.83,"Action, Stealth, Third-Person",Kojima Productions,Konami Corporation,2006.0,16.05,19.03,27.73,17.5,16.05,94.0,8.0
metal gear solid 4: guns of the patriots,PS3,4.54,3.22,30.79,"Shooter, Strategy/Tactical, Third-Person",Kojima Productions,Konami,2008.0,18.52,22.05,38.27,20.13,18.52,94.0,8.8
metal gear solid hd collection,VITA,4.35,3.32,45.48,"Action, Adventure, Stealth",Konami,Konami,2011.0,47.3,62.12,102.83,61.2,47.3,86.66666666666667,8.633333333333333
metal gear solid v: ground zeroes,XONE,3.66,3.42,10.51,"Action, Adventure, Stealth, Third-Person",Kojima Productions,Konami,2014.0,1.93,7.27,21.72,5.35,1.93,77.0,6.6
metal gear solid v: the phantom pain,PC,4.13,3.1,74.86,"Action, Open World, Stealth, Third-Person",Kojima Productions,Konami,2015.0,46.27,84.68,169.77,88.08,46.27,93.0,7.9
metal gear solid: digital graphic novel,PSP,3.61,1.59,9.47,"Hidden Object, Interactive Art",Kojima Productions,Konami,2006.0,2.67,3.15,3.0,2.8,2.67,78.0,7.6
metal gear solid: peace walker,PSP,4.31,3.36,53.08,"Action, Stealth, Third-Person",Kojima Productions,Konami,2010.0,18.18,30.35,95.02,29.5,18.18,89.0,8.6
metal gear solid: portable ops,PSP,3.85,3.18,27.49,"Action, Stealth, Third-Person",Kojima Productions,Konami,2006.0,11.55,16.52,32.5,13.95,11.55,87.0,8.0
metal gear solid: portable ops plus,PSP,3.78,3.2,29.98,"Action, Adventure, Stealth",Kojima Productions,Konami,2007.0,3.95,8.53,12.0,6.1,3.95,65.0,7.3
metal gear solid: snake eater 3d,3DS,4.2,3.38,26.32,"Action, Stealth",Kojima Productions,Konami,2012.0,16.68,22.27,27.05,18.25,16.68,78.0,7.0
metal gear solid: the twin snakes,GC,4.2,3.06,20.26,"Action, Stealth",Unknown,Konami,2004.0,10.17,11.68,18.32,10.67,10.17,85.0,8.9
metal gear survive,PC,1.63,2.14,16.13,"Action, Adventure, Survival",Konami,Konami,2018.0,23.18,32.72,125.62,33.75,23.18,58.666666666666664,1.5999999999999999
metal max xeno,VITA,3.35,3.9,64,Role-Playing,Cattle Call,NIS America,2018.0,29.05,32.05,82.32,35.53,29.05,61.0,5.8
metal saga,PS2,3.66,3.33,54.35,Role Playing,Crea-Tech,Unknown,2006.0,22.93,35.13,20.95,29.9,22.93,62.0,8.3
metal slug 3,PC,3.75,3.63,8.64,"Action, Scrolling, Shooter",SNK,SNK,2000.0,1.5,2.93,4.7,1.93,1.5,77.0,6.0
metal slug 7,DS,3.77,3.76,12.18,"Shooter, Side",SNK Playmore,Unknown,2008.0,1.15,2.85,5.0,1.55,1.15,70.0,7.7
metal slug advance,GBA,3.64,3.89,12.16,"Scrolling, Shooter",Noise Factory,SNK Playmore,2004.0,1.65,1.5,2.0,1.65,1.65,79.0,8.5
metal slug anthology,PS4,3.97,3.76,16.3,"Scrolling, Shooter",Unknown,SNK Playmore,2006.0,7.2,10.47,19.57,9.47,7.2,77.0,8.299999999999999
metal slug x,PS,3.78,3.29,7.95,"Action, Scrolling, Shooter",Agetec,SNK,1999.0,1.13,2.52,4.62,1.53,1.13,85.0,8.6
metal torrent,DS,3.52,3.2,2.61,"Scrolling, Shooter",Unknown,Nintendo,2010.0,0.23,3.45,9.5,1.62,0.23,62.0,9.6
metal wolf chaos xd,PC,3.14,3.13,8.86,Unknown,Unknown,Devolver Digital,2019.0,6.85,10.75,32.0,8.6,6.85,61.0,6.033333333333333
meteos,DS,4.06,3.09,20.96,Puzzle,Unknown,Unknown,2005.0,5.28,16.58,50.3,15.53,5.28,88.0,7.4
meteos: disney magic,DS,3.63,3.05,17.73,Puzzle,Unknown,Buena Vista Games,2007.0,1.12,13.42,20.95,1.12,1.12,74.0,6.6
metrico,VITA,2.76,2.75,4.56,"Platform, Puzzle",Digital Dreams,Unknown,2014.0,4.02,6.0,6.75,4.33,4.02,68.0,5.8
metrico+,PC,3.38,3.13,6.57,"Platform, Puzzle, Scrolling, Side",Digital Dreams,Digital Dreams,2016.0,3.48,4.92,8.02,4.4,3.48,78.0,6.4
metro 2033,PC,3.7,3.25,15,"Action, Adventure, First-Person, Real-Time, Shooter, Survival",4A Games,THQ,2010.0,9.63,12.3,22.67,11.23,9.63,79.0,8.0
metro exodus,PS4,3.6,3.15,25.9,"First-Person, Horror, Shooter, Stealth, Survival",4A Games,Deep Silver,2019.0,16.07,24.88,42.45,23.57,16.07,81.33333333333333,7.433333333333334
metro redux,PC,3.75,3.03,25.61,"Compilation, First-Person, Shooter",4A Games,Deep Silver,2014.0,17.85,24.42,54.93,25.62,17.85,82.75,8.174999999999999
metro: last light,PS3,3.74,3.1,17.52,"First-Person, Shooter",4A Games,Deep Silver,2013.0,10.63,14.37,38.6,13.17,10.63,80.66666666666667,8.333333333333334
metroid dread,NS,4.21,3.69,15.56,"Action, Platform, Scrolling, Side",Unknown,Nintendo,2021.0,9.48,12.07,14.3,11.8,9.48,88.0,8.6
metroid fusion,GBA,4.22,3.29,14.06,"Action, Adventure, Shooter",Nintendo R&D1,Nintendo,2002.0,5.23,6.25,9.03,6.05,5.23,92.0,9.0
metroid prime,WII,4.22,3.26,28.31,"Action, Adventure, First-Person, Shooter",Unknown,Nintendo,2002.0,13.87,16.15,18.32,15.65,13.87,97.0,8.9
metroid prime 2: echoes,WII,4.08,3.63,31.1,"Action, Adventure, First-Person",Unknown,Nintendo,2004.0,16.65,19.15,22.2,18.83,16.65,92.0,8.8
metroid prime 3: corruption,WII,4.21,3.11,24.67,"Action, Adventure, First-Person, Platform",Unknown,Nintendo,2007.0,13.5,15.2,17.48,15.12,13.5,90.0,8.8
metroid prime pinball,DS,3.51,3.19,11.26,Pinball,Fuse Games,Nintendo,2005.0,1.87,4.97,8.8,3.5,1.87,79.0,7.9
metroid prime: federation force,3DS,2.93,3.1,27.36,"First-Person, Puzzle, Real-Time, Shooter",Next Level Games,Nintendo,2016.0,10.73,14.0,15.0,11.35,10.73,64.0,5.4
metroid: other m,WII,3.49,2.95,17.31,"Action, Adventure, Third-Person",Unknown,Nintendo,2010.0,9.55,10.75,13.15,10.87,9.55,79.0,6.7
metroid: samus returns,3DS,4.17,3.44,17.61,"Action, Adventure",Unknown,Nintendo,2017.0,11.17,13.87,15.48,13.8,11.17,85.0,8.7
metroid: zero mission,GBA,4.26,3.1,12.77,"Action, Adventure, Scrolling",Nintendo,Nintendo R&D1,2004.0,4.65,5.47,8.77,5.33,4.65,89.0,8.9
metropolis street racer,DC,4.05,3.61,45.58,"Driving, Racing",Bizarre Creations,Sega,2001.0,17.78,26.4,40.22,26.27,17.78,87.0,8.8
miami law,DS,3.58,2.91,18.15,"Action, Adventure",Hudson Soft,Hudson Soft,2009.0,5.72,10.92,48.83,12.4,5.72,56.0,8.2
miasmata,PC,3.33,3.69,18.25,"Action, Adventure",IonFx Studios,IonFx Studios,2012.0,11.57,14.45,25.75,15.4,11.57,76.0,7.6
mickey's speedway usa,N64,3.65,2.91,20.53,"Driving, Racing",Rareware,Nintendo,2000.0,6.13,7.5,16.45,7.8,6.13,71.0,7.6
micro machines v4,DS,3.33,3.81,26.8,"Driving, Racing",Supersonic Software,Codemasters,2006.0,4.0,13.42,18.0,11.0,4.0,61.0,6.7
micro machines world series,PS4,2.74,2.36,8.06,"Driving, Racing",Codemasters,Codemasters,2017.0,1.05,13.42,20.95,1.05,1.05,58.0,4.033333333333333
microsoft flight simulator x,PC,4.15,3.63,65.36,Simulation,Microsoft Game Studios,Microsoft Game Studios,2006.0,214.75,290.5,1625.0,586.25,214.75,80.0,7.3
midnight club 3: dub edition,XBOX,3.93,3.36,45.4,"Driving, Racing",Unknown,Rockstar Games,2005.0,21.77,40.6,49.13,35.78,21.77,80.66666666666667,8.133333333333333
midnight club 3: dub edition remix,XBOX,3.8,3.39,38.35,"Driving, Racing",Rockstar San Diego,Rockstar Games,2006.0,21.8,26.4,30.97,25.48,21.8,86.0,7.45
midnight club ii,PC,3.58,3.45,32.7,"Driving, Racing, Sandbox, Simulation",Rockstar San Diego,Rockstar Games,2003.0,12.35,13.9,16.15,13.93,12.35,84.0,7.8999999999999995
midnight club: la remix,PSP,4.19,3.22,42.9,"Driving, Racing",Rockstar London,Rockstar Games,2008.0,10.82,20.45,22.5,17.62,10.82,79.0,8.3
midnight club: los angeles,X360,3.91,3.27,41.39,"Driving, Racing",Rockstar San Diego,Rockstar Games,2008.0,21.87,35.18,47.63,30.4,21.87,81.5,8.15
midnight club: street racing,GBA,2.26,3.68,29.43,"Driving, Racing",Unknown,Unknown,2000.0,7.13,7.75,9.57,8.18,7.13,78.0,7.6
midtown madness 2,PC,3.9,2.82,28.16,"Driving, Racing",Angel Studios,Microsoft Game Studios,2000.0,8.0,10.57,10.0,8.9,8.0,78.0,8.6
midtown madness 3,XBOX,3.71,2.92,25.46,"Driving, Racing",Unknown,Unknown,2002.0,7.88,7.8,11.32,8.58,7.88,76.0,8.2
midway arcade origins,X360,3.37,3.07,22.83,"Action, Compilation",Backbone Entertainment,Warner Bros.,2012.0,5.83,13.42,9.78,9.0,5.83,61.0,7.5
midway arcade treasures,PS2,3.64,3.23,36.91,Compilation,Unknown,Unknown,2003.0,12.42,13.42,20.95,12.42,12.42,74.0,7.833333333333333
midway arcade treasures 2,PS2,3.74,3.21,33.31,Compilation,Unknown,Midway,2004.0,8.7,13.42,20.95,8.7,8.7,74.0,6.966666666666667
midway arcade treasures 3,PS2,3.58,3.04,30.5,Compilation,Midway,Midway,2005.0,4.97,13.42,20.95,4.97,4.97,66.66666666666667,7.0
midway's greatest arcade hits,GBA,2.89,3.24,6.54,Compilation,Digital Eclipse,Midway,2001.0,8.2,13.42,2.0,2.0,8.2,48.0,7.5
might & magic: heroes vi,PC,3.35,3.25,66.72,Turn-Based,Black Hole Entertainment,Ubisoft,2011.0,86.33,94.77,191.33,115.63,86.33,77.0,5.9
might & magic: heroes vii,PC,2.66,2.62,62.33,"Strategy/Tactical, Turn-Based",Limbic Entertainment,Ubisoft,2015.0,60.85,131.62,193.25,114.47,60.85,67.0,4.9
might and magic ix,PC,2.87,3.02,46.36,Role-Playing,New World Computing,The 3DO Company,2002.0,8.2,41.38,55.0,42.9,8.2,55.0,4.9
mighty flip champs!,DS,3.97,3.67,19.39,Puzzle,WayForward,WayForward,2009.0,4.33,13.42,6.88,5.6,4.33,83.0,7.9
mighty goose,PC,3.46,2.6,3.2,"Scrolling, Side",Unknown,Playism,2021.0,2.65,3.28,6.2,3.38,2.65,72.5,7.449999999999999
mighty gunvolt,PC,3.23,2.65,2.05,"Action, Platform",Unknown,Inti Creates,2014.0,0.72,2.78,2.58,1.42,0.72,72.0,7.0
mighty gunvolt burst,PC,3.57,3.33,11,Action,Inti Creates,Inti Creates,2017.0,3.28,5.8,9.12,4.67,3.28,76.0,7.7
mighty milky way,DS,3.7,3.94,19.78,"Platform, Puzzle",WayForward Technologies,WayForward Technologies,2011.0,5.3,6.5,12.17,7.1,5.3,81.0,8.1
mighty switch force!,3DS,3.86,3.31,7.4,"Action, Puzzle",WayForward Technologies,WayForward Technologies,2011.0,2.73,4.1,6.57,4.0,2.73,79.0,7.7
mighty switch force! 2,3DS,3.93,3.31,8.26,"Action, Platform, Puzzle",WayForward Technologies,WayForward Technologies,2013.0,2.78,4.32,6.13,3.97,2.78,73.0,7.3
mighty switch force! hyper drive edition,PC,3.73,3.8,13.8,"Action, Puzzle, Side",WayForward Technologies,WayForward,2012.0,2.8,6.5,12.37,4.58,2.8,80.0,7.8
miitopia,3DS,4.17,2.77,48.8,Role-Playing,Unknown,Nintendo,2017.0,30.42,49.2,99.83,45.47,30.42,69.0,7.9
milkmaid of the milky way,NS,3.69,2.6,3.2,Adventure,Mattis Folkestad,Machineboy,2017.0,2.15,2.23,2.13,2.15,2.15,74.0,7.0
mind zero,VITA,3.31,3.23,51.79,"First-Person, Role-Playing",Unknown,Aksys Games,2014.0,28.7,67.33,76.77,47.98,28.7,59.0,6.7
minecraft,LNX,3.76,2.85,80.00+,"First-Person, Sandbox, Survival, Third-Person",Mojang,Mojang,2011.0,86.08,174.57,376.97,186.98,86.08,89.5,7.75
minecraft dungeons,PC,3.21,2.73,16.02,"Action, Role-Playing",Mojang,Mojang,2020.0,5.97,15.38,40.42,12.48,5.97,72.0,7.0
minecraft: story mode - episode 1: the order of the stone,PS4,3.08,1.71,2.23,"Adventure, Point-And-Click",Telltale Games,Telltale Games,2015.0,1.8,2.08,1.8,1.83,1.8,73.0,5.033333333333333
minecraft: story mode - episode 2: assembly required,PS4,3.25,1.83,1.42,"Adventure, Point-And-Click",Telltale Games,Telltale Games,2015.0,1.15,1.18,1.35,1.22,1.15,57.666666666666664,4.699999999999999
mini metro,PC,3.57,3.8,14.35,"Simulation, Strategy/Tactical",Dinosaur Polo Club,Dinosaur Polo Club,2014.0,6.13,13.75,46.12,15.95,6.13,81.5,7.85
mini motorways,PC,3.57,2.5,8.67,"Simulation, Top-Down",Dinosaur Polo Club,Dinosaur Polo Club,2021.0,7.05,13.0,42.35,15.72,7.05,84.0,7.3
mini ninjas,PC,3.47,2.49,13.43,"Action, Adventure",Unknown,Unknown,2009.0,7.88,10.9,15.13,10.0,7.88,72.0,7.96
minimum,PC,4.0,3.3,22,Unknown,Human Head Studios,Unknown,2014.0,8.2,13.42,20.95,11.25,8.2,69.0,6.4
minit,PC,3.42,2.67,3.56,"Action, Adventure, Scrolling, Top-Down",Unknown,Devolver Digital,2018.0,1.72,2.32,4.0,2.4,1.72,78.5,6.925
minoria,PC,3.61,3.04,9.04,"Action, Adventure",Bombservice,DANGEN Entertainment,2019.0,5.3,6.78,9.3,6.85,5.3,73.0,6.699999999999999
minority report: everybody runs,GBA,2.29,3.58,9.5,Action,Treyarch,Activision,2002.0,6.37,13.42,20.95,6.37,6.37,52.75,6.1000000000000005
mirrormoon ep,PC,2.85,2.17,4.57,Adventure,Santa Ragione,Santa Ragione,2013.0,3.77,5.93,6.0,5.42,3.77,73.0,5.8
missing: an interactive thriller - episode one,PC,3.71,3.67,12.7,Adventure,Zandel Media,Zandel Media,2015.0,0.82,0.83,1.02,0.9,0.82,63.0,6.6
mister mosquito,PS2,3.4,3.24,8.7,"Action, Simulation, Third-Person",Zoom,Unknown,2002.0,3.03,4.08,7.97,3.4,3.03,65.0,5.8
mlb 08: the show,PSP,3.86,2.82,38,Sports,SCE San Diego Studio,Sony Computer Entertainment,2008.0,10.0,13.42,20.95,10.0,10.0,84.0,7.766666666666666
mlb 09: the show,PS2,3.88,2.94,34.57,Sports,SCE San Diego Studio,Sony Computer Entertainment,2009.0,1.0,13.42,20.95,1.0,1.0,82.33333333333333,7.300000000000001
mlb 12: the show,VITA,3.91,3.63,70.25,Sports,SCE San Diego Studio,Sony Computer Entertainment,2012.0,8.2,265.0,20.95,265.0,8.2,81.5,7.800000000000001
mlb 14: the show,PS4,4.03,3.15,74.38,Sports,SCE San Diego Studio,Sony Computer Entertainment,2014.0,42.33,248.53,10.0,105.67,42.33,82.0,7.1499999999999995
mlb power pros,PS2,3.68,3.0,60,Sports,Konami,2K Sports,2007.0,4.3,13.42,20.95,4.3,4.3,81.5,8.149999999999999
mlb the show 19,PS4,3.49,3.02,52.27,"Simulation, Sports, Third-Person",SIE San Diego Studio,Sony Interactive Entertainment,2019.0,100.97,170.27,436.0,160.27,100.97,86.0,7.5
mlb the show 20,PS4,3.37,2.69,61.26,"Sports, Third-Person",San Diego Studio,Sony Interactive Entertainment,2020.0,168.75,261.2,524.75,313.83,168.75,83.0,6.3
mlb the show 22,XONE,2.82,2.44,8.33,"Simulation, Sports",Sony Interactive Entertainment San Diego Studio,Sony Interactive Entertainment,2022.0,158.8,175.75,524.08,309.43,158.8,78.5,5.65
mobile forces,PC,3.7,3.0,12,"First-Person, Shooter",Rage Software,Unknown,2002.0,0.95,5.5,19.15,9.13,0.95,68.0,7.3
mobile light force 2,PS2,3.26,3.5,4.22,"Action, On-Rails, Shooter, Top-Down",Alfa System,Unknown,2003.0,0.47,3.0,20.95,0.88,0.47,59.0,7.2
mobile suit gundam: crossfire,PS3,3.03,3.55,27.61,Action,Namco Bandai Games,Namco Bandai Games,2006.0,9.18,13.42,20.95,9.18,9.18,33.0,4.7
mobile suit gundam: encounters in space,PS2,3.74,3.29,29.44,"Action, Vehicular Combat",Bandai,Bandai,2003.0,5.75,15.02,20.95,9.45,5.75,66.0,8.5
mobile suit gundam: extreme vs. maxiboost on,PS4,4.29,4.09,62.59,"Fighting, Third-Person",Bandai Namco Games,Bandai Namco Games,2020.0,5.0,27.5,50.0,27.5,5.0,78.0,7.7
mobile suit gundam: federation vs. zeon,PS2,3.89,3.14,36.07,"Action, Hack And Slash",Capcom,Bandai,2002.0,11.1,13.42,20.95,11.1,11.1,73.0,8.6
mobile suit gundam: gundam vs. zeta gundam,PS2,4.03,3.29,47.98,"Shooter, Third-Person",Capcom,Bandai,2005.0,8.2,20.5,20.95,20.5,8.2,57.0,8.7
mobile suit gundam: journey to jaburo,PS2,3.42,3.15,17.62,Action,Bandai,Bandai,2001.0,5.55,10.0,20.95,6.18,5.55,58.0,8.2
mobile suit gundam: zeonic front,PS2,3.8,3.84,39.43,Strategy,Sunrise Interactive,Bandai,2002.0,4.95,5.0,10.0,5.8,4.95,71.0,8.7
moco moco friends,3DS,3.66,2.67,43.57,Role-Playing,Racjin Nippon Columbia,Aksys Games,2015.0,27.72,30.25,39.85,32.1,27.72,62.0,5.8
modnation racers,PSP,3.49,2.87,21.3,"Driving, Racing",United Front Games,Sony Computer Entertainment,2010.0,6.78,18.35,40.27,11.42,6.78,77.5,7.85
modnation racers: road trip,VITA,3.06,2.98,21.65,"Driving, Racing",SCE San Diego Studio,Sony Computer Entertainment,2012.0,5.32,7.0,8.28,5.93,5.32,62.0,6.3
moebius: empire rising,PC,2.89,2.89,9.71,"Adventure, Point-And-Click, Third-Person",Phoenix Online Studios,Pinkerton Road Studios,2014.0,9.05,11.12,9.77,9.68,9.05,54.0,6.1
moero crystal h,NS,3.78,3.25,55.58,"Role-Playing, Turn-Based",Unknown,Eastasiasoft,2020.0,33.47,43.32,20.95,39.08,33.47,73.0,6.8
mojo!,XBOX,2.71,2.83,26.4,Puzzle,FarSight Studios,Crave Entertainment,2003.0,8.42,13.42,20.95,8.42,8.42,63.0,7.333333333333333
momodora: reverie under the moonlight,XONE,3.53,3.08,8,"Action, Platform, Third-Person",Bombservice,AGM PLAYISM,2016.0,4.58,5.7,10.85,6.03,4.58,76.0,7.4
monark,PS5,2.35,3.17,28.5,"Role-Playing, Turn-Based",FURYU Corporation,NIS America,2022.0,47.2,64.18,75.52,60.07,47.2,64.0,5.75
moncage,PC,3.42,3.5,2.8,"Adventure, Puzzle",Optillusion,Xd,2021.0,2.62,3.07,4.67,3.15,2.62,70.0,7.333333333333333
monday night combat,PC,3.55,3.21,34.2,"Action, Shooter, Third-Person",Uber Entertainment,Unknown,2010.0,3.78,37.62,15.8,14.43,3.78,80.5,7.6
monochroma,PC,3.07,3.17,11.13,"Action, Adventure",Nowhere Studios,Nowhere Studios,2014.0,4.38,4.48,5.25,4.83,4.38,60.5,6.8
monopoly streets,PS3,3.56,2.64,23.57,Board Game,Electronic Arts,Electronic Arts,2010.0,3.07,7.0,13.0,7.03,3.07,65.0,5.733333333333333
monopoly tycoon,PC,3.79,3.08,28.67,"Board Game, Simulation",Deep Red Games,Infogrames,2001.0,12.28,13.42,20.95,12.28,12.28,85.0,7.7
monster 4x4: masters of metal,PS2,3.09,2.82,15.43,"Driving, Racing",Ubisoft,Ubisoft,2003.0,3.28,13.42,20.95,3.28,3.28,48.5,8.3
monster energy supercross - the official videogame,PS4,2.93,2.26,14.5,"Driving, Racing, Simulation",Milestone,Milestone,2018.0,8.0,11.52,17.38,13.37,8.0,68.0,6.0
monster force,GBA,2.63,3.23,11.33,Action,Digital Eclipse Software,Universal Interactive,2002.0,3.35,13.42,20.95,3.35,3.35,65.0,7.333333333333333
monster harvest,NS,2.67,3.3,18.75,"Action, Management, Real-Time, Role-Playing, Scrolling, Top-Down, Turn-Based",Maple Powered Games,Merge Games,2021.0,12.42,21.62,20.95,18.98,12.42,57.0,4.0
monster house,DS,2.02,3.89,9.13,"Action, Adventure",Artificial Mind and Movement,THQ,2006.0,4.62,6.4,7.12,5.23,4.62,62.5,6.7
monster hunter,PS2,4.08,3.96,75.21,Action,Capcom,Capcom,2004.0,42.15,76.32,337.75,132.63,42.15,68.0,8.6
monster hunter 3 ultimate,WIIU,4.35,3.82,80.00+,"Action, Role-Playing",Eighting,Capcom,2013.0,78.12,175.15,599.18,179.5,78.12,80.5,8.100000000000001
monster hunter 4 ultimate,3DS,4.56,4.3,80.00+,"Action, Role-Playing",Capcom,Unknown,2015.0,78.68,167.17,395.13,164.17,78.68,86.0,8.6
monster hunter freedom,PSP,4.01,3.95,75.93,"Action, Role-Playing",Capcom Production Studio 1,Capcom,2006.0,43.77,78.87,409.53,141.4,43.77,71.0,8.4
monster hunter freedom 2,PSP,4.31,3.89,79.04,Action,Capcom Production Studio 1,Capcom,2007.0,39.2,75.03,239.02,92.77,39.2,72.0,8.5
monster hunter freedom unite,PSP,4.43,4.05,80.00+,Unknown,Capcom,Capcom,2009.0,101.52,192.82,453.82,223.62,101.52,81.0,8.5
monster hunter generations,3DS,4.32,3.65,80.00+,"Action, Role-Playing",Capcom,Capcom,2016.0,54.45,151.7,191.37,111.68,54.45,85.0,8.0
monster hunter generations ultimate,NS,4.29,3.89,80.00+,"Action, Role-Playing",Capcom,Capcom,2018.0,81.98,184.8,932.22,211.87,81.98,80.0,8.4
monster hunter rise,PC,4.03,3.2,70.63,"Action, Role-Playing, Third-Person",Capcom,Capcom,2021.0,24.6,89.45,198.1,70.63,24.6,86.75,4.175
monster hunter stories,AND,4.16,3.09,67.56,Role-Playing,Marvelous,Unknown,2017.0,36.12,53.65,91.63,50.13,36.12,79.0,8.2
monster hunter stories 2: wings of ruin,PC,4.07,2.9,74.44,"Role-Playing, Turn-Based",Capcom,Capcom,2021.0,41.47,64.78,148.63,63.62,41.47,81.5,5.4
monster hunter tri,WII,4.29,3.74,79,Action Role-Playing,Capcom Production Studio 1,Capcom,2010.0,61.35,157.17,416.07,171.97,61.35,84.0,8.5
monster hunter: world,PC,4.16,3.46,80.00+,"Action, Role-Playing",Capcom,Capcom,2018.0,46.88,129.73,476.53,139.1,46.88,89.33333333333333,7.2333333333333325
monster jam,WII,3.0,3.09,19,"Driving, Racing",Torus Games,Activision,2007.0,4.28,5.52,7.17,5.47,4.28,43.0,6.6
monster jam: maximum destruction,GBA,2.73,2.87,23.67,"Driving, Racing",Unknown,Ubisoft Marvel Comics,2002.0,1.23,13.42,20.95,1.23,1.23,47.0,6.2
monster kingdom: jewel summoner,PSP,3.57,2.51,32.6,Turn-Based Role-Playing,Gaia,Unknown,2007.0,28.8,26.0,118.03,43.2,28.8,66.0,7.3
monster madness: grave danger,PS3,3.12,2.92,9,Shooter,Unknown,SouthPeak Games,2008.0,6.58,13.42,20.95,6.58,6.58,55.0,6.5
monster monpiece,PC,3.63,3.0,37.78,"Card Game, Role-Playing, Turn-Based",Compile Heart,Idea Factory International,2014.0,22.97,36.2,38.57,32.45,22.97,67.0,7.5
monster of the deep: final fantasy xv,PS4,2.92,2.5,15.88,"Adventure, Virtual Reality",Square Enix,Square Enix,2017.0,2.6,5.57,12.53,7.23,2.6,62.0,8.7
monster prom,PC,3.67,2.79,16.13,"Simulation, Social",Beautiful Glitch,Those Awesome Guys,2018.0,1.12,10.5,134.83,11.87,1.12,73.0,6.9
monster prom 2: monster camp,PC,4.0,2.5,27.42,Unknown,Beautiful Glitch,Beautiful Glitch,2020.0,1.38,19.27,20.95,7.2,1.38,80.0,7.5
monster rancher 3,PS2,3.73,2.91,51.61,Strategy/Tactical,Tecmo,Tecmo,2001.0,19.85,13.42,20.95,19.85,19.85,77.0,8.6
monster rancher 4,PS2,3.96,3.07,50.55,Simulation,Tecmo,Tecmo,2003.0,35.0,40.0,20.95,37.5,35.0,77.0,8.5
monster rancher advance,GBA,3.58,3.0,36.54,Simulation,Tecmo,Tecmo,2001.0,19.93,13.42,20.95,19.93,19.93,76.0,8.2
monster rancher evo,PS2,3.37,3.16,37.76,Role-Playing,Tecmo,Tecmo,2006.0,36.1,13.42,20.95,36.1,36.1,58.0,6.8
monster sanctuary,PC,3.64,3.12,40,"Action, Adventure, Side",Moi Rai Games,Team17 Digital,2019.0,30.53,37.83,50.18,40.12,30.53,74.0,7.8
monster tale,DS,3.93,2.84,13.34,"Action, Platform",DreamRift,Majesco Entertainment,2010.0,7.48,11.35,12.77,9.65,7.48,79.0,8.0
monster train,PC,4.03,3.32,51.17,"Card Game, Roguelike, Side, Strategy/Tactical, Turn-Based",Shiny Shoe,Good Shepherd Entertainment,2020.0,4.12,34.12,118.7,23.37,4.12,86.0,8.1
monsterbag,VITA,3.13,2.97,4.71,Puzzle,Iguanabee,SCEA,2015.0,3.25,3.67,4.33,3.57,3.25,66.0,7.3
monsters (probably) stole my princess,PSP,3.64,2.94,4.17,Unknown,Mediatonic,Unknown,2010.0,0.33,13.42,4.0,0.67,0.33,72.0,7.7
moon hunters,PC,3.57,3.31,18.24,"Action, Role-Playing",Kitfox Games,Kitfox Games,2016.0,1.87,7.52,25.52,5.38,1.87,62.0,6.6
moonlighter,PC,3.31,2.87,19.11,"Action, Role-Playing",Digital Sun,11 bit studios,2018.0,14.1,21.23,31.62,18.43,14.1,80.5,7.5249999999999995
moons of madness,PC,2.63,2.0,8.67,"Horror, Survival",Rock Pocket Games,Funcom,2019.0,6.33,7.43,7.38,7.05,6.33,65.33333333333333,5.8999999999999995
mordhau,PC,3.67,4.59,62.31,Fighting,Triternion,Triternion,2019.0,8.2,13.42,20.95,11.25,8.2,81.0,7.7
morningstar: descent to deadrock,PC,3.6,3.22,4,"Adventure, First-Person, Point-And-Click",Red Herring Labs,Phoenix Online Studios,2015.0,1.97,3.43,2.03,2.12,1.97,62.0,5.9
morphite,IOS,3.56,4.0,12,"First-Person, Shooter",Unknown,Crescent Moon Games,2017.0,10.55,35.1,98.4,33.37,10.55,65.0,6.6
mortal kombat 11 ultimate,XONE,3.75,3.29,63.09,Fighting,Unknown,Warner Bros Interactive Entertainment,2020.0,8.6,22.27,48.35,19.52,8.6,88.0,7.3
mortal kombat advance,GBA,1.72,4.32,5.57,Fighting,Virtucraft,Midway Games,2001.0,0.52,13.42,20.95,0.52,0.52,33.0,3.4
mortal kombat arcade kollection,PC,3.42,3.87,21.58,"Compilation, Fighting",NetherRealm Studios,Warner Bros. Games,2011.0,5.85,7.83,8.55,6.98,5.85,60.5,6.75
mortal kombat vs. dc universe,PS3,3.37,3.06,13.64,"Adventure, Fighting",Unknown,Midway Games,2008.0,4.33,8.58,16.0,5.72,4.33,74.0,7.15
mortal kombat xl,PS4,4.03,3.19,35.02,Fighting,NetherRealm Studios,Warner Bros. Interactive Entertainment,2016.0,5.8,19.27,67.27,11.17,5.8,85.0,7.599999999999999
mortal kombat: armageddon,PS2,3.65,3.07,24.71,Fighting,Unknown,Midway,2006.0,7.47,19.65,50.65,16.92,7.47,74.33333333333333,8.166666666666666
mortal kombat: deadly alliance,GBA,3.42,3.08,18.28,Fighting,Midway,Midway,2002.0,14.37,19.62,36.2,19.58,14.37,80.5,8.15
mortal kombat: deception,PS2,3.77,3.15,26.6,Fighting,Midway,Midway,2004.0,4.97,17.9,45.68,17.48,4.97,79.66666666666667,8.433333333333332
mortal kombat: shaolin monks,XBOX,3.72,3.08,17.73,"Action, Adventure",Paradox Development,Midway Games,2005.0,6.98,9.38,15.33,8.32,6.98,77.5,8.05
mortal kombat: special forces,PS,2.34,3.09,10.95,Action,Midway,Midway,2000.0,4.67,13.42,20.95,4.67,4.67,28.0,2.8
mortal kombat: tournament edition,GBA,3.55,3.28,21.22,Unknown,Midway Games,Midway Games,2003.0,0.32,0.67,2.0,0.6,0.32,75.0,8.2
mortal kombat: unchained,PSP,3.87,3.04,28.29,Fighting,Just Games Interactive,Midway,2006.0,1.87,15.0,40.75,11.23,1.87,70.0,8.3
mortal shell,PC,3.05,3.87,11.41,"Action, Role-Playing, Third-Person",Cold Symmetry,Playstack,2020.0,10.6,14.55,26.45,13.83,10.6,75.66666666666667,6.766666666666667
mother russia bleeds,PC,3.2,3.35,6.26,Beat Em Up,Le Cartel Studio,Devolver Digital,2016.0,4.37,6.32,13.2,4.9,4.37,70.0,6.900000000000001
mothergunship,PC,2.71,3.53,62.17,"First-Person, Shooter",Unknown,Grip Digital,2018.0,4.6,10.92,16.53,8.77,4.6,75.66666666666667,6.433333333333334
moto racer 3,PC,3.82,2.8,26.5,"Driving, Racing",Delphine Software International,Unknown,2002.0,5.88,4.0,20.95,5.5,5.88,66.0,7.4
moto racer advance,GBA,3.86,2.88,21.33,"Driving, Racing",Unknown,Ubisoft,2002.0,4.88,13.42,20.95,4.88,4.88,86.0,7.333333333333333
motocross madness,X360,3.21,2.84,12.4,"Driving, Racing",Rainbow Studios,Microsoft Games,1998.0,13.67,19.0,20.95,15.0,13.67,73.0,7.8
motocross mania,PS,2.81,3.0,7.6,"Driving, Racing",Deibus Studios,Take 2,2000.0,3.05,3.72,5.72,3.72,3.05,73.0,6.8
motocross mania 3,PS2,3.53,3.82,68.12,"Action Driving, Driving, Racing",Deibus Studios Ltd.,Unknown,2005.0,3.97,13.42,20.95,3.97,3.97,38.0,3.3
motocross maniacs advance,GBA,3.02,3.64,17.18,"Driving, Racing",Konami,Konami,2002.0,1.02,13.42,20.95,1.02,1.02,69.0,7.333333333333333
motogp '06,X360,3.44,3.82,51.67,"Driving, Racing, Simulation",Climax,THQ,2006.0,10.0,13.42,20.95,10.0,10.0,80.0,7.4
motogp 13,VITA,3.52,3.94,50,"Driving, Racing, Simulation",Milestone,Milestone,2013.0,20.08,16.88,16.02,17.67,20.08,72.5,5.5
motogp 14,VITA,3.72,3.82,36,Unknown,Milestone,Milestone,2014.0,17.58,24.77,30.98,24.92,17.58,73.0,6.1
motogp 17,PS4,3.95,4.35,42,"Driving, Racing",Milestone,Milestone,2017.0,10.5,18.47,40.77,28.02,10.5,68.0,4.4
motogp 18,PC,3.96,4.31,44,Unknown,Milestone,Milestone,2018.0,9.97,14.38,26.58,16.1,9.97,66.0,4.9
motogp 2,PC,3.58,3.82,42.92,"Driving, Racing",Climax Brighton,THQ,2003.0,6.87,13.42,20.95,6.87,6.87,82.5,7.6499999999999995
motogp 3,PS2,3.82,3.88,56.31,"Driving, First-Person, Racing, Real-Time, Third-Person",Namco,Namco,2003.0,0.83,13.42,20.95,0.83,0.83,80.0,8.1
motogp 3: ultimate racing technology,XBOX,3.66,3.65,34,"Driving, Racing",Unknown,THQ,2005.0,9.17,13.42,20.95,9.17,9.17,81.0,7.4
motogp 4,PS2,3.89,3.97,48.84,"Driving, Racing",Namco,Namco Bandai Games,2005.0,5.0,13.42,25.0,15.0,5.0,71.0,7.4
motor city online,PC,3.63,2.88,34,"Driving, Racing",EA Games,EA Games,2001.0,3.42,13.42,20.95,3.42,3.42,73.0,6.3
motorsport manager,PC,3.88,3.52,40.17,"Driving, Racing, Simulation",Christian West,Unknown,2014.0,28.93,111.95,264.33,87.07,28.93,81.0,8.1
motorstorm,PS3,3.54,3.3,23.29,"Driving, Racing",Evolution Studios,Sony Computer Entertainment,2007.0,14.48,18.7,20.2,17.82,14.48,84.0,7.3
motorstorm: apocalypse,PS3,3.63,3.25,25.59,"Driving, Racing",Evolution Studios,Sony Computer Entertainment,2011.0,7.12,20.75,44.62,12.67,7.12,77.0,7.9
motorstorm: arctic edge,PSP,3.89,3.28,24.85,"Driving, Racing",Unknown,Sony Computer Entertainment Europe,2009.0,14.17,15.55,19.27,15.8,14.17,79.0,7.9
motorstorm: pacific rift,PS3,3.86,3.48,35,"Driving, Racing",Evolution Studios,Sony Computer Entertainment,2008.0,21.72,38.18,88.55,39.4,21.72,82.0,8.0
mount & blade,PC,3.86,3.29,58.83,Simulation,TaleWorlds,Paradox Interactive,2008.0,52.43,79.2,107.33,68.63,52.43,72.0,8.5
mount & blade ii: bannerlord,PC,3.87,3.45,71.31,"Action, Role-Playing",TaleWorlds Entertainment,TaleWorlds Entertainment,2022.0,52.58,92.52,155.12,84.87,52.58,75.0,7.7
mount & blade: warband,PS4,3.69,4.07,74.05,Simulation,TaleWorlds,Paradox Interactive,2010.0,78.78,123.08,259.73,141.48,78.78,68.0,8.2
mount & blade: with fire & sword,PC,3.44,3.31,57.66,"First-Person, Open World, Real-Time, Role-Playing, Simulation, Strategy, Third-Person",Unknown,Unknown,2011.0,25.53,67.42,104.0,47.4,25.53,68.0,6.9
mousecraft,PS4,2.83,2.3,4.19,"Puzzle, Side, Strategy",Crunching Koalas,Crunching Koalas,2014.0,5.65,8.73,8.37,7.75,5.65,72.0,6.25
moving out,XONE,1.86,3.33,13.8,Simulation,Unknown,Team17 Digital,2020.0,5.33,10.42,19.08,9.15,5.33,77.0,7.275
mr. driller: drill land,NS,3.92,3.82,24,"Action, Puzzle",Bandai Namco Games,Bandai Namco Games,2020.0,4.6,24.5,20.95,6.13,4.6,80.0,7.4
mr. shifty,PC,3.17,3.38,7.5,"Action, Adventure, Top-Down",Team Shifty,tinyBuild,2017.0,4.12,4.8,8.7,4.73,4.12,68.0,6.85
ms saga: a new dawn,PS2,4.1,3.51,75.1,Role Playing,Bandai,Bandai,2006.0,40.78,60.38,76.5,57.43,40.78,65.0,7.7
ms. pac-man,GG,3.18,3.25,2.33,"Action, Arcade, Top-Down",General Computer Corporation,Midway,1982.0,1.02,1.62,2.85,1.62,1.02,65.0,6.4
ms. pac-man maze madness,N64,3.58,2.98,20.77,Action,Namco,Namco,2000.0,6.4,5.85,14.0,7.03,6.4,73.0,6.2
mtx mototrax,PSP,3.5,3.56,20,Unknown,Left Field Productions,Activision,2004.0,7.07,14.15,15.0,10.75,7.07,74.5,7.75
mugen souls,PS3,3.59,3.14,56.36,Role-Playing,Complie Heart,Unknown,2012.0,25.0,43.47,438.6,61.08,25.0,55.0,7.2
mugen souls z,PS3,3.82,3.41,59.2,Role-Playing,Compile Heart,Compile Heart,2014.0,22.95,16.7,208.32,95.83,22.95,57.0,6.3
mugsters,PC,3.5,4.0,26.4,Action,Reinkout Games,Team17 Digital,2018.0,8.2,13.42,15.0,15.0,8.2,72.0,7.333333333333333
mulaka,PC,3.5,2.57,8,"Action, Adventure",Lienzo,Lienzo,2018.0,7.95,10.42,11.17,9.85,7.95,70.0,6.833333333333333
multiversus,PS5,3.08,2.67,9.17,"Action, Fighting, Platform, Side",Player First Games,Warner Bros. Games,2024.0,7.93,42.95,88.0,29.95,7.93,79.0,6.300000000000001
munin,PC,3.19,3.71,12,"Platform, Point-And-Click, Puzzle, Third-Person",Gojira,Daedalic Entertainment,2014.0,7.85,10.78,9.77,9.65,7.85,68.0,6.9
muramasa rebirth,VITA,4.2,3.18,32.94,"Adventure, Role-Playing",Vanillaware,Aksys Games,2013.0,11.7,23.62,37.65,17.92,11.7,78.0,8.4
muramasa: the demon blade,WII,4.2,3.17,28.6,Action Role-Playing,Vanillaware,Unknown,2009.0,12.43,22.83,33.2,20.48,12.43,81.0,8.2
murasaki baby,VITA,3.42,2.13,3.54,Scrolling,Ovosonico,Sony Computer Entertainment,2014.0,2.37,2.33,2.32,2.33,2.37,69.0,7.0
murder by numbers,NS,3.27,2.7,18.21,"Adventure, Puzzle, Visual Novel",Mediatonic,The Irregular Corporation,2020.0,20.63,28.87,33.73,29.13,20.63,78.5,7.25
murdered: soul suspect,PC,3.25,1.93,10.6,"Adventure, Horror, Puzzle, Third-Person",Unknown,Square Enix,2014.0,6.93,8.95,11.97,9.27,6.93,56.333333333333336,7.133333333333334
musashi: samurai legend,PS2,3.55,3.04,28.71,Action,Square Product Development Division 5,Square Enix,2005.0,15.83,19.1,22.73,18.3,15.83,64.0,8.5
muscle march,WII,3.88,2.96,12.76,Action,Namco Bandai Games,Namco Bandai Games,2010.0,0.55,13.42,0.93,0.65,0.55,62.0,6.1
mushroom men: rise of the fungi,DS,3.56,3.5,18.4,Platform,Red Fly Studio,Gamecock Media Group,2008.0,6.15,10.17,20.95,8.82,6.15,45.0,6.1
mushroom men: the spore wars,WII,3.79,2.8,13.41,Platform,Red Fly Studio,Gamecock Media Group,2008.0,4.48,6.38,5.62,5.22,4.48,72.0,8.8
mutant mudds,IOS,3.83,4.2,22,Platform,Renegade Kid,Unknown,2012.0,4.9,6.68,9.28,7.52,4.9,70.5,5.75
mutant mudds collection,NS,3.69,3.91,34.85,Compilation,Atooi,Atooi,2017.0,5.8,15.5,16.77,12.15,5.8,85.0,8.0
mutant mudds deluxe,VITA,3.46,3.72,15.82,"Action, Platform, Real-Time, Third-Person",Renegade Kid,Renegade Kid,2012.0,4.7,7.92,9.93,7.87,4.7,84.0,7.5
mutant storm empire,X360,3.56,3.7,14.4,"Multidirectional, Shooter",PomPom Games,Microsoft Game Studios,2007.0,1.87,13.42,20.95,1.87,1.87,77.0,7.8
mutant storm reloaded,X360,3.45,3.65,12.8,Shooter,PopCap Games,Microsoft,2005.0,5.0,13.42,20.95,5.0,5.0,77.0,7.2
mutant year zero: road to eden,XONE,3.56,3.75,21.6,"Isometric, Strategy/Tactical, Turn-Based",The Bearded Ladies,Funcom,2018.0,13.3,18.78,24.52,18.82,13.3,78.0,7.833333333333333
mvp baseball 2004,PS2,3.64,2.86,44.29,Sports,EA Canada,Electronic Arts,2004.0,12.73,13.42,20.95,12.73,12.73,87.75,7.625
mvp baseball 2005,XBOX,3.68,2.42,74.27,Sports,EA Canada,Electronic Arts,2005.0,4.0,50.0,20.0,24.67,4.0,86.66666666666667,7.866666666666666
mx unleashed,XBOX,3.25,3.09,32.75,"Driving, Racing",Rainbow Studios,THQ,2004.0,5.42,19.75,23.42,9.45,5.42,80.5,8.399999999999999
mx vs. atv alive,PS3,2.94,2.75,17.42,"Driving, Racing",Rainbow Studios,THQ,2011.0,14.13,17.0,20.95,14.5,14.13,62.0,6.85
mx vs. atv supercross encore,PS4,3.39,2.93,15.43,"Driving, Racing",Unknown,THQ Nordic,2015.0,3.97,13.42,25.8,11.25,3.97,42.0,4.3
mxgp pro,PC,3.96,3.57,54.73,"Driving, Racing",Milestone,Milestone,2018.0,15.0,21.0,45.0,27.0,15.0,68.0,6.900000000000001
mxgp: the official motocross videogame,X360,3.52,3.59,68.13,"Driving, Racing",Milestone,Unknown,2014.0,9.68,13.53,17.68,12.78,9.68,67.0,6.066666666666666
my brother rabbit,PC,3.41,2.69,5,Adventure,Artifex Mundi,Artifex Mundi,2018.0,3.78,4.13,4.13,4.02,3.78,78.0,7.5
my friend pedro,PC,3.44,2.97,6.3,"Action, Scrolling, Side",DeadToast Entertainment,Devolver Digital,2019.0,4.17,5.3,10.13,4.65,4.17,79.5,7.8
my horse & me,DS,3.11,2.6,13.6,Sports,W!Games,Atari,2008.0,0.7,2.75,20.95,1.72,0.7,49.0,6.900000000000001
my memory of us,PC,3.44,2.14,8,Platform,Juggler Games,Imgn.pro,2018.0,5.13,5.67,7.25,5.9,5.13,70.5,6.25
my time at portia,PS4,3.51,2.68,72.38,"Role-Playing, Simulation",Pathea Games,Team17 Digital,2018.0,70.52,115.67,153.27,111.82,70.52,73.0,6.175
"my world, my way",DS,3.59,2.84,32.69,Role-Playing,Global A Entertainment,Unknown,2009.0,8.2,28.65,51.02,32.37,8.2,67.0,7.333333333333333
mysims,DS,3.32,2.04,28.59,Simulation,Electronic Arts,Electronic Arts,2007.0,14.1,15.2,52.92,19.97,14.1,68.33333333333333,7.066666666666666
mysims agents,DS,3.67,2.56,25.92,Adventure,EA Redwood Shores,Electronic Arts,2009.0,8.3,9.63,16.0,10.23,8.3,78.0,8.5
mysims kingdom,DS,3.61,2.59,24.66,Simulation,EA Redwood Shores,Electronic Arts,2008.0,10.05,26.38,21.27,16.9,10.05,67.0,7.35
mysims racing,WII,3.22,2.4,21,Unknown,EA Games,EA Games,2009.0,10.0,12.0,17.5,14.25,10.0,67.5,6.9
myst iii: exile,PS2,3.49,3.78,19.3,Adventure,Presto Studios,Ubisoft,2001.0,7.53,9.38,12.45,9.22,7.53,65.0,7.3
myst iv: revelation,XBOX,3.44,3.67,19.2,Adventure,Ubisoft Montreal,Ubisoft,2004.0,11.27,15.98,14.57,13.35,11.27,75.0,7.8
myst v: end of ages,PC,3.74,3.66,22.5,Adventure,Cyan Worlds,Ubisoft,2005.0,8.53,9.82,10.17,9.3,8.53,80.0,7.7
mystery case files: millionheir,DS,3.49,2.38,14.96,"Adventure, Puzzle",Unknown,Nintendo,2008.0,7.28,6.5,6.83,7.07,7.28,65.0,7.333333333333333
mystery case files: the malgrave incident,WII,3.84,2.69,15.64,"Adventure, Hidden Object, Puzzle",Unknown,Nintendo,2011.0,8.28,8.5,20.95,8.42,8.28,65.0,8.0
mystery dungeon: shiren the wanderer,DS,3.89,4.28,48,Roguelike,Unknown,Unknown,2008.0,21.38,34.98,20.95,24.3,21.38,69.0,8.4
mystic heroes,PS2,3.36,2.89,22.35,Beat Em Up,Koei,Koei,2002.0,9.38,30.0,20.95,13.5,9.38,67.0,8.5
myth ii: soulblighter,MAC,4.0,3.14,36.07,Real-Time Tactics,Bungie Software Products Corporation,Unknown,1998.0,15.0,13.42,8.75,13.43,15.0,88.0,8.8
myth: the fallen lords,PC,4.0,3.8,24.91,"Action, Strategy",Bungie,Bungie,1997.0,15.4,16.0,17.43,16.37,15.4,91.0,8.5
n+,DS,3.72,3.93,17.6,Platform,Unknown,Unknown,2008.0,11.87,13.42,19.95,15.92,11.87,81.33333333333333,7.8999999999999995
n++,NS,3.94,4.14,35.56,Platform,Metanet Software,Metanet Software,2015.0,30.37,58.37,1060.77,154.2,30.37,83.33333333333333,6.633333333333333
n.e.r.o.: nothing ever remains obscure,PS4,2.71,2.36,7,"Adventure, Puzzle",Storm in a Teacup,SOEDESCO Publishing,2016.0,2.23,3.65,3.73,3.3,2.23,61.5,7.0
naissancee,PC,3.04,2.75,6,"Adventure, First-Person",Limasse Five,Limasse Five,2014.0,3.95,4.27,5.05,4.18,3.95,66.0,7.3
namco museum 50th anniversary,GBA,3.53,2.88,14.05,Compilation,Unknown,Namco,2005.0,6.5,13.42,20.95,6.5,6.5,60.75,6.8
namco museum battle collection,PSP,3.88,3.0,19.68,Compilation,Namco Tales Studio,Namco,2005.0,7.0,60.0,20.95,33.5,7.0,73.0,7.9
namco museum ds,DS,3.88,3.01,45.34,Compilation,Namco Bandai Games,Namco Bandai Games,2007.0,7.0,13.42,20.95,7.0,7.0,67.0,6.0
namco museum essentials,PS3,3.79,3.4,11.88,Compilation,Namco Bandai,Namco Bandai,2009.0,10.0,13.42,20.95,10.0,10.0,64.0,5.3
namco museum remix,WII,3.69,3.0,65.63,Arcade,Namco Bandai,Namco Bandai,2007.0,8.2,5.0,20.95,5.0,8.2,49.0,6.3
nancy drew: danger by design,PC,3.9,2.95,10.12,"Adventure, First-Person, Puzzle",Her Interactive,DreamCatcher,2006.0,5.63,13.42,6.47,5.87,5.63,70.0,6.1
nancy drew: danger on deception island,PC,3.82,2.81,10,"Adventure, First-Person, Puzzle",Her Interactive,DreamCatcher,2003.0,4.67,7.77,6.85,5.67,4.67,81.0,7.8
nancy drew: legend of the crystal skull,PC,4.07,3.21,18.48,"Adventure, First-Person, Puzzle",Her Interactive,Her Interactive,2007.0,5.18,7.35,15.85,6.85,5.18,79.0,7.0
nancy drew: secret of the old clock,PC,3.81,2.68,8.6,"Adventure, First-Person, Puzzle",Her Interactive,DreamCatcher,2005.0,5.07,6.63,6.0,5.3,5.07,80.0,7.5
nancy drew: the creature of kapu cave,PC,3.62,3.14,11.9,Adventure,Her Interactive,DreamCatcher,2006.0,4.05,13.42,4.93,4.18,4.05,68.0,7.1
nancy drew: the deadly secret of olde world park,DS,2.94,1.7,10,Adventure,Gorilla Systems,Majesco,2007.0,3.5,13.42,3.43,3.47,3.5,64.0,7.333333333333333
nancy drew: the phantom of venice,PC,4.09,2.88,10.6,"Adventure, First-Person, Puzzle",Her Interactive,Her Interactive,2008.0,7.25,7.1,8.8,7.35,7.25,69.0,6.9
nancy drew: the white wolf of icicle creek,WII,2.89,3.58,20.22,"Adventure, First-Person, Puzzle",Her Inteactive,Unknown,2007.0,7.7,13.42,8.37,7.92,7.7,70.0,7.5
nancy drew: warnings at waverly academy,PC,4.04,3.0,13.45,"Adventure, First-Person, Puzzle",Her Interactive,Her Interactive,2009.0,5.73,7.5,10.87,7.45,5.73,76.0,6.9
nano assault,3DS,3.77,3.28,12.8,Shoot 'Em Up,Shin'en Multimedia,Majesco Entertainment,2011.0,3.3,3.67,8.75,3.95,3.3,75.0,7.7
nano assault ex,3DS,3.72,3.46,14.86,"Scrolling, Shooter",Shin'en Multimedia,Unknown,2013.0,3.05,3.3,4.78,3.25,3.05,74.0,7.6
nano assault neo,WIIU,3.84,3.62,14.11,Shooter,Shin'en Multimedia,Shin'en Multimedia,2012.0,3.1,3.48,20.95,3.15,3.1,71.0,7.5
nanostray,DS,3.47,3.85,12.73,"Scrolling, Shooter",Shin'en Multimedia,Majesco Entertainment,2005.0,1.37,1.2,1.0,1.33,1.37,71.0,7.7
nanostray 2,DS,3.72,4.0,20.59,"Scrolling, Shooter",Shin'en Multimedia,Majesco Entertainment,2008.0,3.93,13.42,20.95,3.93,3.93,75.0,7.8
napoleon dynamite: the game,DS,0.92,1.86,1.29,Action,7 Studios,Crave Entertainment,2007.0,3.2,2.77,20.95,3.12,3.2,41.0,5.949999999999999
napoleon: total war,PC,3.84,3.35,53.12,"Real-Time, Strategy/Tactical, Turn-Based",The Creative Assembly,Unknown,2010.0,30.97,60.72,83.0,44.98,30.97,81.0,7.9
narita boy,PC,3.35,3.54,8.06,"Action, Platform",Studio Koba,Team17,2021.0,7.2,8.65,9.47,8.32,7.2,74.75,7.15
naruto powerful shippuden,3DS,3.48,3.06,27.38,Fighting,Unknown,Namco,2013.0,6.5,20.7,12.0,11.6,6.5,71.0,5.8
naruto shippuden: dragon blade chronicles,WII,3.21,3.03,26.95,Adventure,8ing,Unknown,2010.0,5.67,13.42,6.52,6.17,5.67,38.0,3.0
naruto shippuden: kizuna drive,PSP,3.33,3.34,36.11,Unknown,Unknown,Namco Bandai,2011.0,25.0,50.0,64.0,46.33,25.0,57.0,4.5
naruto shippuden: legends: akatsuki rising,PSP,3.59,2.94,23.86,Unknown,Racjin,Namco Bandai Games,2009.0,7.0,17.67,63.52,29.38,7.0,60.0,5.8
naruto shippuden: naruto vs. sasuke,DS,3.47,3.06,35.48,"Action, Beat Em Up",Unknown,Unknown,2010.0,3.67,13.42,20.95,3.67,3.67,64.0,7.333333333333333
naruto shippuden: ninja council 4,DS,3.13,3.04,25.29,"Action, Adventure",Unknown,TOMY,2007.0,3.13,7.0,3.93,4.07,3.13,49.0,4.7
naruto shippuden: ninja destiny 2,DS,3.33,2.63,16.85,Unknown,Namco Bandai Games,TOMY,2009.0,1.63,4.77,14.0,4.28,1.63,55.0,5.2
naruto shippuden: shinobi rumble,DS,3.44,2.6,14.9,Unknown,Unknown,Tomy,2010.0,1.37,13.42,20.95,1.37,1.37,56.0,7.333333333333333
naruto shippuden: ultimate ninja heroes 3,PSP,4.0,2.96,31.49,Fighting,CyberConnect2,Bandai,2010.0,14.0,17.53,26.5,20.85,14.0,61.0,6.3
naruto shippuden: ultimate ninja impact,PSP,4.08,2.83,33.3,Battle Arena,Unknown,Namco Bandai Games America,2011.0,22.37,35.78,65.35,38.12,22.37,59.0,7.3
naruto shippuden: ultimate ninja storm 2,PC,3.63,2.84,23.09,Fighting,CyberConnect2,Namco Bandai Games,2010.0,12.43,21.87,37.83,20.0,12.43,75.0,8.25
naruto shippuden: ultimate ninja storm 3,PS3,3.95,2.91,28.82,Fighting,CyberConnect2,Namco Bandai Games,2013.0,12.03,19.25,28.25,17.23,12.03,73.5,7.699999999999999
naruto shippuden: ultimate ninja storm 3 full burst,PS4,3.63,3.0,28,Fighting,CyberConnect 2,Namco Bandai Games,2013.0,13.03,27.5,37.43,22.37,13.03,76.5,7.75
naruto shippuden: ultimate ninja storm 4,PC,3.81,2.7,30.69,"Action, Fighting",CyberConnect2,Bandai Namco Entertainment,2016.0,9.03,21.17,42.15,19.6,9.03,79.5,8.200000000000001
naruto shippuden: ultimate ninja storm 4 - road to boruto,XONE,3.21,2.64,25.6,Unknown,CyberConnect2,Bandai Namco Games,2017.0,3.17,7.23,12.88,6.58,3.17,79.0,7.6
naruto shippuden: ultimate ninja storm generations,PS3,3.81,2.81,25.86,Fighting,CyberConnect2,Namco Bandai Games,2012.0,5.88,12.27,24.08,13.22,5.88,74.0,6.95
naruto shippuden: ultimate ninja storm revolution,PC,3.64,2.83,34.78,Fighting,CyberConnect2,Bandai Namco Games,2014.0,5.2,20.03,50.5,17.9,5.2,67.5,7.1499999999999995
naruto shippuden: ultimate ninja storm trilogy,XONE,3.66,3.33,73.56,Compilation,Unknown,Bandai Namco Games,2017.0,31.92,58.15,84.18,62.05,31.92,70.0,7.7
naruto to boruto: shinobi striker,PS4,3.4,3.19,34.58,Fighting,Soleil,BANDAI NAMCO Entertainment,2018.0,6.82,29.68,89.47,23.32,6.82,62.333333333333336,6.233333333333333
naruto: clash of ninja,GC,3.31,2.6,16.57,Fighting,Eighting,Unknown,2006.0,3.95,5.85,6.28,4.65,3.95,72.0,7.7
naruto: clash of ninja 2,GC,3.73,2.85,25.59,Fighting,Eighting,Tomy,2006.0,2.88,16.18,14.45,9.22,2.88,74.0,8.7
naruto: clash of ninja revolution,WII,3.61,2.79,17.17,"Action, Adventure",Tomy,D3 Publisher,2007.0,2.45,11.67,14.5,7.62,2.45,74.0,7.9
naruto: clash of ninja revolution 2,WII,3.93,3.1,24.73,"Action, Adventure",Eighting,D3 Publisher,2008.0,3.95,24.73,105.5,25.73,3.95,72.0,8.2
naruto: ninja council,GBA,3.02,2.53,8.03,Beat Em Up,Aspect,D3,2006.0,2.12,6.35,8.33,3.33,2.12,60.0,7.0
naruto: ninja council 2,GBA,3.09,2.66,8.97,Beat Em Up,Aspect,D3,2006.0,2.05,3.1,4.07,2.4,2.05,55.0,7.5
naruto: ninja council 3,DS,3.17,2.82,16.34,Fighting,Aspect,D3 Publisher of America,2007.0,6.17,9.7,9.0,7.95,6.17,56.0,6.5
naruto: ninja destiny,DS,3.05,2.55,7.31,Adventure,Dream Factory,Tomy,2008.0,1.55,6.55,14.67,5.27,1.55,61.0,4.7
naruto: path of the ninja,DS,3.61,2.89,23.5,Adventure,Unknown,Tomy,2007.0,15.27,17.02,20.95,15.93,15.27,57.0,7.2
naruto: path of the ninja 2,DS,3.95,2.95,27.4,"Action, Adventure",TOSE,D3 Publisher,2008.0,8.05,9.87,33.0,12.13,8.05,62.0,7.1
naruto: rise of a ninja,X360,3.61,2.84,18.58,"Action, Adventure",Ubisoft Montreal Studios,Ubisoft Entertainment Ubisoft Montreal Studios,2007.0,8.52,14.05,17.45,12.8,8.52,78.0,8.5
naruto: the broken bond,X360,3.83,2.81,21.18,"Action Adventure, Fighting",Ubisoft Montreal,Ubisoft,2008.0,15.78,18.63,29.95,19.52,15.78,80.0,8.0
naruto: ultimate ninja,PS2,3.48,2.88,22.4,Fighting,cyberConnect2,Namco Bandai Games,2005.0,7.08,16.95,67.45,21.58,7.08,75.0,7.5
naruto: ultimate ninja 2,PS2,3.77,2.94,25.65,Fighting,CyberConnect2,Namco Bandai Games,2007.0,5.65,14.12,25.85,13.23,5.65,73.0,7.6
naruto: ultimate ninja 3,PS2,4.09,2.87,33.19,Fighting,cyberConnect2,Namco Bandai Games,2008.0,5.22,17.95,84.93,23.85,5.22,75.0,8.6
naruto: ultimate ninja heroes,PSP,3.61,2.91,24.86,Fighting,CyberConnect2,Namco Bandai Games,2007.0,6.97,17.67,21.02,13.65,6.97,70.0,6.3
naruto: ultimate ninja heroes 2: the phantom fortress,PSP,3.89,2.88,28.61,Fighting,CyberConnect2,Namco Bandai Games,2008.0,13.18,17.78,24.53,17.9,13.18,64.0,7.3
naruto: ultimate ninja storm,PC,3.3,2.65,20.2,Fighting,CyberConnect2,Namco Bandai Games,2008.0,12.38,16.32,27.82,18.65,12.38,75.0,7.9
naruto: uzumaki chronicles,PS2,3.16,3.01,21.13,Action,Cavia,Namco Bandai Games,2006.0,10.17,10.42,20.95,10.23,10.17,62.0,7.4
naruto: uzumaki chronicles 2,PS2,3.57,2.99,29.89,Unknown,Cavia,Namco Bandai Games,2007.0,15.08,20.0,25.05,18.2,15.08,52.0,6.8
nascar '14,PS3,3.29,3.14,45.56,"Driving, Racing",Eutechnyx,Deep Silver,2014.0,20.0,50.0,75.0,41.25,20.0,67.0,4.8
nascar 06: total team control,PS2,3.65,3.05,37.19,"Arcade, Driving, Racing",EA Tiburon,EA Sports,2005.0,8.2,37.0,20.95,37.0,8.2,78.5,6.35
nascar 2001,PS2,3.13,3.18,19.54,"Driving, Racing, Simulation",Unknown,EA Sports,2000.0,8.2,4.0,20.95,4.0,8.2,69.5,6.8
nascar 2005: chase for the cup,XBOX,3.54,2.21,42.8,"Driving, Racing, Simulation",EA Tiburon,EA Sports,2004.0,41.0,13.42,200.0,80.75,41.0,86.5,8.2
nascar 2011: the game,X360,3.5,2.52,42.46,"Driving, Racing, Simulation",Eutechnyx,Activision,2011.0,27.5,13.42,20.95,27.5,27.5,62.0,4.35
nascar heat 2,XONE,3.36,3.77,20.08,"Driving, Racing, Simulation",Monster Games,704 Games Company,2017.0,5.0,54.0,55.0,38.0,5.0,66.0,5.5
nascar heat 2002,GBA,2.83,3.9,33.64,"Driving, Racing",Monster Games,Infogrames,2001.0,8.2,10.0,20.95,10.0,8.2,79.5,8.7
nascar heat evolution,PS4,3.46,3.74,14.31,"Driving, Racing, Sports",Monster Games,Dusenberry Martin Racing,2016.0,12.0,16.0,20.95,14.0,12.0,66.0,4.2
nascar kart racing,WII,3.7,2.55,12.9,"Driving, Racing",Electronic Arts,Electronic Arts,2009.0,5.1,12.0,17.0,9.8,5.1,70.0,8.1
nascar thunder 2002,PS,3.27,2.88,17.33,"Driving, Racing, Sports",EA Tiburan,Electronic Arts,2001.0,13.33,12.0,20.95,13.0,13.33,78.66666666666667,7.75
nascar thunder 2003,PS,3.43,3.29,47.4,"Driving, Racing, Simulation",Unknown,Electronic Arts,2002.0,40.0,40.0,20.95,40.0,40.0,80.25,6.966666666666667
nascar thunder 2004,PS,3.37,3.0,38.33,"Driving, Racing, Simulation",Unknown,EA Sports,2003.0,8.2,63.5,20.95,63.5,8.2,83.66666666666667,7.8999999999999995
nascar: dirt to daytona,PS2,3.69,2.95,40.67,"Driving, Racing",Monster Games,Infogrames,2002.0,26.07,35.0,247.53,52.65,26.07,84.5,8.25
natural doctrine,PS4,3.25,4.28,39.4,"Role-Playing, Tactical",Kadokawa Games,NIS America,2014.0,41.0,46.2,63.0,50.07,41.0,56.5,6.6000000000000005
natural selection 2,PC,3.69,3.26,23.8,"First-Person, Real-Time, Shooter",Unknown Worlds Entertainment,Unknown Worlds Entertainment,2012.0,8.2,13.42,20.95,11.25,8.2,80.0,8.5
naughty bear,PS3,3.05,3.11,25.89,Action,Artificial Mind and Movement,505 Games,2010.0,10.25,12.0,10.0,10.4,10.25,43.0,5.75
nba 2k1,DC,3.65,2.81,38.13,Sports,Visual Concepts,Sega,2000.0,4.0,13.42,20.95,4.0,4.0,93.0,7.2
nba 2k10,PS2,3.59,2.09,48.54,Sports,Visual Concepts,2K Sports,2009.0,23.2,124.5,100.0,44.68,23.2,82.5,7.6499999999999995
nba 2k11,PSP,3.71,2.06,58,Sports,Visual Concepts,2K Sports,2010.0,42.62,214.23,100.0,106.57,42.62,89.0,8.15
nba 2k12,WII,3.7,3.29,63.6,Sports,Unknown,2K Sports,2011.0,70.77,76.0,125.27,83.4,70.77,90.0,7.3
nba 2k13,PSP,3.56,2.67,37.4,Sports,Visual Concepts,2K Games,2012.0,64.52,404.02,148.12,180.13,64.52,87.66666666666667,7.5
nba 2k15,PC,3.59,2.93,57.56,"Sports, Top-Down",Visual Concepts,2K Games,2014.0,61.57,207.32,72.2,118.67,61.57,82.5,6.55
nba 2k16,PC,3.13,3.0,52.67,Sports,Visual Concepts,2K Sports,2015.0,23.97,73.18,196.97,53.83,23.97,86.5,6.45
nba 2k17,X360,3.55,2.67,18.43,"Simulation, Sports",Visual Concepts,2K,2016.0,39.38,75.13,301.45,96.88,39.38,89.0,6.1
nba 2k18,PC,2.61,3.68,38.77,"Simulation, Sports",Visual Concepts,2k,2017.0,51.63,149.82,219.0,110.25,51.63,79.66666666666667,2.6333333333333333
nba 2k19,NS,3.26,3.1,28.81,"Simulation, Sports",Visual Concepts,2k,2018.0,65.18,178.53,279.0,124.18,65.18,80.33333333333333,3.5
nba 2k20,PC,1.96,2.36,33.86,"Simulation, Sports, Third-Person",Unknown,2K Games,2019.0,60.78,136.42,392.03,133.63,60.78,77.0,1.5999999999999999
nba 2k21,PC,2.45,2.71,38.15,"Simulation, Sports",Visual Concepts,2k,2020.0,25.78,66.73,128.62,51.98,25.78,73.5,2.4
nba 2k6,X360,3.17,2.63,17.14,Sports,Visual Concepts,2K Sports,2005.0,1.0,13.42,1.15,1.13,1.0,83.0,8.233333333333334
nba 2k7,PS3,3.38,3.2,17.5,Sports,Visual Concepts,2K Games,2006.0,7.33,27.5,20.95,14.05,7.33,82.0,7.85
nba 2k8,PS2,3.54,2.64,60,Sports,Visual Concepts,2K Sports,2007.0,6.67,13.42,20.95,6.67,6.67,78.0,6.466666666666666
nba ballers,PS2,3.48,2.89,22.67,Sports,Midway,Midway,2004.0,8.2,13.42,20.95,11.25,8.2,82.5,8.05
nba ballers: chosen one,X360,2.65,2.5,9.33,"Arcade, Sports",Midway Games,Unknown,2008.0,3.5,13.42,20.95,3.5,3.5,54.5,5.3
nba ballers: phenom,PS2,3.28,2.88,23.2,Sports,Midway,Midway,2006.0,8.2,12.82,20.95,12.82,8.2,69.5,8.7
nba courtside 2002,GC,3.35,2.95,23.6,Sports,Left Field Productions,Nintendo,2002.0,0.72,13.42,20.95,0.72,0.72,71.0,7.3
nba hoopz,PS,3.18,2.63,5.1,Sports,Eurocom Entertainment Software,Midway Games,2001.0,8.2,13.42,5.35,5.35,8.2,64.0,8.4
nba jam: on fire edition,X360,3.92,3.12,24.13,Sports,Electronic Arts,Electronic Arts,2011.0,27.0,40.0,47.5,37.8,27.0,83.0,7.5
nba live 06,PC,3.18,2.78,34.8,Sports,EA Canada,EA Sports,2005.0,27.5,80.0,20.95,35.0,27.5,74.5,6.819999999999999
nba live 09,PS2,3.06,2.43,34,Sports,Unknown,Electronic Arts,2008.0,100.0,13.42,20.95,100.0,100.0,76.0,7.65
nba live 2001,PS2,2.85,2.18,45.33,"Simulation, Sports",EA Sports,Electronic Arts,2000.0,15.0,17.07,20.95,16.38,15.0,79.33333333333333,7.433333333333334
nba live 2003,PS,3.4,3.15,37,Sports,EA Canada,EA Sports,2002.0,27.5,30.0,20.95,28.33,27.5,81.75,7.875
nba live 2004,XBOX,3.33,2.55,62,Sports,EA Sports,Electronic Arts,2003.0,30.0,13.42,20.95,30.0,30.0,83.75,8.1
nba live 2005,XBOX,3.37,2.8,66.86,Sports,EA Canada,Electronic Arts,2004.0,6.0,13.42,20.95,6.0,6.0,82.75,7.8
nba playgrounds,PS4,2.81,3.87,18.54,"Arcade, Sports",Saber Interactive,Mad Dog Games,2017.0,5.98,9.87,12.03,8.48,5.98,66.0,6.55
nba street,GC,3.54,2.73,27.75,Sports,EA Canada,EA Sports BIG,2001.0,7.68,11.25,12.0,8.88,7.68,88.5,6.8500000000000005
nba street homecourt,PS3,3.33,2.62,28.04,Sports,EA Canada,EA Sports BIG,2007.0,8.0,17.28,26.57,16.43,8.0,80.5,7.0
nba street v3,XBOX,3.62,2.36,30.57,Sports,EA Canada,EA Sports BIG,2005.0,14.5,15.0,20.95,14.7,14.5,88.66666666666667,8.133333333333333
nba street vol. 2,XBOX,3.85,2.88,29.83,Sports,EA Canada,EA Sports BIG,2003.0,10.98,14.5,12.83,12.2,10.98,89.0,8.333333333333334
ncaa basketball 10,X360,3.34,3.0,51,Sports,EA Canada,EA Sports,2009.0,8.2,13.42,7.7,7.7,8.2,75.0,7.7
ncaa football 06,PS2,3.28,2.8,49.52,Sports,EA Tiburon,EA Sports,2005.0,42.25,13.42,20.95,42.25,42.25,87.0,8.15
ncaa football 08,PS2,3.49,2.65,52.35,Sports,EA Tiburon,EA Sports,2007.0,20.67,13.42,40.0,25.5,20.67,79.0,7.85
ncaa football 11,X360,3.76,2.67,39.61,Sports,Unknown,EA Sports,2010.0,40.0,80.5,30.0,57.75,40.0,85.5,7.3500000000000005
ncaa football 12,X360,3.75,2.9,35.13,Sports,Unknown,EA Sports,2011.0,28.5,8.0,12.0,19.25,28.5,82.0,6.25
ncaa football 13,PS3,3.6,2.83,45.17,Sports,EA Tiburon,EA Sports,2012.0,22.5,13.42,21.53,22.25,22.5,77.5,4.9
ncaa football 14,X360,3.7,2.98,49.94,Sports,EA Tiburon,EA Sports,2013.0,25.88,46.0,20.95,35.93,25.88,77.0,6.25
ncaa football 2004,PS2,3.65,2.56,50.5,Sports,Unknown,EA Sports,2003.0,16.0,13.42,20.95,16.0,16.0,90.33333333333333,7.666666666666667
necrobarista,PC,3.5,1.0,12,Visual Novel,Route 59,Unknown,2019.0,4.13,5.8,7.1,5.67,4.13,81.0,6.1
necromunda: hired gun,PC,3.36,3.5,12,Unknown,Streum On Studio,Focus Home Interactive,2021.0,8.25,12.18,18.52,11.28,8.25,55.75,5.475
necropolis,XONE,3.05,4.5,15.5,"Action, Role-Playing",Hare Brained Schemes,Unknown,2011.0,7.9,10.25,21.53,10.55,7.9,58.0,4.0
necrovision,PC,3.03,3.21,13.67,"First-Person, Shooter",The Farm 51,Unknown,2009.0,8.87,13.92,13.5,10.67,8.87,63.0,6.2
need for speed unbound,XBSX,2.42,2.5,10,"Driving, Racing",Criterion Games,Electronic Arts,2022.0,23.32,31.37,55.72,30.15,23.32,75.66666666666667,5.766666666666667
need for speed: carbon,PC,3.62,2.91,32.47,"Driving, Racing",Unknown,Electronic Arts,2006.0,11.0,13.67,20.75,13.17,11.0,78.0,7.5
need for speed: high stakes,PC,3.99,3.18,43.04,"Driving, Racing",EA Canada,Electronic Arts,1999.0,18.15,21.35,29.8,21.2,18.15,86.0,8.4
need for speed: hot pursuit 2,XBOX,3.45,3.09,37.57,"Driving, Racing",Unknown,EA Games,2002.0,10.92,17.58,22.53,15.67,10.92,76.25,6.9750000000000005
need for speed: most wanted 5-1-0,PSP,3.73,3.22,39.77,"Driving, Racing",Team Fusion,Electronic Arts,2005.0,11.43,11.88,18.02,12.98,11.43,72.0,7.6
need for speed: nitro,WII,3.64,3.2,35.9,"Driving, Racing",Unknown,Electronic Arts,2009.0,7.82,21.25,9.12,9.6,7.82,69.5,6.4
need for speed: porsche unleashed,GBA,3.27,3.03,20.14,"Driving, Racing",Unknown,Unknown,2000.0,17.87,22.18,24.18,21.07,17.87,78.0,8.3
need for speed: prostreet,PC,3.45,3.0,36.16,"Driving, Racing",EA Black Box,Electronic Arts,2007.0,10.83,16.0,18.08,14.58,10.83,70.0,6.8
need for speed: rivals,XONE,3.25,3.2,34.12,Arcade,Ghost Games,Electronic Arts,2013.0,12.63,20.72,35.03,18.82,12.63,76.75,5.125
need for speed: shift,PC,3.54,3.34,26.2,"Driving, Racing",Unknown,Electronic Arts,2009.0,13.17,26.77,30.28,19.22,13.17,79.75,6.475
need for speed: the run,PS3,3.42,3.16,20.68,"Driving, Racing",Unknown,Unknown,2011.0,4.48,6.85,13.9,5.1,4.48,66.5,5.925
need for speed: undercover,BB,3.1,2.75,18.67,"Driving, Racing",Unknown,Electronic Arts,2008.0,11.43,15.4,22.85,14.75,11.43,65.0,5.0
need for speed: underground,PC,3.94,3.07,35.78,"Driving, Racing",EA Black Box,EA Games,2003.0,13.7,17.8,23.18,16.57,13.7,82.0,8.4
need for speed: underground 2,PC,4.06,2.94,38.34,"Driving, Racing",Unknown,EA Games,2004.0,20.53,24.3,30.92,23.95,20.53,82.0,8.6
nelly cootalot: the fowl fleet,PC,3.75,2.5,5.43,"Adventure, Point-And-Click",Unknown,Application Systems Heidelberg,2016.0,4.75,7.08,6.02,6.07,4.75,79.5,7.85
nemesis of the roman empire,PC,4.33,3.73,57.78,"Real-Time, Simulation, Strategy/Tactical",Haemimont Games,Unknown,2004.0,8.2,17.55,20.95,17.55,8.2,74.0,7.5
neo cab,PC,2.93,1.4,6.4,"Adventure, Role-Playing",Chance Agency,Fellow Traveller,2019.0,4.3,5.62,10.62,5.52,4.3,75.0,6.15
neo contra,PS2,3.59,3.71,12.54,Run And Gun,Konami,Konami,2004.0,1.53,2.72,1.92,1.73,1.53,65.0,7.1
neogeo battle coliseum,PS2,3.78,3.41,23.82,Fighting,SNK Playmore,SNK Playmore,2007.0,0.7,2.93,3.23,1.12,0.7,66.0,7.900000000000001
neon abyss,PC,3.18,3.14,21.25,"Action, Platform",Veewo Games,Unknown,2020.0,11.73,35.55,77.75,22.6,11.73,78.5,6.6499999999999995
neon chrome,PS4,3.76,3.75,15.73,Action,10tons,10tons,2016.0,5.62,9.58,19.58,8.1,5.62,69.0,7.125
neon white,PC,4.14,3.29,20.18,"Action, First-Person, Platform, Shooter",Angel Matrix,Annapurna Interactive,2022.0,11.05,18.98,26.37,19.35,11.05,88.5,8.1
neopets puzzle adventure,DS,3.05,2.47,18.44,Puzzle,Unknown,Capcom Nickelodeon,2008.0,3.0,13.42,5.58,4.28,3.0,61.0,7.333333333333333
neopets: the darkest faerie,PS2,3.5,2.99,38.45,"Action, Adventure",Idol Minds Digital Entertainment,Sony Computer Entertainment,2005.0,22.92,26.7,20.95,24.8,22.92,61.0,8.4
neptunia virtual stars,PS4,3.4,2.44,39.09,Hack And Slash,Unknown,Idea Factory International,2021.0,14.53,20.63,29.27,21.25,14.53,56.0,5.1
neptunia x senran kagura: ninja wars,PS4,3.43,2.83,22.67,"Action, Hack And Slash, Third-Person",Unknown,Idea Factory,2021.0,9.43,13.03,20.75,14.42,9.43,65.5,6.15
nerf n-strike,WII,3.3,2.77,23.36,"On-Rails, Shooter",EA Salt Lake,Electronic Arts,2008.0,2.33,13.42,20.95,2.33,2.33,66.0,5.0
nerf n-strike elite,WII,3.46,2.24,13.11,Unknown,EA Salt Lake,Electronic Arts,2009.0,2.22,13.42,20.95,2.22,2.22,67.0,4.5
nervous brickdown,DS,3.72,2.75,22.29,Breakout,Arkedo Studio,Eidos Interactive,2007.0,8.0,13.42,20.95,8.0,8.0,70.0,7.7
nes remix,WIIU,3.78,3.67,14.35,"Action, Arcade, Compilation",Unknown,Nintendo,2013.0,7.4,11.53,22.0,13.15,7.4,71.0,7.2
nes remix 2,WIIU,3.97,3.39,13.74,"Action, Arcade, Compilation",Unknown,Nintendo,2014.0,5.97,9.13,14.65,8.93,5.97,73.0,8.0
neurovoider,PS4,3.47,3.58,10.22,"Action, Multidirectional, Role-Playing, Shooter",Flying Oak Games,Plug In Digital,2016.0,4.72,7.47,20.95,5.63,4.72,85.0,7.8
never alone,PC,3.19,2.25,7.43,"Platform, Puzzle",Unknown,E-Line Media,2014.0,3.12,3.85,4.52,3.8,3.12,70.33333333333333,6.433333333333334
never stop sneakin',NS,3.85,2.91,21.25,Unknown,Humble Hearts,Humble Hearts,2017.0,13.58,15.0,20.95,13.93,13.58,71.0,6.8
neverdead,PS3,2.8,3.07,15.2,"Action, Shooter, Third-Person",Rebellion Developments,Konami,2012.0,8.65,10.98,18.0,9.6,8.65,51.0,5.300000000000001
neverending nightmares,PC,2.82,1.9,5.12,"Horror, Side",Infinitap Games,Infinitap Games,2014.0,1.77,2.72,3.12,2.38,1.77,71.0,7.05
neverout,NS,3.94,3.33,6.75,"Puzzle, Virtual Reality",Setapp,Gamedust,2017.0,1.67,2.3,1.88,1.9,1.67,62.0,7.6
neversong,PC,3.78,3.0,14.22,Unknown,Unknown,Serenity Forge,2020.0,4.03,4.75,6.12,4.45,4.03,74.0,7.5
neverwinter,PC,3.38,2.94,70.89,"Massively Multiplayer, Role-Playing",Cryptic Studios,Perfect World Entertainment,2013.0,50.72,113.25,485.67,117.57,50.72,71.33333333333333,5.533333333333333
neverwinter nights: enhanced edition,PS4,3.55,3.38,80.00+,"Isometric, Real-Time, Role-Playing",Beamdog,Beamdog,2017.0,42.28,74.38,128.05,78.83,42.28,59.5,4.3
neves,DS,3.81,2.75,18.86,Puzzle,Yuke's Company of America,Atlus,2007.0,30.0,13.42,20.95,30.0,30.0,70.0,7.333333333333333
new gundam breaker,PS4,2.26,3.27,33.8,Unknown,CRAFTS & MEISTER,BANDAI NAMCO Entertainment,2018.0,14.05,45.0,20.95,21.78,14.05,43.0,3.2
new legends,XBOX,2.68,3.29,22.89,"Action, Third-Person",Infinite Machine,THQ,2002.0,5.63,13.42,20.95,5.63,5.63,56.0,7.333333333333333
new little king's story,VITA,3.77,2.81,36.64,"Role-Playing, Strategy",Konami,Konami,2012.0,24.03,18.8,51.47,28.1,24.03,70.0,7.6
new rally-x,X360,2.95,2.44,3.12,"Driving, Racing",Namco,Namco,2006.0,1.38,0.55,1.78,1.47,1.38,43.0,4.4
new super lucky's tale,PS4,3.55,2.78,16.89,"Action, Adventure",Playful,Playful,2019.0,6.68,9.2,11.23,9.35,6.68,76.0,7.05
new super luigi u,WIIU,3.92,3.65,17.03,Platform,Nintendo,Nintendo,2013.0,4.47,8.95,11.48,7.38,4.47,77.0,8.0
new super mario bros.,DS,4.03,2.86,21.73,"Platform, Scrolling, Side",Nintendo EAD,Nintendo,2006.0,7.27,11.58,17.27,10.9,7.27,89.0,8.5
new super mario bros. 2,3DS,3.75,2.7,21.2,"Platform, Side",Nintendo EAD,Nintendo,2012.0,5.6,12.02,21.32,10.75,5.6,78.0,7.1
new super mario bros. u,WIIU,3.96,3.0,21.7,"Platform, Scrolling, Side",Nintendo EAD,Nintendo,2012.0,9.65,15.9,25.48,15.77,9.65,84.0,8.0
new super mario bros. u deluxe,NS,3.94,3.04,24.2,"Platform, Scrolling, Side",Nintendo EAD,Nintendo,2019.0,9.15,17.6,30.18,15.68,9.15,80.0,6.9
new super mario bros. wii,WII,4.11,3.07,26.66,Platform,Nintendo EAD,Nintendo,2009.0,9.2,13.72,19.87,13.47,9.2,87.0,8.3
new world,PC,3.12,3.05,69.25,"Massively Multiplayer, Role-Playing",Amazon Games,Amazon Games,2021.0,57.38,221.62,795.0,195.6,57.38,70.0,5.6
next life,PC,3.45,3.22,12,Adventure,Unknown,The Adventure Company,2007.0,9.62,13.42,20.95,9.62,9.62,56.0,4.6
nexus: the jupiter incident,PC,4.1,3.69,28.5,"Action, Strategy",Mithis Entertainment,1C Company,2004.0,17.82,29.73,56.2,30.38,17.82,77.0,8.8
nfl 2k1,DC,3.46,2.89,40.45,Sports,Visual Concepts,Sega,2000.0,13.08,13.42,20.95,13.08,13.08,97.0,6.3
nfl blitz,GBC,2.45,2.73,13.65,"Arcade, Sports",Midway Games,Midway Games,1997.0,13.77,13.42,20.95,13.77,13.77,79.0,6.3
nfl blitz 2000,GBC,3.14,3.0,17.86,"Arcade, Sports",Midway Games,Atari Games,1999.0,12.2,20.0,20.95,13.5,12.2,85.0,7.7
nfl blitz 2001,DC,2.9,2.94,22.29,"Arcade, Sports",Midway Games,Midway Games,2000.0,5.0,13.42,20.95,5.0,5.0,78.0,8.0
nfl fever 2002,XBOX,3.41,2.58,40.57,Simulation,Microsoft Game Studios,Microsoft Game Studios,2001.0,8.2,13.42,20.95,11.25,8.2,79.0,8.3
nfl street,GC,3.53,3.41,17.27,Sports,EA Tiburon,Electronic Arts,2004.0,11.25,11.32,20.95,11.25,11.25,80.66666666666667,8.600000000000001
nfl street 2,XBOX,3.57,2.64,15.75,"Arcade, Sports",EA Sports BIG,Electronic Arts,2004.0,15.08,40.0,40.0,25.05,15.08,77.33333333333333,7.666666666666667
nfl street 3,PS2,3.56,3.0,52.67,Sports,EA Tiburon,Electronic Arts,2006.0,8.85,13.42,20.95,8.85,8.85,69.0,8.15
nhl 08,PS2,3.14,2.88,60.18,Sports,Unknown,EA Sports,2007.0,15.0,13.42,9.0,12.0,15.0,78.66666666666667,6.599999999999999
nhl 09,PC,3.59,2.64,62.56,Sports,Unknown,EA Sports,2008.0,20.0,13.42,26.5,24.33,20.0,88.0,8.05
nhl 10,PS3,4.03,2.94,51.43,Sports,EA Canada,EA Sports,2009.0,22.0,13.42,20.95,22.0,22.0,88.0,8.2
nhl 11,PS3,3.92,3.0,54.65,Sports,EA Canada,EA Sports,2010.0,25.0,13.42,20.95,25.0,25.0,88.0,7.45
nhl 12,PS3,3.83,2.98,53.83,Sports,EA Canada,EA Sports,2011.0,22.5,13.42,20.95,22.5,22.5,86.0,7.35
nhl 13,PS3,3.6,3.16,63.08,Sports,EA Canada,EA Sports,2012.0,4.0,35.0,20.95,24.67,4.0,83.5,6.699999999999999
nhl 14,X360,3.8,3.2,73.83,Sports,EA Canada,EA Sports,2013.0,17.37,40.0,20.95,23.03,17.37,80.5,6.1
nhl 15,PS4,2.97,2.86,43.3,"Simulation, Sports",EA Canada,EA Sports,2014.0,44.43,63.67,20.95,54.05,44.43,59.5,3.45
nhl 16,XONE,3.61,3.14,51.83,Sports,EA Canada,EA Sport,2015.0,42.27,80.0,100.0,58.92,42.27,79.0,5.75
nhl 17,XONE,3.44,3.35,33.82,Sports,EA Canada,EA Sports,2016.0,45.3,100.0,20.95,54.42,45.3,77.5,5.05
nhl 19,PS4,3.43,3.09,51.88,"Simulation, Sports",EA Vancouver,EA Sports,2018.0,29.8,93.2,20.95,47.08,29.8,81.0,5.65
nhl 20,XONE,3.33,2.63,29.08,"Simulation, Sports",EA Vancouver,Electronic Arts,2019.0,26.5,57.77,42.0,46.58,26.5,81.0,4.1
nhl 2001,PS,3.31,2.72,27.86,Sports,EA Canada,EA Sports,2000.0,2.57,28.75,20.95,11.28,2.57,87.66666666666667,7.300000000000001
nhl 2002,GBA,2.66,2.6,12,Sports,Unknown,EA Sports,2001.0,23.92,13.42,95.0,52.35,23.92,89.33333333333333,7.466666666666666
nhl 2003,PS2,3.35,2.89,51.61,Sports,EA Sports,EA Sports,2002.0,28.23,13.42,20.95,28.23,28.23,78.25,7.325
nhl 2004,PS2,3.54,2.92,63.4,Sports,EA Black Box,EA Sports,2003.0,3.27,13.42,20.95,3.27,3.27,85.5,7.25
nhl 21,XONE,3.18,3.45,30.57,"Simulation, Sports",Electronic Arts,Electronic Arts,2020.0,26.0,71.0,40.0,47.55,26.0,72.0,2.3
nhl 2k10,X360,3.17,3.44,51.33,Sports,Visual Concepts,2K Sports,2009.0,40.0,13.42,20.95,40.0,40.0,71.33333333333333,7.333333333333333
nhl 2k11,WII,3.65,2.75,32.67,Sports,Visual Concepts,2K Sports,2009.0,23.85,13.42,20.95,23.85,23.85,62.0,7.0
nhl 2k6,X360,2.99,2.83,18.57,Sports,Unknown,2K Sports,2005.0,1.0,13.42,2.03,1.83,1.0,79.66666666666667,6.466666666666666
nhl slapshot,WII,3.86,2.35,18.22,"Arcade, Sports",Unknown,EA Sports,2010.0,11.0,28.22,20.95,19.6,11.0,76.0,8.5
ni no kuni ii: revenant kingdom,PS4,3.89,2.42,70.51,Role-Playing,Level-5,Bandai Namco Entertainment,2018.0,39.43,58.72,97.02,59.8,39.43,82.5,7.2
ni no kuni: wrath of the white witch,NS,3.9,3.32,57.79,Role-Playing,Unknown,Namco Bandai,2013.0,44.18,57.43,93.82,58.6,44.18,84.5,8.2
nibiru: age of secrets,PC,3.66,3.08,20.32,Adventure,Future Games,The Adventure Company,2005.0,6.87,13.42,7.87,7.23,6.87,66.0,5.5
nickelodeon all-star brawl,PS5,2.55,2.53,17.37,Fighting,Fair Play Labs,GameMill Entertainment,2021.0,1.52,4.87,9.7,4.58,1.52,66.5,6.2250000000000005
nicktoons unite!,DS,2.67,2.95,22,"Action, Adventure",Unknown,THQ,2005.0,5.27,11.93,10.33,7.9,5.27,53.0,7.2
nicktoons: battle for volcano island,DS,3.02,2.12,7.71,Action,Unknown,THQ,2006.0,5.47,5.52,5.47,5.48,5.47,59.0,7.2
nidhogg,PC,3.47,3.43,4.99,Fighting,Messhof,Messhof,2014.0,0.95,2.68,5.98,1.47,0.95,81.0,6.900000000000001
nier replicant ver.1.22474487139...,PC,3.98,2.81,48.9,"Action, Adventure, Hack And Slash, Role-Playing, Third-Person",Unknown,Square Enix,2021.0,19.98,41.13,70.72,41.52,19.98,82.0,8.333333333333334
nier: automata,PC,4.29,3.07,49.77,"Hack And Slash, Role-Playing, Third-Person",PlatinumGames,Square Enix,2017.0,21.47,38.03,62.62,38.18,21.47,86.0,8.75
night at the museum: battle of the smithsonian,X360,3.75,2.82,16.44,Action,Unknown,Unknown,2009.0,3.5,13.42,3.95,3.75,3.5,52.0,6.949999999999999
night call,PC,2.5,2.5,10.4,Unknown,Unknown,Raw Fury,2019.0,4.97,9.55,32.5,7.45,4.97,66.33333333333333,5.6
nightcry,PC,2.48,3.07,9.75,Adventure,Nude Maker,AGM PLAYISM,2016.0,8.03,12.23,15.67,11.18,8.03,46.0,3.0
nightmares from the deep 2: the siren's call,PS4,3.21,3.12,8.8,Hidden Object,Artifex Mundi,G5 Entertainment,2013.0,4.0,4.88,6.82,5.43,4.0,69.0,7.333333333333333
nights into dreams...,PS3,3.81,3.14,8.52,Platform,Sonic Team,Sega,1996.0,2.58,4.45,6.95,3.67,2.58,73.5,7.85
nights of azure,PC,3.57,2.76,50.11,"Role-Playing, Third-Person",Gust,Koei Tecmo,2016.0,16.42,24.03,41.87,24.2,16.42,67.0,7.3
nights of azure 2: bride of the new moon,VITA,3.63,2.73,63,Role-Playing,Koei Tecmo Games,Koei Tecmo Games,2017.0,13.35,23.03,52.78,23.27,13.35,66.0,7.1
nightsky,PC,3.46,3.03,5.61,"Platform, Puzzle",Nicalis,Nicalis,2011.0,2.72,3.98,7.22,3.98,2.72,75.0,7.8
nihilumbra,PC,3.35,2.97,8.71,"Platform, Puzzle",BeautiFun Games,Unknown,2012.0,2.75,4.87,10.58,4.47,2.75,74.66666666666667,6.633333333333333
nikopol: secrets of the immortals,PC,2.95,3.29,6,Adventure,White Birds Productions,Got Game Entertainment,2008.0,3.72,4.9,3.72,3.85,3.72,68.0,5.5
nine parchments,PC,3.15,3.65,10,"Action, Role-Playing",Frozenbyte,Frozenbyte,2017.0,8.58,12.47,50.68,14.22,8.58,66.5,6.949999999999999
ninety-nine nights,X360,3.28,3.15,25.01,"Action, Hack And Slash",Unknown,Microsoft Game Studios,2006.0,4.8,16.13,25.0,9.97,4.8,61.0,6.6
ninja blade,X360,3.49,3.22,15.33,Unknown,Unknown,Microsoft Games Studios,2009.0,9.3,9.32,16.9,10.13,9.3,64.5,6.449999999999999
ninja gaiden 3,X360,2.78,3.38,17.99,"Action, Adventure",Team Ninja,Tecmo Koei,2012.0,7.52,12.42,35.0,9.95,7.52,58.0,4.7
ninja gaiden 3: razor's edge,PC,3.64,4.0,30.57,"Action, Adventure, Hack And Slash",Team Ninja,Tecmo Koei,2012.0,7.87,12.58,41.52,10.27,7.87,68.66666666666667,7.2
ninja gaiden black,XBOX,4.33,4.3,35.79,"Action, Adventure, Third-Person",Team Ninja,Tecmo,2005.0,15.38,26.07,67.37,20.9,15.38,94.0,8.7
ninja gaiden sigma,PC,3.92,4.24,26,"Action, Adventure, Hack And Slash",Team Ninja,Unknown,2007.0,13.78,17.07,38.1,15.77,13.78,88.0,7.6
ninja gaiden sigma 2,PS3,4.07,4.01,27.53,"Action, Adventure, Hack And Slash",Team Ninja,Tecmo Koei,2009.0,11.3,16.43,100.15,16.33,11.3,83.0,7.7
ninja gaiden: dragon sword,DS,3.84,3.45,16.46,"Action, Adventure",Team Ninja,Unknown,2008.0,5.45,6.93,20.95,5.73,5.45,83.0,7.9
ninja gaiden: master collection,XONE,3.0,4.14,46.83,"Action, Compilation",Unknown,KOEI TECMO AMERICA,2021.0,27.32,35.33,295.58,69.08,27.32,72.0,7.2
ninja reflex,WII,3.09,3.71,10,Party,Sanzaru Games,Unknown,2008.0,3.75,13.42,3.83,3.78,3.75,51.5,5.7
ninjala,NS,3.37,3.56,30.57,Action,GungHo Online Entertainment America,GungHo Online Entertainment America,2020.0,1.0,13.42,1.5,1.25,1.0,68.0,6.5
ninjatown,DS,4.02,3.17,21.25,"Real-Time, Strategy/Tactical",Venan Entertainment,SouthPeak Interactive,2008.0,12.18,17.95,17.68,15.02,12.18,80.0,8.5
nintendo land,WIIU,3.73,2.78,29.66,Party,Nintendo EAD,Nintendo,2012.0,10.83,26.95,52.37,22.73,10.83,77.0,7.9
nintendo pocket football club,3DS,4.01,3.25,69.59,Sports,ParityBit,Nintendo,2014.0,44.68,13.42,20.95,44.68,44.68,65.0,7.7
nintendo switch sports,NS,3.44,2.77,24.57,"Party, Sports",Nintendo,Nintendo,2022.0,4.47,14.9,160.22,18.05,4.47,72.0,5.8
nioh,PS4,4.19,3.99,74.72,"Action, Role-Playing, Third-Person",Team Ninja,Koei Tecmo,2017.0,36.0,67.57,104.1,68.18,36.0,88.0,8.3
nioh 2,PS4,4.17,4.04,80.00+,"Action, Role-Playing, Third-Person",Team Ninja,Unknown,2020.0,44.28,73.73,110.85,75.38,44.28,85.0,7.8
nioh: complete edition,PC,3.73,4.07,63.85,"Action, Role-Playing",Koei Tecmo Games,Koei Tecmo Games,2017.0,41.6,76.6,154.72,80.83,41.6,84.0,7.1
nitrobike,WII,3.29,2.75,16.67,"Driving, Racing",Left Field Productions,Ubisoft,2008.0,10.0,13.42,20.95,10.0,10.0,49.0,7.1
nitroplus blasterz: heroines infinite duel,PS4,3.6,3.02,21.54,Fighting,Examu,Unknown,2016.0,1.55,5.35,9.93,4.55,1.55,70.0,6.900000000000001
no heroes allowed!,PSP,3.8,4.0,16.2,Strategy,Acquire,Sony Computer Entertainment,2010.0,8.2,13.42,15.0,15.0,8.2,71.0,7.0
no man's sky,PC,2.89,2.46,62.61,"Action, Adventure, Survival",Hello Games,Hello Games,2016.0,32.88,82.97,184.67,89.63,32.88,73.0,6.1
no more heroes,PC,3.47,3.13,16.57,"Action, Hack And Slash, Real-Time, Third-Person",Grasshopper Manufacture,Unknown,2008.0,11.08,13.78,21.18,13.47,11.08,82.5,8.299999999999999
no more heroes 2: desperate struggle,PC,3.29,3.0,9.14,Action,Grasshopper Manufacture,Unknown,2010.0,8.3,10.52,15.15,9.87,8.3,83.0,8.4
no one lives forever 2: a spy in h.a.r.m.'s way,PC,4.12,3.0,19.63,"First-Person, Shooter, Stealth",Monolith Productions,Sierra Entertainment,2002.0,11.5,14.27,19.88,13.42,11.5,91.0,8.7
no straight roads,PC,2.94,2.83,14.67,"Action, Adventure, Open World",Metronomik,Sold Out,2020.0,5.9,8.68,17.35,7.32,5.9,71.33333333333333,6.533333333333334
nobody saves the world,PC,3.63,3.18,19.18,"Action, Role-Playing",DrinkBox Studios,DrinkBox Studios,2022.0,16.33,21.07,29.57,22.17,16.33,80.33333333333333,7.5
nobunaga's ambition: sphere of influence,PS3,3.27,2.76,58.5,"Real-Time, Strategy/Tactical",Koei Tecmo Games,Koei Tecmo Games,2015.0,33.83,74.17,1647.88,323.0,33.83,80.0,7.5
nobunaga's ambition: sphere of influence - ascension,PS4,3.7,3.17,75.82,Strategy/Tactical,Koei Tecmo Games,Koei Tecmo Games,2016.0,8.2,30.0,20.95,30.0,8.2,74.0,7.1
nobunaga's ambition: taishi,PS4,3.75,3.13,80.00+,"Simulation, Strategy/Tactical",Koei Tecmo Games,Koei Tecmo Games,2018.0,23.0,80.0,20.95,51.5,23.0,70.0,7.1
noby noby boy,PS3,3.16,1.49,11.27,"Action, Third-Person",Namco Bandai,Namco Bandai,2009.0,0.83,5.83,2.13,2.03,0.83,75.0,7.1
noita,PC,3.98,4.38,55.52,"Action, Roguelike",Nolla Games,Nolla Games,2019.0,28.23,70.72,150.23,48.57,28.23,76.0,8.0
nom nom galaxy,PS4,3.3,3.17,27.15,"Action, Sandbox",Q-Games,Q-Games,2014.0,17.75,31.18,20.0,23.97,17.75,69.0,6.5
norco,PC,3.97,1.42,8.73,"Adventure, Point-And-Click",Geography of Robots,Raw Fury,2022.0,6.02,7.78,8.08,7.15,6.02,89.0,7.0
norn9: var commons,VITA,3.76,1.63,39.29,"Adventure, Visual Novel",Otomate,Unknown,2015.0,27.68,34.8,45.78,38.8,27.68,75.0,7.2
northgard,PC,3.39,3.3,23.06,"City-Building, Strategy/Tactical",Shiro Games,Shiro Games,2018.0,14.8,38.57,138.67,23.83,14.8,79.0,7.449999999999999
nosferatu: the wrath of malachi,PC,3.09,3.52,11.79,"First-Person, Shooter",Idol FX,iGames Publishing,2003.0,4.03,4.7,8.55,5.05,4.03,70.0,7.5
not for broadcast,PC,3.46,2.64,6,"First-Person, Full Motion Video (Fmv), Simulation",NotGames,tinyBuild,2020.0,8.63,11.93,43.85,11.15,8.63,82.0,8.4
not tonight,PC,3.64,3.67,15.4,"Point-And-Click, Role-Playing, Side, Simulation",PanicBarn,No More Robots,2018.0,11.23,14.15,20.55,14.62,11.23,71.0,6.6
nuclear throne,PS4,3.6,4.42,40.81,"Action, Roguelike, Role-Playing, Top-Down",Vlambeer,Vlambeer,2015.0,18.43,64.62,168.27,42.07,18.43,85.5,7.05
nyxquest: kindred spirits,PC,3.54,2.35,11.4,"Action, Adventure, Platform",Over The Top Games,Over The Top Games,2009.0,3.38,4.33,8.15,4.23,3.38,82.0,8.2
obduction,PC,3.48,3.6,13.71,"Adventure, Puzzle",Cyan,Cyan,2016.0,11.95,15.3,15.1,13.5,11.95,76.0,7.6
observation,PC,3.33,2.98,8.34,Adventure,No Code,Devolver Digital,2019.0,5.85,6.9,8.75,6.68,5.85,77.0,6.95
observer,PC,3.5,2.17,12.5,Adventure,Bloober Team,Aspyr,2017.0,6.9,8.93,11.75,8.15,6.9,79.0,7.275
observer: system redux,PS4,3.57,2.83,11.33,"Adventure, First-Person, Horror",Bloober Team,Bloober Team,2020.0,7.33,9.47,14.32,9.33,7.33,79.66666666666667,7.0
obsidian,PC,3.75,4.1,6.57,Adventure,Rocket Science Games,SegaSoft,1996.0,8.0,13.42,20.95,8.0,8.0,85.0,7.1
ocean's heart,PC,3.85,3.0,17.71,"Action, Role-Playing, Top-Down",Max Mraz,Nordcurrent,2021.0,10.25,11.43,12.93,11.72,10.25,79.0,6.2
oceanhorn: monster of uncharted seas,PS4,3.56,2.71,20.7,Adventure,Cornfox & Brothers,FDG Entertainment,2013.0,9.4,11.7,16.87,12.75,9.4,69.25,7.75
octodad: dadliest catch,PS4,3.61,2.94,7.81,"Action, Adventure, Real-Time",Young Horses,Young Horses,2014.0,2.55,4.25,7.83,3.6,2.55,69.0,7.1
octomania,WII,3.3,3.2,9.2,Puzzle,Unknown,Unknown,2008.0,0.75,13.42,20.95,0.75,0.75,66.0,7.333333333333333
octopath traveler,PC,4.0,3.12,74.59,"Role-Playing, Side, Turn-Based",Unknown,Unknown,2018.0,61.12,81.2,106.03,79.07,61.12,81.5,7.400000000000001
odama,GC,3.11,4.02,17.88,Pinball,Vivarium,Nintendo,2006.0,8.9,13.42,12.0,9.42,8.9,62.0,7.6
oddworld: abe's exoddus,PS,3.97,3.79,23.18,Cinematic Platformer,Unknown,GT Interactive,1998.0,15.05,16.0,14.9,15.28,15.05,88.0,8.6
oddworld: abe's oddysee,PC,3.91,3.93,22.22,"Platform, Puzzle, Scrolling, Side",Unknown,GT Interactive,1997.0,13.02,14.4,14.02,13.57,13.02,85.0,8.8
oddworld: munch's oddysee,GBA,2.73,2.62,8.4,Platform,Unknown,Microsoft Game Studios,2001.0,11.78,14.18,17.35,14.35,11.78,62.0,5.8
oddworld: stranger's wrath,PC,3.77,3.0,13.5,"Action, Adventure, First-Person, Third-Person",Unknown,Electronic Arts,2005.0,10.55,15.33,33.25,15.32,10.55,88.0,8.7
odin sphere,PS2,4.04,3.64,46.11,"Action, Hack And Slash, Role-Playing",Vanillaware,Unknown,2007.0,38.12,46.53,66.35,48.23,38.12,83.0,8.6
off-road drive,PC,3.5,2.56,9.7,"Driving, Racing",1C-Avalon,Unknown,2011.0,7.0,13.42,20.95,7.0,7.0,60.0,6.0
off-road redneck racing,PC,4.06,3.0,20,"Driving, First-Person, Racing, Third-Person",Rage,Interplay,2001.0,12.0,13.42,20.95,12.0,12.0,65.0,7.333333333333333
offworld trading company,PC,3.73,3.74,26.13,"Real-Time, Strategy/Tactical",Mohawk Games,Stardock Entertainment,2016.0,9.57,33.77,20.95,18.48,9.57,78.0,7.6
oh...sir!,PC,3.67,2.22,2.2,Party,Vile Monarch,Gambitious Digital Entertainment,2015.0,8.2,13.42,20.95,11.25,8.2,64.0,7.0
okage: shadow king,PS4,3.6,3.14,32.03,"Role-Playing, Turn-Based",Zener Works,Sony Computer Entertainment,2001.0,25.87,32.1,30.68,29.45,25.87,70.0,8.1
okamiden,DS,4.1,2.86,29.09,"Action, Adventure",Capcom,Capcom,2011.0,21.23,22.9,25.77,22.6,21.23,82.0,8.2
okhlos,PC,3.4,3.2,10.33,"Action, Strategy/Tactical",Coffee Powered Machine,Devolver Digital,2016.0,4.78,12.1,20.95,5.7,4.78,69.0,7.6
old man's journey,XONE,3.18,2.0,2.83,"Adventure, Puzzle",Broken Rules,Broken Rules,2017.0,1.62,1.75,1.87,1.72,1.62,74.5,6.5
olliolli,PS4,3.55,4.12,8.07,Sports,Roll7,Roll7,2014.0,3.9,8.67,14.28,6.92,3.9,78.5,7.3
olliolli world,PS5,3.3,3.85,15.21,"Action, Arcade, Platform, Sports",Roll7,Private Division,2022.0,5.87,13.93,55.77,13.1,5.87,85.75,7.0249999999999995
olliolli2: welcome to olliwood,PS4,3.14,3.96,12.12,Arcade,Roll7,Roll7,2015.0,3.45,8.23,31.52,8.1,3.45,84.33333333333333,6.533333333333333
omega five,X360,3.5,3.3,5.7,Unknown,Natsume,Hudson Soft,2008.0,0.58,13.42,4.0,2.28,0.58,72.0,8.4
omen of sorrow,PS4,2.72,2.71,5.29,"Action, Fighting, Horror, Side",AOne Games,Unknown,2018.0,2.78,13.42,20.95,2.78,2.78,64.0,5.0
omensight,PC,3.53,2.85,8.29,"Action, Adventure",Spearhead Games,Spearhead Games,2018.0,6.22,8.32,11.28,8.07,6.22,74.5,7.65
one finger death punch 2,PC,3.74,3.07,16.33,"Action, Scrolling, Side",Silver Dollar Games,Silver Dollar Games,2019.0,10.7,14.58,25.97,15.65,10.7,83.0,8.0
one piece mansion,PS,3.6,2.91,15.38,"Puzzle, Strategy",Capcom,Capcom,2001.0,1.63,13.42,20.95,1.63,1.63,62.0,7.333333333333333
one piece odyssey,PC,2.88,2.4,27.43,Role-Playing,ILCA,Bandai Namco,2023.0,34.83,47.25,61.75,46.13,34.83,76.33333333333333,6.033333333333334
one piece: burning blood,PS4,2.7,2.32,19.1,"Fighting, Real-Time, Third-Person",Spike Chunsoft,BANDAI NAMCO Entertainment,2016.0,5.25,15.0,21.7,11.73,5.25,63.0,6.7
one piece: grand adventure,GC,3.7,3.23,35.19,Fighting,Ganbarion,Namco Bandai Games,2006.0,6.23,25.73,17.5,16.97,6.23,68.0,8.350000000000001
one piece: pirate warriors,PS3,3.98,2.89,33.26,Action,Unknown,Namco Bandai Games,2012.0,9.37,16.8,42.52,16.02,9.37,64.0,7.3
one piece: pirate warriors 2,PS3,4.23,2.96,45.2,Action,Tecmo Koei,Namco Bandai Games,2013.0,17.52,27.47,55.73,28.85,17.52,71.0,7.7
one piece: pirate warriors 3,PC,3.94,2.85,55.27,"Action, Beat Em Up, Real-Time, Third-Person",Omega Force,Bandai Namco Games,2015.0,16.47,41.08,112.45,44.82,16.47,74.0,7.7
one piece: pirate warriors 4,XONE,3.27,2.71,26.3,Beat Em Up,Omega Force,Bandai Namco Games,2020.0,16.42,26.9,40.98,26.75,16.42,73.33333333333333,7.566666666666666
one piece: pirates' carnival,GC,2.92,2.7,24.61,Party,h.a.n.d.,Namco Bandai Games,2006.0,0.93,13.42,20.95,0.93,0.93,48.0,6.0
one piece: romance dawn,3DS,3.55,3.03,45.42,Role-Playing,Three Rings,Namco Bandai Games,2014.0,52.08,53.02,43.0,51.3,52.08,42.0,6.6
one piece: unlimited adventure,WII,4.0,3.23,44.77,"Action, Adventure, Fighting",Ganbarion,Namco Bandai,2008.0,28.77,37.12,83.8,46.82,28.77,67.0,8.3
one piece: unlimited cruise sp 2,3DS,4.03,3.42,41.33,Action,Bandai Namco Games,Namco Bandai Games,2012.0,8.2,13.42,35.0,35.0,8.2,49.0,7.1
one piece: unlimited world red,VITA,3.82,2.82,36.19,"Action, Adventure, Battle Arena, Third-Person",Ganbarion,Bandai Namco Games,2014.0,10.8,24.87,65.35,21.73,10.8,68.5,7.4
one piece: unlimited world red - deluxe edition,PC,3.56,2.6,18.46,"Action, Adventure, Battle Arena, Third-Person",Ganbarion,BANDAI NAMCO Entertainment,2017.0,9.45,18.65,84.5,18.12,9.45,68.0,6.3500000000000005
one piece: world seeker,PS4,3.27,2.74,31.19,"Action, Adventure",Ganbarion,Bandai Namco Entertainment,2019.0,12.15,20.33,33.02,22.22,12.15,61.5,5.05
one upon light,PS4,3.69,2.57,4.25,Puzzle,SUTD Game Lab,Sony,2015.0,8.2,13.42,8.42,8.42,8.2,59.0,7.333333333333333
onechanbara z2: chaos,PC,3.43,2.67,15.27,"Action, Hack And Slash, Third-Person",Tamsoft,Xseed,2015.0,5.8,9.53,23.18,9.38,5.8,57.0,7.0
onechanbara: bikini samurai squad,X360,3.45,3.01,24.43,"Action, Hack And Slash, Third-Person",Tamsoft,D3,2009.0,5.92,31.63,40.93,14.6,5.92,39.0,6.4
oni,PS2,3.08,3.4,20.39,"Beat Em Up, Third-Person Shooter",Unknown,Unknown,2001.0,9.6,10.13,9.8,9.73,9.6,71.0,7.8
onimusha 2: samurai's destiny,PS2,3.95,3.18,20.57,"Action, Adventure, Third-Person",Capcom,Capcom,2002.0,9.35,11.7,17.72,10.53,9.35,84.0,8.5
onimusha 3: demon siege,PC,3.97,3.19,20.23,"Action, Third-Person",Capcom,Capcom,2004.0,11.95,13.73,18.47,13.05,11.95,85.0,8.7
onimusha blade warriors,PS2,3.48,3.08,20.26,Fighting,Capcom,Capcom,2004.0,1.42,4.78,24.75,6.2,1.42,65.0,6.6
onimusha tactics,GBA,3.59,2.83,28.66,Tactical Rpg,Capcom,Capcom,2003.0,18.08,24.33,46.65,24.25,18.08,64.0,8.0
onimusha: dawn of dreams,PS2,3.78,3.26,33.51,"Action, Adventure",Capcom,Capcom,2006.0,18.77,22.07,31.38,20.78,18.77,81.0,8.7
onimusha: warlords,PC,3.83,2.98,9.5,"Action, Adventure",Capcom,Capcom,2001.0,4.73,5.8,12.45,5.65,4.73,74.2,6.96
oninaki,PC,3.09,2.85,36.5,"Action, Role-Playing",Tokyo RPG Factory,Square Enix,2019.0,19.07,26.53,42.08,24.97,19.07,68.5,6.449999999999999
ontamarama,DS,3.4,2.85,10.23,Music/Rhythm,Noise Factory,Unknown,2007.0,0.93,13.42,20.95,0.93,0.93,71.0,7.333333333333333
ooga booga,DC,3.44,2.62,6.73,Action,Visual Concepts,Sega,2001.0,8.2,13.42,6.98,6.98,8.2,81.0,6.2
oozi: earth adventure,PC,3.82,2.42,10.4,"Action, Adventure, Platform, Scrolling",Awesome Games Studio,Awesome Games Studio,2013.0,4.78,8.0,29.1,10.88,4.78,66.0,6.8
open season,PS2,3.0,2.24,12.25,"Action, Adventure",Unknown,Ubisoft,2006.0,3.23,5.02,6.98,4.55,3.23,59.0,7.300000000000001
operation babel: new tokyo legacy,VITA,3.65,3.08,47.5,Role-Playing,Unknown,NIS America,2017.0,33.72,13.42,20.95,33.72,33.72,63.0,6.0
operation blockade,PC,3.71,3.7,25.33,"Action, Shooter",Screaming Games,Infogrames,2002.0,12.68,13.42,20.95,12.68,12.68,49.0,6.2
operation darkness,X360,3.57,3.88,41.08,Tactical Rpg,Success,Unknown,2008.0,84.3,62.53,20.95,67.98,84.3,46.0,6.9
operation flashpoint: dragon rising,PS3,3.27,3.9,28.3,"First-Person, Shooter",Codemasters,Codemasters,2009.0,11.75,15.55,15.0,12.78,11.75,76.33333333333333,6.233333333333333
operation flashpoint: red river,PC,3.39,3.54,20.93,"First-Person, Shooter",Codemasters,Codemasters,2011.0,11.57,13.52,20.5,12.48,11.57,67.66666666666667,5.666666666666667
operation: tango,PS5,2.89,2.83,4.5,Unknown,Clever Plays,Clever Plays,2021.0,8.2,13.42,20.95,11.25,8.2,71.5,7.15
opoona,WII,4.01,2.93,63.52,Role-Playing,ArtePiazza,Koei,2008.0,26.93,37.95,39.4,34.18,26.93,65.0,8.1
orcs & elves,DS,3.46,2.88,12.66,Role-Playing,Fountainhead Entertainment,Unknown,2006.0,5.1,6.38,6.23,5.65,5.1,68.0,7.7
orcs must die!,PC,3.66,3.23,18.5,Tower Defense,Robot Entertainment,Microsoft Studios,2010.0,8.62,14.07,28.5,13.68,8.62,81.0,8.25
orcs must die! 2,PC,3.77,3.19,24.49,Tower Defense,Robot Entertainment,Microsoft Studios,2012.0,8.25,21.22,43.57,17.92,8.25,83.0,7.9
order of war,PC,4.0,3.58,65.33,"Real-Time, Strategy/Tactical",Wargaming.net,Square Enix,2009.0,19.15,13.42,106.7,48.33,19.15,69.0,7.1
order up!,WII,3.77,2.35,12.67,Simulation,SuperVillain Studios,Unknown,2008.0,5.62,8.3,10.0,6.83,5.62,76.0,8.5
oreshika: tainted bloodlines,VITA,4.07,3.27,53.23,Role-Playing,Alfa System,Sony Computer Entertainment,2015.0,28.1,45.12,20.95,33.78,28.1,78.0,8.0
ori and the blind forest,PC,4.17,3.38,12.8,"Adventure, Platform",Moon Studios,Microsoft Studios,2015.0,8.42,10.72,12.52,10.27,8.42,88.0,8.649999999999999
ori and the blind forest: definitive edition,PC,4.17,3.46,13.6,"Platform, Scrolling, Side",Moon Studios,Microsoft Studios,2016.0,9.13,11.68,13.43,11.18,9.13,88.66666666666667,8.466666666666665
ori and the will of the wisps,XBSX,3.98,3.29,19.2,"Action, Adventure, Platform, Scrolling, Side",Moon Studios,Xbox Game Studios,2020.0,11.93,16.13,18.78,16.02,11.93,90.33333333333333,8.766666666666666
original war,PC,4.25,3.76,52.31,"Real-Time, Strategy",Altar Interactive,Virgin Interactive,2001.0,18.3,35.0,85.8,52.02,18.3,61.0,8.8
orphen: scion of sorcery,PS2,2.92,3.02,20.82,"Action, Role-Playing, Third-Person",Shade,Unknown,2000.0,7.83,7.62,10.73,8.92,7.83,54.0,7.3
orwell,PC,3.47,1.91,6.72,Simulation,Osmotic Studios,Surprise Attack,2016.0,4.72,6.33,9.98,5.93,4.72,77.0,7.4
osmos,PC,3.38,3.4,7.91,Unknown,Hemisphere Games,Hemisphere Games,2009.0,5.68,8.47,10.58,7.83,5.68,80.0,7.599999999999999
othercide,PC,2.96,3.67,17.57,"Strategy/Tactical, Turn-Based",Lightbulb Crew,Unknown,2020.0,20.42,34.05,38.58,31.73,20.42,74.33333333333333,6.6000000000000005
otogi 2: immortal warriors,XBOX,3.59,3.71,28.27,"Action, Hack And Slash",From Software,Sega,2004.0,9.22,10.75,20.95,9.78,9.22,79.0,7.8
otogi: myth of demons,XBOX,3.56,3.75,33.45,"Action, Third-Person",From Software,Sega,2003.0,11.48,14.45,26.88,13.43,11.48,80.0,8.4
otomedius excellent,X360,3.63,3.75,17.83,"Scrolling, Shooter",Konami Digital Entertainment,Konami,2011.0,0.95,2.0,30.0,3.27,0.95,48.0,7.7
out of the park baseball 15,PC,4.08,2.83,35.33,"Simulation, Sports, Strategy/Tactical",Out of the Park Developments,Out of the Park Developments,2014.0,6.03,13.42,20.95,6.03,6.03,89.0,7.2
outcast: second contact,PC,3.12,2.77,22.22,"Action, Adventure",Appeal,Bigben Interactive,2017.0,17.63,19.5,23.42,21.07,17.63,65.33333333333333,5.933333333333334
outer wilds,XONE,4.07,3.63,23.9,"Action, Adventure, First-Person, Open World",Mobius Digital,Annapurna Interactive,2019.0,17.05,23.2,30.12,23.02,17.05,84.0,8.2
outland,PC,3.5,3.23,10.06,Platform,Housemarque,Ubisoft,2011.0,7.2,9.82,12.7,8.93,7.2,82.0,7.466666666666667
outlaw golf,PS2,2.73,4.13,11.2,Sports,Hypnotix,Simon and Schuster Interactive,2002.0,1.72,13.42,20.95,1.72,1.72,70.5,7.3500000000000005
outlaw volleyball,XBOX,3.16,3.7,30.25,Sports,Hypnotix,Unknown,2003.0,10.0,13.42,21.62,15.8,10.0,77.0,7.4
outlive,PC,3.54,3.5,16,"Real-Time, Strategy",Continuum Entertainment,Continuum Entertainment,2001.0,25.0,27.5,20.95,26.25,25.0,59.0,8.4
outpost kaloki x,X360,3.36,2.95,17.86,Simulation,NinjaBee,Microsoft Game Studios,2004.0,6.77,13.42,9.0,7.52,6.77,77.0,7.2
outriders,PC,3.26,2.95,34.74,"Role-Playing, Shooter",People Can Fly,Square Enix,2021.0,16.73,37.47,66.73,35.6,16.73,72.75,5.875
outrun 2006: coast 2 coast,PS2,3.83,3.2,25.83,"Driving, Racing",Sumo Digital,Unknown,2006.0,5.7,15.68,18.45,8.72,5.7,80.25,8.175
outrun online arcade,X360,4.01,3.32,12.79,"Driving, Racing",Sumo Digital,Sega,2009.0,1.07,3.22,11.0,2.85,1.07,79.0,8.3
outward,PC,3.23,3.91,32.53,"Action, Open World, Real-Time, Role-Playing, Survival, Third-Person",Nine Dots Studio,Deep Silver,2019.0,32.18,54.93,99.37,57.8,32.18,64.66666666666667,6.933333333333334
over g fighters,X360,3.36,3.59,25.83,Combat Flight Simulator,Taito Corporation,Ubisoft,2006.0,19.0,13.42,20.95,19.0,19.0,49.0,6.2
overclocked: a history of violence,PC,3.63,3.16,11.58,Adventure,House of Tales,Lighthouse Interactive,2008.0,8.4,6.63,8.53,8.37,8.4,70.0,6.4
overcooked! all you can eat,PS5,3.3,3.45,12.39,"Party, Strategy/Tactical",Unknown,Team17 Digital,2020.0,11.17,27.32,34.68,26.17,11.17,85.5,7.5
overlord ii,PC,3.61,2.9,24.44,"Action, Adventure",Triumph Studios,Codemasters,2009.0,16.95,20.82,26.68,20.63,16.95,75.33333333333333,7.7333333333333325
overlord: dark legend,WII,3.48,2.65,16.34,"Action, Adventure",Climax Studios,Codemasters,2009.0,8.32,7.85,8.73,8.25,8.32,68.0,7.7
override: mech city brawl,NS,3.07,3.67,16.4,Action,The Balance,Modus Games,2018.0,2.13,6.17,20.95,2.67,2.13,61.666666666666664,6.8
overwatch,NS,3.49,3.08,62.43,"Action, First-Person, Moba, Shooter",Blizzard Entertainment,Blizzard Entertainment,2016.0,8.2,13.42,20.95,11.25,8.2,86.25,6.175000000000001
overwatch 2,XBSX,1.86,3.17,15.5,"First-Person, Shooter",Blizzard Entertainment,Blizzard Entertainment,2023.0,8.2,13.42,20.95,11.25,8.2,77.5,1.65
owlboy,PS4,3.67,2.87,16.3,"Action, Adventure, Platform",D-Pad Studio,D-Pad Studio,2016.0,8.42,10.18,13.27,9.7,8.42,86.5,6.949999999999999
pac 'n roll,DS,3.52,3.03,16.1,Platform,Namco,Namco,2005.0,3.55,3.13,2.0,3.22,3.55,72.0,8.0
pac-man,2600,2.82,3.13,9.95,"Action, Arcade",Namco,Unknown,1980.0,0.88,2.45,4.95,2.1,0.88,62.0,5.0
pac-man & galaga dimensions,3DS,3.79,3.28,27.61,Arcade,Namco Bandai Games,Namco Bandai Games,2011.0,12.0,17.0,20.0,16.33,12.0,60.0,6.6
pac-man 256,PC,3.61,3.0,10.28,"Action, Arcade",Bandai Namco Games,Bandai Namco Games,2016.0,4.1,9.55,19.38,12.5,4.1,79.5,6.7
pac-man and the ghostly adventures,PC,3.34,2.33,17.03,"Platform, Scrolling",Unknown,Bandai,2013.0,5.85,7.9,9.55,7.05,5.85,53.5,5.95
pac-man and the ghostly adventures 2,WIIU,3.7,2.55,18.06,Platform,Unknown,Bandai Namco Studios,2014.0,7.33,9.15,14.93,9.33,7.33,59.5,5.6
pac-man championship edition,PSP,3.83,3.26,14.48,"Arcade, Maze",Namco Bandai Games,Namco Bandai Games,2007.0,2.02,3.03,7.55,4.1,2.02,83.0,8.3
pac-man championship edition 2,PS4,3.46,3.43,14.86,"Arcade, Puzzle, Top-Down",Namco Bandai Games,Namco Bandai Games,2016.0,4.63,11.75,14.73,8.1,4.63,77.33333333333333,7.2333333333333325
pac-man championship edition dx,WINM,4.0,3.13,10.86,Arcade,Namco Bandai,Namco Bandai,2010.0,3.57,4.82,4.87,4.5,3.57,92.0,7.7
pac-man collection,GBA,3.75,3.1,16.31,"Arcade, Puzzle",Mass Media,Namco,2001.0,16.15,15.0,20.95,15.87,16.15,79.0,7.8
pac-man fever,GC,2.88,2.56,15.23,Party,Mass Media,Namco,2002.0,1.52,5.0,6.88,3.88,1.52,50.5,6.45
pac-man museum+,XONE,3.88,3.33,21,"Compilation, Top-Down",Bandai Namco Entertainment,Bandai Namco Entertainment,2022.0,2.87,5.22,61.0,10.37,2.87,73.5,7.2
pac-man party,WII,3.37,2.47,11.8,Party,Namco Networks,Namco Bandai Games,2010.0,14.0,13.42,20.95,14.0,14.0,59.0,6.4
pac-man world 2,GBA,3.51,3.82,17.35,"Platform, Third-Person",Unknown,Unknown,2002.0,4.75,7.18,12.65,6.28,4.75,71.0,7.866666666666666
pac-man world 3,DS,2.87,2.43,35.85,Platform,Unknown,Namco,2005.0,8.97,8.35,14.0,9.28,8.97,59.8,6.800000000000001
pac-man world rally,PC,3.1,1.67,15,"Driving, Racing",Smart Bomb Interactive,Namco Bandai Games,2006.0,2.02,3.2,6.65,2.7,2.02,54.0,7.900000000000001
pac-man world: re-pac,PC,3.59,3.67,19.43,"Action, Platform",Bandai Namco Games,Bandai Namco Games,2022.0,5.45,7.35,9.47,7.18,5.45,70.25,7.666666666666667
pac-pix,DS,3.25,3.42,11.69,"Puzzle, Strategy",Namco,Namco,2005.0,4.88,13.42,20.95,4.88,4.88,71.0,7.2
painkiller: hell & damnation,PS3,2.9,2.63,8.18,"First-Person, Shooter",The Farm 51,Nordic Games,2012.0,5.05,11.5,26.72,8.55,5.05,52.333333333333336,6.6000000000000005
painkiller: hell wars,XBOX,3.54,3.0,13.2,First-Person Shooter,People Can Fly,DreamCatcher Interactive,2006.0,14.57,13.42,20.95,14.57,14.57,68.0,7.7
painkiller: overdose,PC,3.01,3.09,9.41,"Action, Shooter",Mindware Studios,GFI Russia,2007.0,6.15,8.8,10.85,7.23,6.15,65.0,6.4
painkiller: resurrection,PC,2.64,2.9,5.86,"Action, First-Person, Shooter",HomeGrown Games,JoWooD Productions,2009.0,4.92,8.4,20.95,5.92,4.92,38.0,4.0
pandora's tower,WII,3.99,3.25,31.48,"Action, Role-Playing",Ganbarion,Nintendo,2013.0,19.65,24.92,28.42,22.53,19.65,73.0,8.1
pandora: first contact,PC,3.68,3.6,37.14,Strategy,Proxy Studios,Slitherine,2013.0,30.0,13.42,20.95,30.0,30.0,68.0,7.5
pang adventures,PC,3.15,3.0,4,Action,DotEmu,DotEmu,2016.0,3.87,3.58,20.95,3.8,3.87,68.0,5.599999999999999
panorama cotton,GEN,3.79,3.77,8.45,"On-Rails, Shooter",Success,Unknown,2021.0,0.97,2.0,3.33,1.42,0.97,61.0,7.333333333333333
panzer corps,PC,4.0,3.41,63.33,"Strategy, Turn-Based",Unknown,Slitherine,2011.0,35.38,229.45,966.0,410.27,35.38,80.0,7.6
panzer dragoon,PS4,3.26,2.75,7.06,"Action, Shooter",Team Andromeda,Sega,1995.0,1.72,2.2,4.75,1.85,1.72,63.0,7.5
panzer dragoon orta,XBOX,4.18,3.74,16.97,"On-Rails, Shooter",Smilebit,Sega,2003.0,4.32,7.53,26.68,5.47,4.32,90.0,8.4
panzer paladin,PC,3.86,3.27,11.3,"Action, Platform, Real-Time, Side",Tribute Games,Tribute Games,2020.0,5.95,8.75,17.97,7.07,5.95,76.5,7.4
paper beast,PS4,3.06,3.0,4.4,Adventure,Pixel Reef,Unknown,2020.0,3.22,3.97,6.07,3.77,3.22,79.0,7.6
paper mario,N64,4.37,2.91,34.84,"Adventure, Role-Playing, Turn-Based",Intelligent Systems,Nintendo,2001.0,23.35,26.98,34.53,26.42,23.35,93.0,9.0
paper mario: color splash,WIIU,3.63,2.75,42.66,"Adventure, Role-Playing, Third-Person, Turn-Based",Intelligent Systems,Nintendo,2016.0,30.17,34.48,42.73,34.43,30.17,76.0,7.1
paper mario: sticker star,3DS,3.19,2.81,25.74,Role-Playing,Intelligent Systems,Nintendo,2012.0,21.4,24.57,34.92,25.33,21.4,75.0,5.5
paper mario: the origami king,NS,3.69,2.87,35.32,"Action, Adventure, Puzzle, Role-Playing",Intelligent Systems,Nintendo,2020.0,27.28,33.07,44.7,33.53,27.28,80.0,7.0
paper mario: the thousand-year door,GC,4.46,3.01,45.05,"Adventure, Role-Playing, Turn-Based",Intelligent Systems,Nintendo,2004.0,31.4,38.42,56.05,37.98,31.4,87.0,9.0
paper monsters recut,WIIU,3.65,2.13,30.62,"Action, Platform, Scrolling, Third-Person",Mobot Studios,Crescent Moon Games,2014.0,3.68,3.17,20.95,3.3,3.68,74.0,8.0
paper sorcerer,PC,3.78,3.26,19,"Adventure, Role-Playing",Jesse Gallagher,Ultra Runaway Games,2013.0,13.63,19.55,24.93,18.17,13.63,73.0,6.8
paperboy,GG,2.56,2.92,1.13,"Action, Scrolling",Atari Games,Unknown,1991.0,1.65,1.0,4.78,2.3,1.65,71.0,6.2
"papers, please",LNX,3.5,3.33,17.6,"Point-And-Click, Puzzle, Real-Time, Simulation, Text",Lucas Pope,Lucas Pope,2013.0,5.02,8.55,16.65,8.3,5.02,85.0,8.5
papo & yo,PC,3.37,2.21,7.71,Adventure,Minority,Sony Computer Entertainment,2012.0,3.45,4.07,6.22,4.02,3.45,71.0,7.85
paradigm,PC,3.76,2.47,9.58,"Adventure, Point-And-Click",Jacob Janerka,Jacob Janerka,2017.0,5.98,8.65,7.58,7.2,5.98,85.0,7.8
paradise killer,PC,3.52,3.0,20.03,Visual Novel,Kaizen Game Works,Fellow Traveller,2020.0,11.65,14.42,15.58,14.27,11.65,81.0,7.75
paranautical activity,PC,3.22,4.0,14.29,"First-Person, Roguelike, Role-Playing, Shooter",Code Avarice,Digerati,2013.0,5.77,6.88,19.0,7.57,5.77,48.0,3.8
parappa the rapper,PSP,3.48,3.38,6.84,Music/Rhythm,NanaOn-Sha,Sony Computer Entertainment,1997.0,1.65,2.73,4.45,2.12,1.65,79.5,6.699999999999999
parappa the rapper 2,PS2,3.72,2.74,13.16,Music/Rhythm,NanaOn-Sha,SCEI,2002.0,1.6,2.23,5.55,1.95,1.6,67.0,7.7
parasite eve,PS,4.12,3.26,31.07,"Action, Role-Playing",Unknown,Unknown,1998.0,9.97,12.57,33.18,12.43,9.97,81.0,8.9
parasite eve ii,PS,4.01,3.35,29.11,"Action, Horror, Role-Playing, Shooter, Third-Person",Square Product Development Division 5,Unknown,2000.0,12.5,16.18,19.32,14.52,12.5,79.0,8.7
paraworld,PC,3.97,3.08,58,"Real-Time, Strategy",SEK,Unknown,2006.0,21.67,21.0,25.0,21.85,21.67,71.0,7.9
pariah,PC,3.04,2.72,28.75,First-Person Shooter,Digital Extremes,Groove Games,2005.0,4.78,6.6,6.05,5.48,4.78,69.5,6.55
partisans 1941,PC,2.86,3.0,16.22,"Real-Time, Strategy/Tactical",Alter Games,Daedalic Entertainment,2020.0,17.55,23.63,25.07,21.08,17.55,74.0,7.3
party hard,PC,3.37,3.65,9.37,"Action, Strategy/Tactical",Pinokl Games,tinyBuild,2015.0,6.38,9.98,15.1,9.48,6.38,60.0,6.866666666666667
patapon,PS4,3.51,3.09,16.93,"Music/Rhythm, Strategy/Tactical",Unknown,Sony Computer Entertainment,2008.0,14.73,19.98,25.32,18.15,14.73,79.0,7.1
patapon 2,PSP,4.24,3.29,42.94,"Music/Rhythm, Strategy/Tactical",Unknown,Sony Computer Entertainment,2009.0,19.62,29.12,49.33,30.83,19.62,81.0,8.2
patapon 3,PSP,4.25,3.34,58.71,Strategy/Tactical,Unknown,Sony Computer Entertainment,2011.0,26.48,48.2,233.67,57.9,26.48,74.0,7.6
path of exile,PS4,3.79,3.17,69.51,"Action, Isometric, Role-Playing, Third-Person",Grinding Gear Games,Grinding Gear Games,2013.0,32.2,149.18,844.75,163.28,32.2,86.0,7.900000000000001
pathfinder: kingmaker,PC,3.94,3.81,78.88,"Isometric, Real-Time, Role-Playing, Turn-Based",Owlcat Games,Deep Silver,2018.0,77.75,133.48,219.17,143.43,77.75,73.0,7.4
pathfinder: wrath of the righteous,PC,4.26,3.72,80.00+,"Isometric, Role-Playing",Owlcat Games,Unknown,2021.0,53.82,142.52,242.03,144.18,53.82,83.0,7.7
pathologic 2,PC,4.2,4.61,37.94,"Action, Adventure, First-Person, Horror, Survival",Ice-Pick Lodge,tinyBuild,2019.0,27.92,36.48,51.18,34.83,27.92,70.0,8.8
pato box,PC,3.5,4.13,9.25,Fighting,Unknown,Bromio,2018.0,6.35,5.9,16.73,9.05,6.35,74.0,7.5
patrician iii: rise of the hanse,PC,3.8,3.53,75.71,Real-Time,Ascaron,Encore,2003.0,76.15,60.5,20.95,73.53,76.15,75.0,8.8
payday 2,PS3,3.49,3.28,50.64,"First-Person, Shooter",Overkill Software,505 Games,2013.0,29.3,176.1,565.78,186.57,29.3,72.0,5.35
payday 2: crimewave edition,XONE,3.61,3.42,65.11,"First-Person, Shooter",Overkill Software,505 Games,2015.0,25.27,191.77,324.5,147.27,25.27,68.0,3.95
payday: the heist,PS3,3.4,3.71,23.3,"Action, First-Person, Shooter",Overkill Software,Sony Online Entertainment,2011.0,11.15,38.65,59.52,24.17,11.15,73.0,7.1
pdc world championship darts 2008,PSP,2.53,3.85,23.09,Sports,Oxygen Interactive,Oxygen Interactive,2008.0,32.7,13.42,20.95,32.7,32.7,47.0,5.4
peggle 2,XONE,3.69,2.94,14.26,Puzzle,PopCap Games,Electronic Arts,2013.0,5.57,12.98,37.52,12.0,5.57,77.0,7.099999999999999
peggle deluxe,PC,3.74,2.84,18.49,Puzzle,Unknown,Unknown,2007.0,4.15,10.63,32.18,6.58,4.15,85.0,7.9
peggle: dual shot,DS,3.96,3.13,18.8,Puzzle,Q Entertainment,PopCap Games,2009.0,7.53,11.0,50.32,11.33,7.53,84.0,7.9
penny-punching princess,VITA,3.73,3.46,75.05,"Action, Top-Down",Unknown,NIS America,2018.0,13.08,19.0,20.95,15.05,13.08,63.0,6.1
pentiment,XBSX,4.0,2.22,16.89,"Adventure, Role-Playing, Side",Obsidian Entertainment,Xbox Game Studios,2022.0,15.05,19.72,26.17,18.02,15.05,87.0,7.25
penumbra: requiem,PC,3.05,2.95,9.02,"Graphic Adventure, Survival Horror",Frictional Games,Paradox Interactive,2008.0,3.3,3.6,4.03,3.48,3.3,67.0,6.0
perfect dark zero,X360,3.09,3.14,18.65,"First-Person, Shooter",Rare,Microsoft Game Studios,2005.0,7.37,12.12,39.92,9.62,7.37,81.0,7.2
perimeter,PC,3.41,4.0,53.33,"Real-Time, Strategy",K-D Lab,Unknown,2004.0,26.63,13.42,20.95,26.63,26.63,77.0,8.3
persona 2: eternal punishment,PS,3.85,3.55,58.39,"Role-Playing, Turn-Based",Atlus,Atlus,2000.0,47.78,67.28,147.23,58.77,47.78,83.0,4.7
persona 3: dancing in moonlight,VITA,3.59,2.67,19.47,Music/Rhythm,P-Studio,Atlus,2018.0,6.8,11.93,14.23,12.23,6.8,73.0,6.4
persona 4 arena,X360,3.92,3.1,26.76,"Fighting, Visual Novel",Unknown,Atlus,2012.0,10.7,19.57,31.75,16.47,10.7,84.5,5.15
persona 4 arena ultimax,X360,3.66,2.89,28.75,"Fighting, Visual Novel",Unknown,Atlus,2014.0,10.92,22.92,68.7,22.02,10.92,81.4,5.5
persona 4 golden,PC,4.34,2.98,80.00+,"Role-Playing, Simulation, Third-Person, Turn-Based",Atlus,Unknown,2012.0,68.03,85.63,135.02,84.78,68.03,89.6,8.52
persona 4: dancing all night,PS4,3.79,2.67,24.05,Music/Rhythm,Atlus,Unknown,2015.0,8.93,14.62,20.3,15.52,8.93,76.0,5.5
persona 5,PS3,4.4,3.11,80.00+,"Role-Playing, Simulation, Third-Person, Turn-Based",P-Studio,Unknown,2017.0,98.03,115.6,176.93,116.03,98.03,93.0,8.7
persona 5 royal,XONE,4.0,2.89,80.00+,"Action, Role-Playing, Simulation, Social, Third-Person, Turn-Based",P-Studio,Atlus,2020.0,102.58,125.22,144.63,125.85,102.58,93.8,8.24
persona 5 strikers,PC,3.92,3.11,47.33,"Action, Hack And Slash, Role-Playing, Third-Person",Unknown,Atlus,2021.0,35.38,46.5,71.57,48.5,35.38,80.0,7.3999999999999995
persona 5: dancing in starlight,PS4,3.7,2.91,20.74,Music/Rhythm,P-Studio,Atlus,2018.0,7.52,12.42,14.65,12.8,7.52,72.0,6.3
persona q2: new cinema labyrinth,3DS,4.06,3.53,63.4,Role-Playing,P-Studio,Atlus,2019.0,48.0,73.17,86.28,69.17,48.0,81.0,7.7
persona q: shadow of the labyrinth,3DS,4.1,3.33,76.06,"First-Person, Role-Playing, Turn-Based",Atlus,Atlus,2014.0,59.85,81.12,118.95,80.07,59.85,83.0,5.8
personal trainer: cooking,DS,3.65,2.34,38.26,Edutainment,Unknown,Nintendo,2008.0,10.22,13.42,20.95,10.22,10.22,81.0,8.1
pet alien: an intergalactic puzzlepalooza,DS,4.0,3.17,12.67,Action,Shin'en,The Game Factory,2007.0,2.45,13.42,20.95,2.45,2.45,58.0,7.333333333333333
pga tour 2k21,PS4,3.13,3.19,35.33,"Simulation, Sports",HB Studios Multimedia,2k,2020.0,21.68,28.82,51.8,33.6,21.68,75.0,5.725
phantasy star collection,GBA,3.7,3.7,68.25,"Compilation, Role-Playing",Unknown,Sega,1998.0,63.58,13.42,20.95,63.58,63.58,76.0,8.2
phantasy star online,PC,3.97,3.17,68,"Action, Massively Multiplayer, Role-Playing",Sonic Team,Sega,2001.0,31.03,86.07,324.43,111.73,31.03,89.0,8.4
phantasy star online episode iii: c.a.r.d. revolution,GC,3.48,3.31,57.16,Role-Playing,Sonic Team,Sega,2004.0,10.22,31.93,20.95,23.78,10.22,71.0,8.3
phantasy star portable,PSP,3.97,3.07,51.18,Action Rpg,Unknown,SEGA,2009.0,17.35,46.32,142.5,41.97,17.35,64.0,7.7
phantasy star portable 2,PSP,4.24,3.21,60.17,Action Rpg,Alfa System,Sega,2010.0,20.82,68.38,20.95,42.43,20.82,69.0,8.1
phantasy star universe,X360,3.47,2.72,58.17,Action Rpg,Sonic Team,Sega,2006.0,26.93,35.53,44.43,33.37,26.93,63.666666666666664,7.3999999999999995
phantom brave,PS2,3.86,3.33,66.01,"Role-Playing, Tactical",Nippon Ichi Software,Unknown,2004.0,32.2,51.67,173.0,48.0,32.2,81.0,8.2
phantom brave: we meet again,WII,4.14,3.69,72.32,"Role-Playing, Strategy",System Prisma,Unknown,2009.0,41.32,64.0,20.95,48.87,41.32,76.0,7.8
phantom breaker: battle grounds,PC,3.78,3.3,8.62,"Beat Em Up, Scrolling, Side",Division2,Mages,2013.0,3.08,7.73,13.95,5.38,3.08,67.66666666666667,7.1
phantom crash,XBOX,4.13,3.36,50.47,"Action, Mech Simulator",Genki,Phantagram,2002.0,15.37,13.42,20.95,15.37,15.37,74.0,8.1
phantom doctrine,PC,3.28,3.08,60,"Strategy, Turn-Based",CreativeForge Games,Good Shepherd Entertainment,2018.0,34.53,56.98,186.33,58.03,34.53,73.0,7.25
phantom dust,XONE,3.6,3.47,52.22,"Action, Battle Arena, Card Game, Real-Time, Shooter, Third-Person",Unknown,Unknown,2005.0,17.47,18.48,25.3,19.3,17.47,81.0,7.599999999999999
phineas and ferb: across the 2nd dimension,DS,3.53,2.09,31.71,"Action, Adventure",Unknown,Unknown,2011.0,4.13,11.22,11.07,7.07,4.13,63.0,7.3
phoenix point,PC,3.15,3.75,36.22,"Strategy/Tactical, Turn-Based",Snapshot Games,Snapshot Games,2019.0,35.47,74.88,132.35,71.32,35.47,74.0,5.8
phoenix wright: ace attorney,WII,4.21,3.09,20.39,"Adventure, Visual Novel",Capcom,Unknown,2005.0,18.42,22.85,23.85,20.95,18.42,74.0,8.85
phoenix wright: ace attorney - dual destinies,AND,3.94,2.77,22.26,"Adventure, Visual Novel",Capcom,Capcom,2013.0,27.05,33.1,34.17,30.63,27.05,81.0,8.1
phoenix wright: ace attorney - justice for all,WII,4.11,3.28,19.59,"Adventure, Visual Novel",Capcom,Capcom,2007.0,18.82,21.37,21.8,20.18,18.82,76.0,8.6
phoenix wright: ace attorney - spirit of justice,IOS,3.44,3.38,20.1,"Adventure, Visual Novel",Capcom,Capcom,2016.0,34.6,39.23,43.93,38.45,34.6,81.0,8.2
phoenix wright: ace attorney - trials and tribulations,WII,4.19,3.27,18.89,"Adventure, Visual Novel",Capcom,Capcom,2007.0,21.63,26.72,25.67,23.63,21.63,74.0,8.8
phoenotopia: awakening,NS,3.7,4.53,68,"Action, Adventure, Scrolling, Side",Cape Cosmic,Cape Cosmic,2020.0,33.57,48.35,72.03,50.22,33.57,72.0,8.3
photo dojo,DS,3.28,2.45,9.35,Fighting,Nintendo,Nintendo,2010.0,1.17,13.42,20.95,1.17,1.17,70.0,7.0
picross 3d,DS,4.16,3.17,43.14,Puzzle,HAL Laboratory,Nintendo,2010.0,40.67,60.53,67.48,61.55,40.67,83.0,8.1
picross 3d: round 2,3DS,4.23,3.03,50.62,Puzzle,HAL Laboratory,Nintendo,2016.0,38.02,55.15,68.48,59.73,38.02,86.0,7.7
picross ds,DS,4.14,3.18,40.07,Puzzle,Jupiter,Nintendo,2007.0,39.55,59.08,73.62,63.25,39.55,83.0,8.0
picross e,3DS,3.84,2.95,16.7,Puzzle,Jupiter,Jupiter,2013.0,10.83,14.1,17.1,16.33,10.83,73.0,7.3
picross e2,3DS,3.91,2.95,17.85,Puzzle,Jupiter,Jupiter,2013.0,13.47,13.4,17.55,17.12,13.47,68.0,7.1
picross e3,3DS,3.92,3.06,14.79,Puzzle,Jupiter,Jupiter,2013.0,11.1,16.03,14.78,14.63,11.1,66.0,7.0
picross e4,3DS,4.02,3.0,15.92,Puzzle,Jupiter,Jupiter,2014.0,15.27,16.62,17.05,16.88,15.27,68.0,7.333333333333333
picross s,NS,3.74,3.35,34.22,"Point-And-Click, Puzzle, Text",Jupiter,Unknown,2017.0,22.95,28.72,43.08,35.62,22.95,67.0,7.4
piczle lines dx,NS,3.83,3.26,35.82,Puzzle,Score Studios,Rainy Frog,2017.0,20.58,30.97,198.33,67.62,20.58,76.0,7.8
pikmin,GC,4.07,3.3,20.91,"Real-Time, Strategy/Tactical",Nintendo EAD,Nintendo,2001.0,7.8,8.38,8.2,8.08,7.8,89.0,8.7
pikmin 2,GC,4.26,3.28,34.83,"Real-Time, Strategy/Tactical",Nintendo EAD,Nintendo,2004.0,11.63,20.2,26.53,18.05,11.63,90.0,9.0
pikmin 3,WIIU,4.26,3.14,25.3,"Real-Time, Strategy/Tactical",Nintendo EAD Group No. 4,Nintendo,2013.0,12.85,16.33,22.3,15.97,12.85,87.0,8.7
pikmin 3 deluxe,NS,4.28,3.02,25.68,"Real-Time, Strategy/Tactical",Nintendo EPD,Nintendo,2020.0,10.08,14.55,27.67,13.62,10.08,85.0,8.6
pikuniku,PC,3.43,2.09,4.62,Puzzle,Unknown,Devolver Digital,2019.0,3.2,3.98,6.75,3.97,3.2,75.0,7.45
pillars of eternity ii: deadfire,PS4,3.38,3.44,80.00+,"Isometric, Real-Time, Role-Playing",Obsidian Entertainment,Unknown,2018.0,42.28,69.03,103.98,75.15,42.28,82.5,6.3
pilotwings 64,N64,3.65,3.43,31.14,Flight Simulation,Unknown,Nintendo,1996.0,5.07,8.07,10.83,6.3,5.07,80.0,7.9
pilotwings resort,3DS,3.49,2.83,15.48,Unknown,Unknown,Nintendo,2011.0,4.03,9.5,16.32,8.07,4.03,71.0,7.2
pimp my ride,PSP,0.93,3.53,2.23,"Driving, Racing",Eutechnyx,Activision,2006.0,9.25,7.83,10.0,9.05,9.25,37.0,4.2
pinball fx 2,XONE,3.71,2.84,20.86,Pinball,Zen Studios,Microsoft Game Studios,2010.0,11.12,26.88,20.95,17.02,11.12,86.0,8.0
pinball fx3,PS4,3.84,3.33,55.77,"Pinball, Simulation",Zen Studios,Zen Studios,2017.0,3.17,11.63,350.48,42.13,3.17,80.0,6.949999999999999
pinball hall of fame: the williams collection,PSP,3.95,3.5,33.61,Pinball,FarSight Studios,Crave Entertainment,2008.0,11.65,20.0,32.33,21.7,11.65,82.33333333333333,8.100000000000001
pinobee: wings of adventure,GBA,2.87,2.86,11.18,Platform,Artoon,Activision,2001.0,1.23,3.5,5.0,2.73,1.23,61.0,8.0
pinstripe,PC,3.48,2.13,4,Adventure,Thomas Brush,Armor Games,2017.0,3.0,3.93,6.5,3.83,3.0,74.0,7.85
pirate hunter,PC,3.63,2.63,26,Action,DIOsoft,Novui Disk,2009.0,5.0,9.67,20.95,7.33,5.0,67.0,6.2
pirates of black cove,PC,3.15,3.17,18.86,Strategy,Nitro Games,Paradox Interactive,2011.0,14.07,11.25,20.95,12.65,14.07,56.0,5.8
pirates of the caribbean,XBOX,3.23,3.69,34.32,"Action, Role-Playing",Akella,Bethesda Softworks,2003.0,14.98,27.93,20.95,22.53,14.98,64.5,7.4
pirates of the caribbean online,PC,3.85,2.92,53.81,"Massively Multiplayer, Role-Playing",Disney Online,Disney Online,2007.0,5.0,13.42,20.95,5.0,5.0,60.0,7.2
pirates of the caribbean: dead man's chest,PSP,3.01,2.9,11.9,"Action, Adventure",Unknown,Buena Vista Games,2006.0,3.05,3.38,3.87,3.2,3.05,61.666666666666664,7.266666666666667
pirates of the caribbean: the curse of the black pearl,GBA,3.07,3.29,14.52,"Action, Adventure, Beat Em Up, Fighting, Top-Down",Pocket Studios,Unknown,2003.0,6.8,5.62,20.95,6.22,6.8,49.0,6.8
pirates of the caribbean: the legend of jack sparrow,PC,3.09,2.73,18.29,"Action, Adventure, Hack And Slash",Unknown,Unknown,2006.0,11.75,13.25,17.5,12.38,11.75,50.0,6.25
pirates vs ninjas dodgeball,X360,3.19,2.0,30.29,Sports,Blazing Lizard,Gamecock Media Group,2008.0,0.5,1.48,20.95,1.0,0.5,44.0,6.6
pirates: the legend of black kat,XBOX,3.52,2.89,30,"Action, Adventure",Westwood Studios,Electronic Arts,2002.0,6.52,14.27,9.0,10.2,6.52,73.0,8.15
pit people,PC,3.96,3.63,38.82,"Action, Role-Playing",The Behemoth,The Behemoth,2017.0,9.95,23.97,428.88,58.25,9.95,78.5,8.05
pitfall: the lost expedition,GBA,3.27,3.42,7.36,"Action, Platform",Unknown,Unknown,2004.0,8.82,12.28,14.38,10.72,8.82,69.6,7.675
pitfall: the mayan adventure,GBA,2.49,3.62,4.95,"Action, Platform, Real-Time, Side",Unknown,Activision,1995.0,3.65,13.42,5.4,3.93,3.65,58.0,5.8
pix the cat,VITA,2.76,2.77,3.42,Unknown,Pasta Games,Unknown,2014.0,2.97,7.4,20.6,5.62,2.97,75.66666666666667,6.75
pixel gear,PS4,3.17,2.33,3,"Arcade, First-Person, Shooter, Top-Down",Geronimo Interactive,Geronimo Interactive,2016.0,0.75,13.42,3.0,1.87,0.75,51.0,4.8
pixeljunk eden,PC,3.46,3.17,18,"Platform, Puzzle",Q-Games,Unknown,2008.0,9.55,13.42,25.57,14.25,9.55,80.0,7.8
pixeljunk monsters deluxe,PSP,3.43,3.37,39,Tower Defense,Q-Games,Unknown,2010.0,17.0,35.0,20.95,26.0,17.0,86.0,8.0
pixeljunk shooter,PS3,3.86,2.89,9.78,"Multidirectional, Puzzle, Shooter",Q-Games,Unknown,2009.0,4.87,7.43,11.03,7.67,4.87,80.0,7.8
pixeljunk shooter 2,PS3,3.78,3.21,11.13,Multidirectional Shooter,Q-Games,Sony Computer Entertainment,2011.0,7.15,6.87,9.0,7.68,7.15,82.0,7.7
pixeljunk shooter ultimate,PS4,3.48,3.0,14.3,"Multidirectional, Shooter",Unknown,Sony Computer Entertainment,2014.0,11.4,13.82,17.62,14.93,11.4,82.0,7.2
pixeljunk sidescroller,PS3,3.71,3.77,19.16,"Scrolling, Shooter",Q-Games,Sony Computer Entertainment,2011.0,2.5,3.0,5.9,3.4,2.5,76.0,7.0
piyotama,PSP,2.64,3.3,3.5,Puzzle,Japan Studio,Sony Computer Entertainment,2007.0,6.0,13.42,20.95,6.0,6.0,70.0,6.8
planescape: torment,PC,4.4,3.16,53.78,"Role-Playing, Top-Down",Black Isle Studios,Interplay Entertainment,1999.0,31.55,43.72,66.27,44.23,31.55,91.0,9.2
planet alpha,PC,3.4,3.46,8.89,Adventure,Planet Alpha ApS,Team17 Digital,2018.0,5.13,6.32,6.7,5.85,5.13,70.75,7.125
planet coaster,PC,3.88,2.75,61,"Management, Simulation",Frontier Developments,Frontier Developments,2016.0,26.93,54.32,92.92,59.63,26.93,84.0,7.7
planet monsters,GBA,2.38,2.5,5,Action,Planet Interactive,Titus Software,2001.0,1.62,13.42,20.95,1.62,1.62,67.0,7.333333333333333
planet of the apes: last frontier,PS4,3.39,2.9,11.33,Adventure,Imaginarium Studios,FoxNext,2017.0,3.75,4.27,12.78,5.45,3.75,59.0,5.3
planet of the eyes,PC,3.88,2.71,3.2,Platform,Cococucumber,Cococucumber,2015.0,1.45,1.53,1.73,1.62,1.45,64.0,5.8
planet puzzle league,DS,3.88,2.93,17.43,Puzzle,Intelligent Systems,Nintendo,2007.0,2.7,6.07,20.95,3.27,2.7,86.0,7.9
planet zoo,PC,3.61,3.13,53.82,Simulation,Frontier Developments,Frontier Developments,2019.0,35.6,60.45,102.25,65.35,35.6,81.0,7.9
planetary annihilation,PC,3.15,3.35,31.89,"Real-Time, Strategy",Uber Entertainment,Unknown,2013.0,5.88,18.43,22.33,12.57,5.88,62.0,5.6
planetbase,PC,3.32,3.04,25.45,"City-Building, Real-Time, Simulation, Top-Down",Madruga Works,Madruga Works,2015.0,9.63,19.97,39.02,18.97,9.63,70.0,5.8
planetside 2,PS4,3.6,3.25,63.88,"First-Person, Massively Multiplayer, Shooter",Sony Online Entertainment,Sony Online Entertainment,2012.0,8.2,13.42,20.95,11.25,8.2,81.0,7.05
plants vs. zombies,DS,3.94,3.06,27.65,"Top-Down, Tower Defense",PopCap Games,Unknown,2009.0,8.37,19.48,44.95,20.92,8.37,83.8,8.26
plants vs. zombies: battle for neighborville,XONE,2.82,2.8,40.11,"Shooter, Third-Person",EAV,Electronic Arts,2019.0,5.1,26.22,161.25,52.38,5.1,76.66666666666667,5.266666666666667
platformines,PC,3.59,3.27,7.6,Platform,Magiko Gaming,Namco Bandai Games,2014.0,4.85,7.95,24.15,6.68,4.85,67.0,6.0
platypus,PSP,3.11,3.44,5,"Action, Shoot 'Em Up",Squashy Software,MumboJumbo,2006.0,1.48,2.63,5.52,2.15,1.48,59.0,6.599999999999999
playboy: the mansion,PC,2.42,1.75,5.05,Simulation,Cyberlore Studios,Unknown,2005.0,2.0,13.42,20.95,2.0,2.0,59.666666666666664,5.933333333333334
playstation all-stars battle royale,VITA,3.55,2.73,19.24,"Action, Fighting",Unknown,Sony Computer Entertainment,2012.0,3.82,9.9,15.87,8.57,3.82,74.5,7.4
playstation move ape escape,PS3,2.7,2.53,12.36,Unknown,SIE Japan Studio,Sony Interactive Entertainment,2011.0,3.32,13.42,20.95,3.32,3.32,43.0,4.2
playstation move heroes,PS3,3.07,2.91,19.3,Action,Nihilistic Software,Sony Computer Entertainment,2011.0,6.47,6.5,20.0,8.4,6.47,53.0,6.5
playstation vita pets,VITA,3.0,1.75,17.6,Simulation,Spiral House,Sony,2014.0,8.75,10.0,15.0,10.62,8.75,63.0,7.5
pneuma: breath of life,XONE,3.08,2.27,3.41,"Adventure, First-Person, Puzzle",Unknown,Deco Digital,2015.0,2.48,3.03,3.77,3.23,2.48,66.0,6.6000000000000005
pocket card jockey,3DS,4.11,3.09,33.63,Card Game,Game Freak,Unknown,2016.0,21.18,47.92,51.82,34.7,21.18,83.0,8.1
pocket rumble,PC,3.03,4.53,3.4,Fighting,Cardboard Robot Games,Chucklefish Games,2016.0,1.28,13.42,20.95,1.28,1.28,75.0,7.5
pocky & rocky reshrined,PS4,3.88,4.14,16.33,"Action, Scrolling, Shooter, Top-Down",Unknown,Unknown,2022.0,2.62,3.92,8.67,3.17,2.62,79.0,7.6
pogo island,DS,3.41,2.2,12.8,"Compilation, Puzzle",Unknown,Electronic Arts,2007.0,8.2,13.42,5.17,5.17,8.2,62.0,7.333333333333333
point blank ds,DS,3.59,3.14,10.36,"Action, Shooter",Namco,Namco Bandai Games,2006.0,1.78,6.0,20.95,2.38,1.78,66.0,5.7
poker night 2,PS3,3.2,3.0,13.37,Card Game,Telltale Games,Telltale Games,2013.0,5.12,10.6,17.03,12.18,5.12,72.0,6.4
poker night at the inventory,PC,3.47,2.89,10.34,Card,Telltale Games,Telltale Games,2010.0,3.35,7.42,41.25,13.73,3.35,71.0,7.0
polarium,DS,3.22,3.47,9.89,Puzzle,Mitchell Corporation,Nintendo,2005.0,4.73,13.42,12.0,5.93,4.73,73.0,8.4
poly bridge,NS,3.45,3.5,12,Simulation,Dry Cactus,Dry Cactus,2015.0,10.95,33.45,39.95,32.33,10.95,73.0,7.099999999999999
polybius,PS4,4.23,3.81,24.4,Virtual Reality,Llamasoft,Unknown,2017.0,2.5,13.42,20.95,2.5,2.5,84.0,7.3
pony island,PC,3.6,2.79,3.55,"Horror, Puzzle",Daniel Mullins Games,Daniel Mullins Games,2016.0,2.47,3.0,4.82,3.1,2.47,86.0,7.4
poochy & yoshi's woolly world,3DS,4.03,2.79,23.52,Platform,Good-Feel,Nintendo,2017.0,10.8,17.82,32.98,16.08,10.8,77.0,7.8
pool nation,X360,3.48,3.42,22.4,Sports,Cherry Pop Games,Mastertronic Group,2012.0,10.27,11.73,23.42,13.5,10.27,80.0,7.65
pool of radiance: ruins of myth drannor,PC,3.0,3.55,52.5,Role-Playing,Stormfront Studios,Ubisoft,2001.0,8.2,13.42,75.75,75.75,8.2,57.0,6.4
pool paradise,PS2,3.17,3.13,18,"Simulation, Sports",Awesome Developments,ignition Entertainment,2004.0,5.38,13.42,8.67,7.57,5.38,76.5,7.333333333333333
pop island,DS,3.77,2.77,6.88,"Driving, Racing",Odenis Studio,Odenis Studio,2009.0,8.2,7.67,20.95,7.67,8.2,77.0,7.8
popeye: rush for spinach,GBA,3.05,2.67,7.53,"Action, Driving, Platform, Racing, Real-Time, Side",Magic Pockets,Namco,2005.0,2.18,13.42,20.95,2.18,2.18,48.0,4.5
popolocrois,PSP,3.7,2.66,35.32,Role-Playing,SCEI,SCEI,2005.0,25.98,27.37,20.0,26.38,25.98,66.0,7.6
port royale 2,PC,3.91,3.31,53.86,Business Simulation Game,Ascaron Entertainment,Unknown,2004.0,26.42,36.67,100.0,41.32,26.42,75.0,7.9
portal 2,LNX,4.23,3.0,19.5,"First-Person, Platform, Puzzle, Real-Time",Valve Corporation,Valve Corporation,2011.0,8.85,14.43,23.78,11.63,8.85,95.0,8.866666666666667
portal runner,PS2,3.37,2.81,23.62,Platform,3DO,3DO,2001.0,6.07,13.42,20.95,6.07,6.07,53.0,7.4
portal: still alive,X360,4.38,3.2,12.34,Unknown,Valve Corporation,Microsoft Game Studios,2008.0,2.73,5.72,8.33,3.8,2.73,90.0,8.6
post mortem,PC,3.29,3.24,12.38,Adventure,Micro,Micro,2003.0,6.9,8.17,8.58,7.58,6.9,71.0,7.2
post void,PC,3.63,3.31,14.73,"First-Person, Shooter",YCJY Games,YCJY Games,2020.0,1.55,1.9,2.53,2.13,1.55,76.0,7.8
postal 2,PC,3.53,3.01,18.78,"First-Person, Shooter",Running with Scissors,Unknown,2003.0,7.0,13.15,30.52,11.95,7.0,50.0,8.1
postal iii,PC,1.9,2.48,15.39,Unknown,Unknown,Akella,2011.0,5.65,6.3,20.65,6.63,5.65,24.0,3.3
potion craft: alchemist simulator,PC,3.08,2.22,23.22,Simulation,niceplay games,tinyBuild,2022.0,18.3,21.28,33.97,29.32,18.3,76.0,7.7
power rangers super megaforce,3DS,3.34,4.23,30,"Action, Adventure, Beat Em Up, Scrolling, Side",Namco Bandai,Unknown,2014.0,4.15,13.42,20.95,4.15,4.15,43.0,5.6
power rangers: battle for the grid,PC,3.1,2.89,19,"Action, Platform",nWay,nWay,2019.0,3.08,5.98,7.0,3.48,3.08,62.0,6.3
power spike pro beach volleyball,PS,2.89,3.5,8.95,Sports,Carapace,Infogrames,2000.0,1.72,13.42,20.95,1.72,1.72,48.0,7.333333333333333
power stone 2,ARC,3.84,3.64,1.25,Fighting,Capcom,Capcom,2000.0,1.48,3.6,11.5,3.33,1.48,87.0,8.7
power stone collection,PSP,3.91,3.1,23.35,Fighting,Capcom,Capcom,2006.0,2.25,8.08,15.0,5.85,2.25,74.0,7.3
powerstar golf,XONE,3.26,3.55,47.29,Sports,Zo,Microsoft Studios,2013.0,20.37,13.42,62.32,45.53,20.37,65.0,5.6
powerup heroes,X360,3.32,3.22,10.33,Unknown,Longtail Studios,Ubisoft,2011.0,8.2,10.0,20.95,10.0,8.2,61.0,6.9
powerwash simulator,XONE,3.72,2.13,40,"First-Person, Simulation",FuturLab,FuturLab,2022.0,38.5,52.62,64.5,51.98,38.5,75.5,6.8500000000000005
pq: practical intelligence quotient,PSP,3.04,3.43,24,Puzzle,Now Production,D3 Publisher,2006.0,12.5,13.42,20.95,12.5,12.5,69.0,7.5
praetorians,PC,3.78,3.3,38.33,Real-Time,Pyro Studios,Eidos Interactive,2003.0,18.88,13.42,48.33,32.27,18.88,78.0,7.9
predator: concrete jungle,XBOX,3.51,3.79,39.23,Unknown,Eurocom,Unknown,2005.0,11.22,14.4,15.17,13.17,11.22,46.5,8.8
prehistorik man,GB,2.59,3.59,11.75,Platform,Titus Software,Interplay,2001.0,2.58,2.9,5.62,3.0,2.58,69.0,8.0
pride fc: fighting championships,PS2,3.53,2.64,10.33,"Fighting, Real-Time, Side, Simulation, Sports",Anchor,Unknown,2003.0,0.33,13.42,20.95,0.33,0.33,73.0,8.7
primal carnage,PC,3.65,2.54,23.39,"First-Person, Shooter",Lukewarm Media,Reverb Publishing,2012.0,8.2,13.42,20.95,11.25,8.2,67.0,7.6
prime world: defenders,PC,3.07,3.86,39.6,Strategy,Nival,Nival,2013.0,25.23,28.95,47.05,35.55,25.23,58.0,7.7
primordia,PC,3.88,3.11,11.32,Adventure,Wormwood Studios,Wadjet Eye Games,2012.0,6.12,7.82,9.63,7.5,6.12,72.0,8.7
prince of persia classic,PS3,3.52,3.68,4.3,Platform,Gameloft,Ubisoft Entertainment,2007.0,2.1,2.55,20.95,2.23,2.1,82.0,7.099999999999999
prince of persia: rival swords,WII,3.53,2.96,19.81,"Action, Adventure",Ubisoft,Ubisoft,2007.0,9.58,9.67,12.07,9.92,9.58,70.0,7.9
prince of persia: the fallen king,DS,3.3,3.26,26.52,"Action, Adventure, Platformer",Ubisoft Casablanca,Ubisoft,2008.0,8.0,10.1,9.53,8.68,8.0,64.0,6.1
prince of persia: the forgotten sands,PSP,3.17,3.13,14.13,"Action, Adventure",Ubisoft,Ubisoft,2010.0,7.75,8.88,10.83,8.62,7.75,70.5,7.3500000000000005
prince of persia: the sands of time,GBA,3.45,3.36,18.01,"Adventure, Hack And Slash, Platform, Puzzle, Third-Person",Ubisoft Montreal,Unknown,2003.0,8.65,9.75,10.62,9.35,8.65,88.0,8.219999999999999
prince of persia: the two thrones,MOBI,3.52,2.89,12.13,"Action, Adventure, Platform",Ubisoft Montreal,Ubisoft,2005.0,9.63,10.53,12.47,10.4,9.63,84.75,8.1
prince of persia: warrior within,PS3,3.68,3.33,18.26,"Action, Adventure, Platform",Unknown,Ubisoft,2004.0,12.38,14.85,17.62,14.22,12.38,83.0,8.3
prinny 1-2: exploded and reloaded,NS,3.78,4.29,43.33,Compilation,Nippon Ichi Software,NIS America,2020.0,6.2,13.42,20.95,6.2,6.2,69.0,7.333333333333333
"prinny 2: dawn of operation panties, dood!",PSP,3.78,4.03,30.39,Http://Prinnies.Com/,Nippon Ichi Software,NIS America,2011.0,11.12,8.73,20.95,10.52,11.12,68.0,7.9
prinny: can i really be the hero?,NS,3.6,4.57,18.67,"Hack And Slash, Platform",Nippon Ichi Software,Nippon Ichi,2009.0,7.28,16.5,10.83,9.35,7.28,72.0,8.3
prison architect,XONE,3.72,3.89,25,"Point-And-Click, Simulation, Top-Down",Introversion Software,Introversion Software,2015.0,18.25,47.88,72.5,36.32,18.25,77.5,6.55
prison break: the conspiracy,X360,2.46,2.19,11.2,"Action, Adventure, Stealth, Third-Person",ZootFly,Deep Silver,2010.0,5.43,7.9,18.33,7.8,5.43,43.0,5.1
pro evolution soccer 2009,X360,3.6,2.95,30.83,Sports,Konami,Konami,2008.0,22.67,74.0,84.37,62.65,22.67,77.8,7.42
pro evolution soccer 2010,X360,3.51,2.83,42.63,Sports,Konami,Konami,2009.0,39.12,90.83,123.97,75.07,39.12,77.6,6.96
pro evolution soccer 2011,X360,3.44,2.76,44.75,Sports,Konami,Konami,2010.0,49.9,61.02,457.33,125.72,49.9,77.0,6.3500000000000005
pro evolution soccer 2011 3d,3DS,3.26,2.78,41.63,Sports,Konami,Konami,2011.0,14.0,24.88,20.95,17.62,14.0,73.0,6.7
pro evolution soccer 2012,X360,3.65,3.0,58.87,Sports,Konami,Konami,2011.0,67.33,55.15,108.3,71.48,67.33,78.5,6.8500000000000005
pro evolution soccer 2013,X360,3.65,3.04,51.67,Sports,PES Productions,Konami,2012.0,79.98,90.17,20.95,84.28,79.98,81.33333333333333,7.133333333333334
pro evolution soccer 2014,PS3,2.69,2.7,42,Sports,PES Productions,Konami,2013.0,21.88,632.5,56.25,135.1,21.88,77.33333333333333,4.2
pro evolution soccer 2017,X360,3.15,3.0,29.67,"Simulation, Sports",Konami Digital Entertainment,Konami Digital Entertainment,2016.0,37.48,87.92,122.05,71.22,37.48,80.33333333333333,5.733333333333333
pro evolution soccer 2019,PC,3.35,2.83,74.4,"Simulation, Sports",Konami Digital Entertainment,Konami Digital Entertainment,2018.0,132.22,74.18,48.92,82.38,132.22,80.33333333333333,6.433333333333334
pro rally,GC,3.5,3.54,24,Unknown,Ubisoft Barcelona,Ubi Soft Entertainment,2002.0,5.12,7.0,20.95,5.48,5.12,64.0,8.2
prodeus,PC,3.67,2.74,11.27,"First-Person, Shooter",Mike and Jason,Bounding Box Software,2022.0,7.12,10.18,17.6,9.65,7.12,84.0,7.3
professor layton and the azran legacy,3DS,4.21,3.1,33.03,"Adventure, Puzzle",Level-5,Unknown,2014.0,16.75,26.02,38.32,25.83,16.75,81.0,8.1
professor layton and the curious village,DS,4.16,3.31,20.6,"Adventure, Puzzle, Visual Novel",Level-5,Unknown,2008.0,11.68,13.93,14.42,13.27,11.68,85.0,8.4
professor layton and the diabolical box,DS,4.2,3.33,22,"Adventure, Puzzle, Visual Novel",Level-5,Unknown,2009.0,13.1,15.12,17.72,15.02,13.1,84.0,8.5
professor layton and the last specter,DS,4.12,3.2,23.38,Adventure,Unknown,Unknown,2011.0,12.88,18.13,24.95,17.53,12.88,83.0,8.2
professor layton and the miracle mask,3DS,4.13,3.19,31.89,"Adventure, Puzzle",Level-5,Unknown,2012.0,18.18,25.1,36.9,25.15,18.18,82.0,8.1
professor layton and the unwound future,DS,4.27,3.27,23.89,"Adventure, Puzzle",Level-5,Unknown,2010.0,15.02,18.43,19.98,17.5,15.02,86.0,8.7
project cars,XONE,3.14,3.95,62.92,"Driving, First-Person, Racing, Simulation, Third-Person, Virtual Reality",Slightly Mad Studios,Slightly Mad Studios,2015.0,32.93,70.52,124.62,54.9,32.93,82.33333333333333,6.5
project eden,PS2,3.22,3.44,33.86,"Action, Adventure",Core Design,Eidos Interactive,2001.0,17.68,22.5,21.83,19.02,17.68,71.5,7.550000000000001
project gotham racing,XBOX,3.85,3.42,30.55,"Driving, Racing",Bizarre Creations,Microsoft Game Studios,2001.0,7.42,9.48,20.95,8.12,7.42,85.0,8.1
project gotham racing 2,XBOX,4.15,3.19,37.45,"Driving, Racing",Bizarre Creations,Microsoft Game Studios,2003.0,14.9,25.05,20.95,19.42,14.9,90.0,8.7
project gotham racing 3,X360,3.64,3.07,28.58,"Driving, Racing",Bizarre Creations,Microsoft Game Studios,2005.0,8.73,21.08,32.65,14.33,8.73,88.0,7.9
project gotham racing 4,X360,3.81,3.15,38.79,"Driving, Racing",Bizarre Creations,Microsoft Game Studios,2007.0,14.47,26.32,55.0,20.83,14.47,85.0,8.5
project highrise,PC,3.31,3.0,25.33,Simulation,SomaSim,Kasedo Games,2016.0,9.93,25.22,45.38,21.12,9.93,73.0,7.8
project igi: i'm going in,PC,3.41,3.77,30.93,"Action, Stealth",Innerloop Studios,Eidos Interactive,2000.0,8.23,10.7,14.18,9.75,8.23,70.0,7.8
project justice,DC,3.76,3.13,27.67,"Fighting, Side",Capcom,Capcom,2001.0,1.0,4.45,6.67,2.3,1.0,80.0,8.8
project nomads,PC,4.05,3.75,32.81,Shooter,Radon Labs,Unknown,2002.0,8.1,12.62,20.95,9.9,8.1,62.0,8.4
project spark,XONE,3.13,2.24,52.13,"Sandbox, Simulation",Unknown,Microsoft Studios,2014.0,1.9,73.93,36.58,21.3,1.9,73.0,6.9
project warlock,PC,3.62,3.32,10.42,"First-Person, Shooter",Buckshot Software,gaming company,2018.0,6.63,8.17,15.83,8.12,6.63,75.5,7.05
project wingman,XONE,4.0,3.0,14.4,Action,Sector D2,Unknown,2020.0,11.62,16.1,48.52,16.85,11.62,75.0,8.0
project x zone,3DS,3.8,2.91,56.13,Role-Playing,Unknown,Namco Bandai Games,2013.0,56.38,64.22,63.67,58.82,56.38,70.0,7.4
project x zone 2,3DS,3.92,2.86,59.85,Role-Playing,Monolith Soft,Bandai Namco Entertainment,2016.0,49.4,48.63,46.22,49.07,49.4,73.0,7.5
project zero 2: wii edition,WII,4.17,3.4,18.04,"First-Person, Survival Horror, Third-Person",Tecmo Koei,Nintendo,2012.0,10.58,11.95,20.95,11.05,10.58,77.0,8.4
project: snowblind,PC,2.99,3.0,14.92,"First-Person, Shooter",Crystal Dynamics,Eidos Interactive,2005.0,5.8,5.78,6.72,5.9,5.8,77.66666666666667,7.133333333333334
proteus,VITA,2.32,1.27,3.42,"First-Person, Interactive Art, Open World",Unknown,Twisted Tree,2013.0,1.3,1.25,1.33,1.3,1.3,76.33333333333333,5.533333333333334
prototype,XONE,3.38,3.36,29.4,"Action, Open World, Third-Person",Radical Entertainment,Activision,2009.0,11.02,17.0,32.32,15.33,11.02,78.5,7.65
prototype 2,PC,3.51,2.83,21.11,"Action, Adventure, Open World",Radical Entertainment,Activision,2012.0,10.17,14.07,19.73,14.4,10.17,76.33333333333333,6.766666666666667
psi-ops: the mindgate conspiracy,PC,3.46,3.09,14.64,"Shooter, Third-Person",Midway Games,Midway Games,2004.0,11.78,13.63,12.17,12.27,11.78,84.0,8.0
psikyo shooting stars alpha,NS,4.21,3.25,20,Unknown,Psikyo,NIS America,2019.0,3.0,13.42,20.95,3.0,3.0,69.0,6.4
psikyo shooting stars bravo,NS,4.36,3.18,30.33,Unknown,Psikyo,NIS America,2020.0,3.0,13.42,20.95,3.0,3.0,67.0,7.333333333333333
psychonauts 2,XONE,4.03,2.88,38.2,"Platform, Third-Person",Double Fine Productions,Xbox Game Studios,2021.0,15.18,19.85,27.2,21.02,15.18,88.5,6.65
psychotoxic,PC,1.57,3.79,8.64,"First-Person, Shooter",NuClearVision,Whiptail Interactive,2005.0,7.48,13.42,20.95,7.48,7.48,40.0,4.2
pulse racer,XBOX,1.14,4.71,1.71,"Driving, Racing",Unknown,Jaleco Entertainment,2003.0,2.47,13.42,20.95,2.47,2.47,24.0,2.2
punch line,VITA,2.67,3.08,14,"Adventure, Role-Playing, Visual Novel",5pb.,5pb.,2018.0,12.02,16.02,16.25,14.33,12.02,66.0,4.8
puppeteer,PS3,3.91,2.75,17.1,Platform,SCE Japan Studio,Sony Computer Entertainment,2013.0,9.85,11.35,21.27,10.65,9.85,80.0,8.3
pure,PC,3.54,2.88,16.8,"Driving, Racing",Black Rock Studio,Disney Interactive Studios,2008.0,8.7,13.33,15.92,11.68,8.7,82.66666666666667,7.466666666666667
pure chess,PS4,3.32,3.6,34.57,Board Game,VooFoo Studios,Ripstone,2012.0,2.0,8.0,11.0,7.0,2.0,61.0,7.4
pursuit force,PSP,3.29,3.79,16,Unknown,Bigbig Studios,SCE,2006.0,9.33,9.8,6.35,9.18,9.33,75.0,7.5
pursuit force: extreme justice,PSP,3.64,3.17,13.24,Action,Bigbig Studios,Unknown,2008.0,6.47,10.22,9.92,7.33,6.47,73.0,7.6
pushmo,3DS,4.01,3.41,20.43,Puzzle,Intelligent Systems,Nintendo,2011.0,13.87,20.57,34.02,18.65,13.87,90.0,8.3
pushmo world,WIIU,3.85,3.19,27,"Platform, Puzzle, Real-Time, Third-Person",Intelligent Systems,Nintendo,2014.0,9.05,14.43,29.78,18.1,9.05,80.0,8.0
puyo pop fever,GC,3.68,3.56,11.05,Puzzle,Sonic Team,Unknown,2004.0,1.1,3.18,1.73,1.53,1.1,74.0,7.900000000000001
puyo puyo tetris,PC,3.98,3.91,36.23,Puzzle,Sonic Team,Sega,2017.0,8.73,16.08,45.28,16.15,8.73,82.0,7.8
puzzle & dragons z + puzzle & dragons: super mario bros. edition,3DS,3.99,3.4,65.27,"Compilation, Puzzle, Role-Playing",GungHo Online Entertainment,Nintendo,2015.0,47.47,61.7,100.0,53.08,47.47,73.0,7.5
puzzle agent,PC,3.47,2.87,4.57,Puzzle,Telltale Games,Telltale Games,2010.0,3.47,3.72,4.17,3.77,3.47,68.0,6.0
puzzle agent 2,PC,3.46,2.67,4.67,Adventure,Telltale Games,Telltale Games,2011.0,3.23,3.72,4.23,3.75,3.23,63.0,6.7
puzzle chronicles,PSP,3.13,3.0,18.4,Puzzle,Infinite Interactive,Konami,2010.0,8.2,26.62,19.0,24.08,8.2,59.5,7.333333333333333
puzzle quest 2,DS,3.47,3.04,22.43,Puzzle Rpg,Infinite Interactive,D3 Publisher,2010.0,30.4,45.38,48.5,40.75,30.4,77.5,7.15
puzzle quest: challenge of the warlords,PS4,3.59,3.7,31.43,"Puzzle, Role-Playing",Unknown,D3 Publisher,2007.0,32.9,43.15,56.65,41.53,32.9,81.0,7.55
puzzle quest: galactrix,PC,3.24,3.06,21.38,Puzzle,Infinite Interactive,D3 Publisher,2009.0,14.93,22.77,20.33,19.97,14.93,73.75,6.866666666666667
puzzle quest: the legend returns,NS,3.83,3.25,39.14,"Puzzle, Role-Playing",Infinite Interactive,D3Go,2019.0,20.0,51.85,20.95,48.67,20.0,78.0,7.5
pyre,PS4,3.91,2.91,16.61,"Action, Role-Playing, Visual Novel",Supergiant Games,Supergiant Games,2017.0,11.42,14.8,22.23,14.37,11.42,83.5,7.95
q*bert: rebooted,PS4,2.88,3.67,7.77,"Action, Arcade",Unknown,Unknown,2014.0,4.33,7.75,9.0,5.6,4.33,44.0,4.8
q.u.b.e.,PC,3.32,2.96,5.08,Puzzle,Toxic Games,Indie Fund,2011.0,3.43,4.17,4.58,3.77,3.43,69.0,7.4
q.u.b.e. 2,PC,3.42,2.69,7.29,"First-Person, Platform, Puzzle",Toxic Games,Trapped Nerve Games,2018.0,5.35,7.55,8.25,6.22,5.35,74.75,7.25
quadrilateral cowboy,PC,3.89,3.08,9.17,"Adventure, First-Person",Blendo Games,Blendo Games,2016.0,4.87,5.75,6.05,5.35,4.87,81.0,7.0
quake 4,X360,3.32,3.12,13.57,"First-Person, Shooter",Raven Software,Activision,2005.0,7.75,10.05,11.75,8.52,7.75,78.0,7.25
quake iii arena,PC,3.94,3.29,38.91,"First-Person, Shooter",Unknown,Unknown,1999.0,5.6,10.03,23.23,8.78,5.6,93.0,8.4
quantum break,PC,2.92,2.67,11.94,"Action, Adventure, Shooter, Third-Person",Remedy Entertainment,Microsoft Studios,2016.0,10.18,13.42,19.05,13.0,10.18,71.5,6.55
quantum conundrum,PC,3.44,3.0,8.91,Action,Airtight Games,Square Enix,2012.0,6.52,8.72,17.15,7.63,6.52,77.33333333333333,6.966666666666667
quantum redshift,XBOX,3.53,3.58,19.73,"Driving, Racing",Curly Monsters,Microsoft Game Studios,2002.0,8.2,5.0,20.95,5.0,8.2,70.0,7.4
quantum theory,X360,2.63,3.59,17.45,"Shooter, Third-Person",Team Tachyon,Tecmo,2010.0,6.75,14.0,20.95,7.08,6.75,40.0,4.3
quarantine circular,PC,3.4,1.4,2.2,"Adventure, Point-And-Click",Bithell Games,Bithell Games,2018.0,2.03,2.65,4.27,2.53,2.03,73.0,6.7
quell memento,VITA,3.68,2.56,11,Puzzle,Fallen Tree Games,Green Man Gaming Publishing,2013.0,5.83,7.37,7.58,7.2,5.83,82.0,7.6
quest for infamy,PC,3.87,3.0,11.64,"Adventure, Point-And-Click, Role-Playing, Third-Person",Infamous Quests,Phoenix Online Studios,2014.0,9.33,18.93,25.6,16.92,9.33,63.0,7.6
quickspot,DS,3.53,2.38,32.86,Puzzle,Namco,Unknown,2007.0,7.0,5.43,20.95,6.22,7.0,68.0,7.333333333333333
r-type command,PSP,3.65,3.78,69.1,"Strategy, Turn-Based",Irem,Unknown,2008.0,27.18,39.45,51.5,36.32,27.18,69.0,7.5
r-type dimensions,X360,3.68,4.23,7.31,"Scrolling, Shooter",Tozai Games,Unknown,2010.0,1.55,1.65,3.25,1.68,1.55,76.0,7.1
r-type dimensions ex,NS,3.88,4.3,10.44,"Scrolling, Shooter",Unknown,Tozai Games,2018.0,1.0,2.35,10.75,2.32,1.0,81.0,8.0
r-type final,PS2,3.56,4.09,31.32,"Scrolling, Shooter",Irem,Unknown,2004.0,2.07,21.1,29.98,17.28,2.07,79.0,8.6
r-type iii: the third lightning,GBA,3.18,4.24,12.97,"Scrolling, Shooter",Unknown,Various,1994.0,1.77,1.6,1.98,1.77,1.77,46.0,3.8
r.u.s.e.,PS3,3.51,3.66,34.89,"Real-Time, Strategy",Eugen Systems,Ubisoft,2010.0,15.57,22.65,16.5,18.58,15.57,76.66666666666667,7.833333333333333
r4: ridge racer type 4,PS,4.09,3.16,28.11,"Driving, Racing",Namco,Namco,1999.0,1.82,7.3,36.0,3.42,1.82,88.0,8.7
r: racing evolution,XBOX,3.58,2.83,33.5,"Driving, Racing",Namco,Namco,2003.0,3.58,13.42,45.0,6.17,3.58,66.66666666666667,6.8500000000000005
rabbids invasion,XONE,3.44,2.94,23.43,Unknown,Ubisoft Barcelona,Ubisoft,2014.0,8.2,13.42,10.0,10.0,8.2,53.0,6.2
rabbids land,WIIU,3.19,1.95,16.56,Party,Ubisoft Paris,Ubisoft,2012.0,1.47,13.42,20.95,1.47,1.47,52.0,5.7
race driver 2006,PSP,3.64,4.42,80.00+,"Driving, Racing",Sumo Digital,Codemasters,2006.0,25.0,13.42,20.95,25.0,25.0,81.0,7.3
race the sun,PS3,3.13,4.48,6.69,"Action, Arcade, Driving, Racing, Scrolling, Third-Person",Flippfly,Flippfly,2013.0,4.85,8.55,12.35,6.8,4.85,77.5,6.699999999999999
racing gears advance,GBA,3.69,3.37,16.41,"Driving, Racing",Orbital Media,Orbital Media,2005.0,3.75,13.42,12.0,6.5,3.75,83.0,8.6
radiant historia,DS,4.28,3.06,44.53,Role-Playing,Atlus,Atlus,2011.0,34.73,41.03,46.73,41.13,34.73,85.0,8.6
radiant historia: perfect chronology,3DS,4.15,3.12,53.98,"Role-Playing, Third-Person, Turn-Based",Atlus,Atlus,2018.0,29.55,46.28,59.33,45.43,29.55,85.0,8.4
radiant silvergun,X360,3.95,4.26,12.45,Shooter,Treasure,Unknown,2011.0,4.0,12.72,20.72,7.75,4.0,86.0,8.3
radiata stories,PS2,3.93,2.99,55.91,"Action, Role-Playing",Unknown,Square Enix,2005.0,30.98,41.5,83.23,42.87,30.98,74.0,8.6
radiation island,IOS,3.67,3.82,7.36,"Action, Adventure",Atypical Games,Atypical Games,2016.0,8.2,25.92,20.95,25.92,8.2,54.0,6.8
rag doll kung fu: fists of plastic,PS3,3.07,2.86,5.16,Fighting,Qi Studios,Unknown,2005.0,1.67,3.22,4.87,2.82,1.67,68.0,7.0
rage of the gladiator,3DS,3.54,3.78,10.25,"Action, Strategy",Unknown,Unknown,2010.0,8.2,9.4,20.95,9.4,8.2,81.0,8.0
raging justice,PS4,2.98,4.41,2.77,Beat Em Up,MakinGames,Team17 Digital,2018.0,1.37,13.42,20.95,1.37,1.37,64.0,5.9
ragnarok ds,DS,3.82,2.85,38,Role-Playing,GungHo Online Entertainment,XSEED,2010.0,21.62,31.65,81.8,31.65,21.62,53.0,5.5
ragnarok odyssey,VITA,3.82,3.4,58.12,Role-Playing,GungHo Online Entertainment,XSEED Games,2012.0,36.82,75.25,110.48,72.22,36.82,66.0,7.8
raiden fighters aces,X360,4.06,3.7,22.72,Unknown,Gulti,Unknown,2009.0,0.58,6.33,20.95,3.45,0.58,73.0,7.7
raiden v,XONE,4.2,3.92,3.8,"Scrolling, Shooter",MOSS,MOSS,2016.0,1.27,13.42,5.75,1.7,1.27,75.0,7.8
raiden v: director's cut,PC,3.66,3.58,2.15,"Scrolling, Shooter",Moss,UFO Interactive Games,2017.0,1.55,3.82,13.75,2.32,1.55,73.0,6.3
railroad tycoon 3,PC,3.85,3.0,56,Simulation,PopTop Software,Gathering of Developers,2003.0,27.33,37.33,38.0,31.92,27.33,80.0,7.6
rails across america,PC,4.17,3.18,9.43,"Simulation, Strategy/Tactical",Unknown,Strategy First,2024.0,14.42,13.42,20.95,14.42,14.42,81.0,7.0
railway empire,PC,3.73,2.91,53.92,Simulation,Gaming Minds Studios,Kalypso Media Digital,2018.0,21.95,71.67,243.98,56.38,21.95,75.5,6.8
rain world,PS4,3.96,3.92,50.17,"Adventure, Platform",Videocult,Adult Swim Games,2017.0,21.52,31.53,78.38,32.32,21.52,62.5,8.0
rainbow moon,VITA,3.42,3.35,68,Action,SideQuest Studios,EastAsiaSoft,2012.0,67.6,113.35,117.15,103.4,67.6,70.0,6.666666666666667
rainswept,PC,4.1,1.8,9.6,Adventure,Frostwood Interactive,Frostwood Interactive,2019.0,4.65,5.27,6.25,5.18,4.65,67.0,7.1
raji: an ancient epic,PC,3.1,2.8,10,"Action, Adventure",Nodding Heads Games,Super.com,2020.0,5.0,6.07,6.45,5.7,5.0,69.5,7.55
rakuen,PC,3.48,1.93,10,Adventure,Laura Shigihara,Laura Shigihara,2017.0,8.3,8.97,10.07,9.12,8.3,84.0,8.2
rally championship,PS2,3.79,3.67,23.33,"Driving, Racing",Warthog,SCi,2002.0,5.52,13.42,20.95,5.52,5.52,63.0,7.333333333333333
rally trophy,PC,3.67,3.47,29.8,"Driving, Racing, Simulation",Bugbear Entertainment,JoWood Productions,2001.0,4.13,13.42,20.95,4.13,4.13,82.0,7.0
rambo: the video game,PS3,1.84,3.27,13.08,"First-Person, On-Rails, Shooter, Stealth",Teyon,Reef Entertainment,2014.0,3.83,4.77,9.65,4.85,3.83,28.333333333333332,1.9000000000000001
rampage: total destruction,GC,3.17,2.88,18.56,Action,Pipeworks Software,Midway,2006.0,6.4,7.67,20.95,6.73,6.4,51.333333333333336,6.533333333333334
randal's monday,PC,3.6,3.48,11.27,"Adventure, Point-And-Click",Nexus Game Studios,Daedalic Entertainment,2014.0,13.62,17.85,16.85,16.08,13.62,57.0,7.0
rango,PS3,3.74,2.16,16.83,Adventure,Electronic Arts,Electronic Arts,2011.0,4.2,7.22,7.83,5.95,4.2,61.666666666666664,7.233333333333334
rapala pro fishing,GBA,3.24,2.82,20.62,Sports,Unknown,Activision,2004.0,8.2,13.42,1.13,1.13,8.2,59.0,7.333333333333333
rare replay,XONE,4.16,3.36,67.01,Compilation,Rare,Microsoft Studios,2015.0,26.7,75.0,138.42,71.98,26.7,84.0,7.9
raskulls,X360,3.77,3.04,10.46,"Action, Platform",Halfbrick,Microsoft Game Studios,2010.0,1.53,3.17,3.02,2.7,1.53,75.0,7.4
ratchet & clank collection,VITA,4.13,3.09,58.62,"Action, Adventure, Platform",Insomniac Games,Sony Computer Entertainment,2012.0,37.2,41.38,61.63,47.18,37.2,79.5,8.0
ratchet & clank future: a crack in time,PS3,4.3,2.86,25.52,"Platform, Shooter, Third-Person",Insomniac Games,Sony Computer Entertainment,2009.0,10.57,14.47,22.1,15.05,10.57,87.0,8.8
ratchet & clank future: quest for booty,PS3,3.63,2.65,7.94,"Platform, Shooter, Third-Person",Insomniac Games,Sony Computer Entertainment,2008.0,3.22,3.9,4.3,3.57,3.22,76.0,7.3
ratchet & clank future: tools of destruction,PS3,4.19,2.87,22.55,"Platform, Shooter, Third-Person",Insomniac Games,Sony Computer Entertainment,2007.0,12.43,15.48,33.22,15.55,12.43,89.0,8.8
ratchet & clank: all 4 one,PS3,3.52,2.66,21.08,"Party, Platform",Insomniac Games,Sony Computer Entertainment,2011.0,10.38,13.25,18.57,12.73,10.38,70.0,6.5
ratchet & clank: full frontal assault,VITA,3.14,2.83,17.33,"Action, Platform",Insomniac Games,Sony Computer Entertainment,2012.0,4.98,6.4,13.3,6.77,4.98,64.0,7.2
ratchet & clank: going commando,PS3,4.09,3.04,25.25,"Platform, Shooter, Third-Person",Insomniac Games,Sony Computer Entertainment,2003.0,13.4,17.97,28.65,18.6,13.4,90.0,9.0
ratchet & clank: into the nexus,PS3,3.94,2.78,13.38,Platform,Insomniac Games,Sony Computer Entertainment,2013.0,5.35,7.02,12.93,7.78,5.35,76.0,8.1
ratchet & clank: rift apart,PS5,4.28,2.8,20.23,"Action, Platform, Shooter, Third-Person",Insomniac Games,PlayStation Studios,2021.0,11.02,14.78,18.35,15.48,11.02,88.0,8.5
ratchet & clank: size matters,PS2,3.47,3.0,21.72,"Platform, Shooter, Third-Person",High Impact Games,Sony Computer Entertainment,2007.0,6.77,9.42,14.97,8.97,6.77,73.5,7.25
ratchet & clank: up your arsenal,PS3,4.12,2.99,27.28,"Platform, Shooter, Third-Person",Insomniac Games,Sony Computer Entertainment,2004.0,11.45,14.98,27.43,16.93,11.45,91.0,9.0
ratchet: deadlocked,PS3,3.79,3.01,20.61,"Action, Shooter",Insomniac Games,Sony Computer Entertainment America,2005.0,7.58,9.5,16.75,10.62,7.58,81.0,8.8
rave master,GC,3.37,2.5,25.46,"Action, Fighting",Konami,Konami,2005.0,2.45,6.17,8.0,3.77,2.45,60.0,6.3
raven squad: operation hidden dagger,PC,1.95,3.14,8,"First-Person, Real-Time, Shooter, Strategy",Atomic Motion,Unknown,2009.0,5.2,13.42,20.95,5.2,5.2,39.0,3.1
raving rabbids: travel in time,WII,3.31,2.63,13.86,Party,Unknown,Ubisoft,2010.0,5.18,12.58,20.95,6.67,5.18,62.0,7.0
raw danger!,PS2,3.96,3.05,25.86,"Action, Adventure, Survival, Third-Person",Irem,Unknown,2007.0,9.38,11.08,30.0,10.42,9.38,63.0,8.7
ray gigant,VITA,3.56,2.63,38.68,Role-Playing,Experience,Acttil,2016.0,25.38,32.02,33.52,31.08,25.38,72.0,8.1
rayman 3 hd,X360,3.52,3.07,14.39,Adventure,Ubisoft,Ubisoft,2012.0,7.93,10.88,10.68,8.63,7.93,70.5,7.0
rayman 3: hoodlum havoc,PS2,3.68,2.85,21.49,Platform,Unknown,Unknown,2003.0,8.62,10.3,16.17,10.22,8.62,75.5,8.575
rayman 3d,3DS,3.37,2.97,16.09,"Action, Adventure, Platform, Third-Person",DC Studios,Ubisoft,2011.0,7.8,8.93,12.2,9.1,7.8,61.0,6.4
rayman advance,GBA,3.41,3.61,20.09,"Action, Platform",Digital Eclipse Software,Ubisoft,2001.0,13.22,13.42,8.77,11.55,13.22,84.0,7.9
rayman ds,DS,3.2,3.32,22.22,Platform,Ubisoft Shanghai,Ubisoft,2005.0,15.33,13.42,13.48,14.27,15.33,58.0,7.5
rayman legends,XONE,3.96,3.16,24.87,"Platform, Side",Ubisoft Montpellier,Ubisoft,2013.0,10.05,17.23,33.15,18.0,10.05,90.0,8.44
rayman origins,3DS,3.42,3.32,23.56,Platform,Ubisoft Montpellier,Ubisoft,2011.0,11.0,14.83,22.08,14.78,11.0,85.16666666666667,7.9833333333333325
rayman raving rabbids,DS,3.03,2.47,12.83,Party,Ubisoft,Ubisoft,2006.0,5.65,7.87,11.23,7.07,5.65,65.75,7.3
rayman raving rabbids 2,PC,2.75,1.92,3.94,Party,Ubisoft Paris,Ubisoft,2007.0,5.45,11.0,10.17,7.33,5.45,62.0,7.25
rayman raving rabbids: tv party,DS,2.79,2.45,22.11,Party,Ubisoft Paris,Ubisoft,2008.0,3.1,13.42,5.62,3.52,3.1,73.0,7.0
raystorm,PS,3.44,3.79,8.51,Unknown,Unknown,Unknown,1997.0,0.93,13.42,1.92,1.07,0.93,79.0,7.5
raze's hell,XBOX,3.3,3.44,20.5,"Action, Shooter, Third-Person",Artech Studios,Majesco Entertainment,2005.0,7.73,13.42,20.95,7.73,7.73,71.0,7.3
rc cars,PC,3.54,2.82,18.29,"Driving, Racing",Creat Studio,1C Company,2003.0,6.92,13.42,3.75,6.28,6.92,65.0,6.4
rc revenge pro,PS2,3.54,3.21,27.85,Unknown,Acclaim Studios Cheltenham,Acclaim,2001.0,2.45,13.42,20.95,2.45,2.45,49.0,7.9
re:zero - starting life in another world: the prophecy of the throne,NS,4.04,2.4,22.44,Visual Novel,Spike Chunsoft,Spike Chunsoft,2021.0,16.25,21.17,23.72,20.1,16.25,68.0,7.400000000000001
ready 2 rumble boxing: round 2,GBA,3.07,3.42,20.22,"Fighting, Sports",Midway,Midway,2000.0,1.97,7.97,20.95,4.22,1.97,67.33333333333333,7.066666666666666
real boxing,VITA,3.31,3.23,15.5,"Fighting, Sports, Third-Person",Vivid Games,Vivid Games,2012.0,4.08,5.38,7.32,5.85,4.08,69.0,6.8
real heroes: firefighter,WII,3.72,2.71,22.53,"First-Person, Shooter",Unknown,Unknown,2009.0,3.42,5.5,8.72,5.1,3.42,67.0,8.3
real steel,X360,3.06,3.5,22,Fighting,YUKE'S,YUKE'S,2011.0,2.25,3.0,20.95,2.62,2.25,40.0,6.9
reality fighters,VITA,2.82,2.31,10.18,Fighting,Novarama,Sony Computer Entertainment,2012.0,3.0,5.87,20.95,4.15,3.0,54.0,3.6
rebel galaxy,PC,3.56,3.13,34.97,"Action, Adventure, Flight Combat, Open World, Real-Time, Role-Playing, Third-Person",Double Damage Games,Double Damage Games,2015.0,21.87,32.62,56.6,35.25,21.87,75.0,7.400000000000001
rebelstar: tactical command,GBA,3.65,3.65,36.82,Unknown,Codo Technologies,Namco,2005.0,22.2,13.42,20.95,22.2,22.2,78.0,8.2
recettear: an item shop's tale,PC,4.07,3.09,35.34,"Role-Playing, Simulation",EasyGameStation,Carpe Fulgur,2010.0,13.5,27.43,52.1,19.4,13.5,82.0,8.7
record of agarest war,PS3,3.7,3.61,75,"Role-Playing, Tactical",Idea Factory,Unknown,2010.0,76.7,129.63,174.17,115.62,76.7,69.0,6.2
record of agarest war zero,X360,3.71,3.41,67.38,Unknown,Compile Heart,Unknown,2011.0,71.55,84.77,265.17,130.37,71.55,50.0,6.6
record of lodoss war: deedlit in wonder labyrinth,PS5,3.75,3.5,21.5,Action,Unknown,Unknown,2020.0,6.32,7.23,9.07,7.28,6.32,78.5,7.3
recore,PC,3.3,2.67,15.69,"Action, Adventure, Third-Person",Unknown,Microsoft Studios,2016.0,12.3,19.52,37.45,18.45,12.3,60.5,6.300000000000001
red dead redemption,X360,4.39,3.04,43.42,"Action, Open World, Sandbox, Shooter, Third-Person",Unknown,Rockstar Games,2010.0,17.75,27.08,47.15,25.8,17.75,95.0,8.95
red dead redemption 2,STA,2.46,3.36,45.86,"Action, Adventure, First-Person, Open World, Shooter, Third-Person",Rockstar Studios,Rockstar Games,2018.0,51.2,88.4,198.28,86.38,51.2,95.66666666666667,7.833333333333333
red dead revolver,XBOX,3.6,3.35,17.64,"Shooter, Third-Person",Rockstar San Diego,Unknown,2004.0,6.97,8.18,18.9,7.98,6.97,73.5,8.0
red faction ii,PC,3.16,2.96,11.49,"First-Person, Shooter",Unknown,THQ,2002.0,4.72,5.7,6.75,5.18,4.72,75.25,6.775
red faction: armageddon,PC,3.28,2.83,14.18,"Shooter, Third-Person",Volition,Unknown,2011.0,8.03,10.8,19.55,9.53,8.03,72.33333333333333,6.966666666666667
red faction: guerrilla,PC,3.62,3.05,26.84,"Action, Open World, Sandbox, Shooter, Third-Person",Unknown,THQ,2009.0,13.6,21.4,46.08,19.23,13.6,84.0,7.833333333333333
red faction: guerrilla re-mars-tered,PS4,3.41,3.07,18.86,"Shooter, Third-Person",Unknown,THQ Nordic,2018.0,11.13,19.1,43.22,16.6,11.13,70.5,5.575
red johnson's chronicles,PS3,3.56,3.63,8,"Action, Adventure",Lexis Numerique,Lexis Numerique,2012.0,8.2,10.67,10.0,10.5,8.2,67.0,5.2
red ninja: end of honor,PS2,3.09,3.69,21.86,Action,Tranji Studios,Vivendi Games,2005.0,8.52,13.42,20.95,8.52,8.52,46.5,4.7
red orchestra 2: heroes of stalingrad,PC,3.77,3.86,33.95,"First-Person, Shooter",Tripwire Interactive,Unknown,2011.0,7.47,8.17,39.53,14.52,7.47,76.0,7.3
red orchestra: ostfront 41-45,PC,3.58,3.95,35.8,"First-Person, Shooter",Tripwire Interactive,Bold Games,2006.0,8.2,13.42,20.95,11.25,8.2,81.0,8.6
red steel,WII,3.04,3.16,13.8,First-Person Shooter,Ubisoft Paris,Ubisoft,2006.0,8.48,7.93,20.95,8.42,8.48,63.0,6.7
red steel 2,WII,3.83,2.99,15.25,"Beat-Em-Up, First Person Shooter",Ubisoft Paris,Ubisoft,2010.0,8.1,10.38,15.0,9.87,8.1,80.0,8.4
redshirt,PC,3.42,2.11,8.11,"Role-Playing, Simulation, Strategy",The Tiniest Shark,Positech,2013.0,6.17,6.53,37.75,8.32,6.17,62.0,5.3
regalia: of men and monarchs,PC,3.73,3.63,24.89,"Role-Playing, Simulation",Pixelated Milk,Klabater,2017.0,22.33,27.5,42.17,29.87,22.33,73.0,7.7
regalia: of men and monarchs - royal edition,NS,3.39,3.72,37.43,"Adventure, Role-Playing, Strategy",Pixelated Milk,Klabater,2018.0,30.5,31.1,28.25,30.42,30.5,73.0,5.8999999999999995
regular show: mordecai and rigby in 8-bit land,3DS,2.99,3.43,11.65,"Action, Adventure",WayForward Technologies,D3 Publisher,2013.0,4.32,4.37,4.57,4.37,4.32,48.0,6.7
reign of fire,GBA,2.03,3.91,22.29,Unknown,Kuju Entertainment,BAM! Entertainment,2002.0,6.1,6.0,5.0,5.85,6.1,56.25,7.85
reigns: her majesty,PC,3.76,1.89,6.17,Simulation,Unknown,Devolver Digital,2017.0,3.75,10.43,29.15,9.43,3.75,81.0,7.2
relicta,PC,3.25,3.36,18.22,"First-Person, Puzzle",Mighty Polygon,Ravenscourt,2020.0,14.03,23.63,26.4,18.83,14.03,74.33333333333333,6.066666666666666
remnant: from the ashes,PC,3.4,3.48,27.09,"Action, Adventure, Role-Playing, Shooter, Third-Person",Gunfire Games,Perfect World Entertainment,2019.0,13.55,22.28,63.67,21.45,13.55,78.66666666666667,7.0
remothered: broken porcelain,PS4,2.43,3.27,7.56,"Horror, Survival",Stormind Games,Modus Games,2020.0,6.48,7.83,12.12,7.57,6.48,44.0,6.8
remothered: tormented fathers,XONE,3.3,3.89,11.43,Action,Unknown,Darril Arts,2017.0,5.92,6.8,7.35,6.4,5.92,73.33333333333333,7.666666666666667
renegade ops,PC,3.33,3.31,8.09,Shooter,Avalanche Studios,Sega,2011.0,4.78,7.05,14.27,6.5,4.78,79.0,7.366666666666666
rengoku ii: the stairway to h.e.a.v.e.n.,PSP,3.73,3.37,38.42,"Action, Adventure",Hudson Soft,Konami,2006.0,6.75,7.7,20.95,7.07,6.75,51.0,7.8
rengoku: the tower of purgatory,PSP,2.97,3.35,25.08,"Action, Third-Person",Unknown,Unknown,2005.0,4.93,9.0,11.0,6.07,4.93,43.0,6.1
renowned explorers: international society,PC,3.98,3.48,23.26,"Adventure, Strategy",Abbey Games,Abbey Games,2015.0,5.63,29.15,22.0,15.08,5.63,72.0,6.4
republique,PS4,3.52,2.73,15.53,"Action, Adventure, Multidirectional, Real-Time, Stealth, Third-Person",Camouflaj,Camouflaj,2015.0,11.52,15.1,21.18,14.88,11.52,72.0,5.9
reservoir dogs,PC,2.29,2.72,7.85,Third-Person Shooter,Volatile Games,Unknown,2006.0,3.93,3.65,4.93,3.95,3.93,50.0,7.25
resident evil 3: nemesis,PC,4.11,3.32,18.11,Survival,Capcom,Capcom,1999.0,6.87,8.18,14.22,7.8,6.87,75.75,9.025
resident evil 6,PC,3.27,2.98,27.9,"Action, Adventure, Shooter, Third-Person",Capcom,Capcom,2012.0,20.88,28.35,53.53,25.38,20.88,66.83333333333333,6.5
resident evil code: veronica,DC,4.1,3.42,20.67,Survival,Unknown,Capcom,2000.0,11.57,14.7,13.4,12.53,11.57,94.0,9.4
resident evil code: veronica x,PS4,3.85,3.53,20.07,Survival,Capcom,Capcom,2000.0,11.63,14.05,18.92,12.65,11.63,73.0,8.450000000000001
resident evil outbreak,PS2,3.6,3.76,29.1,Survival,Capcom Production Studio 1,Capcom,2004.0,8.2,16.47,21.5,9.68,8.2,71.0,8.2
resident evil village,PC,4.04,2.97,16.52,"First-Person, Horror, Shooter, Survival",Capcom,Capcom,2021.0,10.08,13.63,39.38,13.73,10.08,82.75,7.575
resident evil: chronicles hd collection,PS3,3.63,3.39,34.34,Unknown,Unknown,Capcom,2012.0,8.2,24.73,20.95,24.73,8.2,70.0,7.3
resident evil: dead aim,PS2,3.31,2.88,10.59,"Action, Shooter",Capcom Production Studio 3,Capcom,2003.0,2.85,3.33,5.2,3.15,2.85,65.0,6.6
resident evil: deadly silence,DS,3.97,3.29,13.66,"Horror, Survival",Capcom,Capcom,2006.0,5.52,7.38,10.53,6.3,5.52,71.0,8.2
resident evil: operation raccoon city,PC,2.75,3.15,15.66,"Shooter, Survival, Survival Horror, Third-Person",Unknown,Capcom,2012.0,5.93,8.77,16.97,7.42,5.93,50.666666666666664,4.733333333333333
resident evil: revelations,PC,3.59,3.08,17.38,"Horror, Survival, Third-Person",Unknown,Capcom,2012.0,8.53,13.55,37.55,10.82,8.53,76.57142857142857,7.828571428571428
resident evil: revelations 2,PC,3.55,3.02,24.37,"Horror, Real-Time, Survival, Third-Person",Capcom,Capcom,2015.0,10.42,16.88,40.02,13.88,10.42,72.4,7.819999999999999
resident evil: survivor,PS,2.88,2.9,8.96,"Action, First-Person, Shooter",Capcom,Capcom,2000.0,1.9,2.22,4.33,2.17,1.9,39.0,6.2
resident evil: the darkside chronicles,PS3,3.54,3.39,18.15,"On-Rails, Shooter",Unknown,Unknown,2009.0,8.17,11.53,19.6,9.45,8.17,75.0,7.7
resident evil: the mercenaries 3d,3DS,3.72,3.36,28.01,"Shooter, Third-Person",Capcom & Tose,Capcom,2011.0,5.5,22.38,91.52,16.18,5.5,65.0,6.6
resident evil: the umbrella chronicles,PS3,3.54,3.37,17.02,"Horror, On-Rails, Shooter",Unknown,Capcom,2007.0,7.43,12.12,23.38,9.72,7.43,75.0,7.5
resistance 2,PS3,3.94,3.1,20.19,"First-Person, Shooter",Insomniac Games,Sony Computer Entertainment,2008.0,10.08,12.23,14.48,10.68,10.08,87.0,6.2
resistance 3,PS3,3.89,3.17,16.19,"First-Person, Shooter",Insomniac Games,Sony Computer Entertainment,2011.0,8.25,10.12,12.5,8.87,8.25,83.0,7.8
resistance: burning skies,VITA,3.32,2.89,12.08,"First-Person, Shooter",Nihilistic Software,Sony Computer Entertainment,2012.0,6.05,6.5,7.15,6.33,6.05,60.0,6.8
resistance: fall of man,PS3,3.84,3.21,17.42,"First-Person, Shooter",Insomniac Games,SCE,2006.0,11.05,12.97,17.5,11.77,11.05,86.0,8.0
resistance: retribution,PSP,4.07,3.48,34.32,"Shooter, Third-Person",SCE Bend Studio,Sony Computer Entertainment,2009.0,9.98,11.12,10.97,10.32,9.98,81.0,8.1
resogun,PS3,3.72,3.3,8.25,"Scrolling, Shooter",Housemarque,Sony Computer Entertainment,2013.0,2.18,6.42,18.37,7.17,2.18,84.0,7.7
resonance of fate,X360,3.85,3.81,68.05,Role-Playing,tri-Ace,Sega,2010.0,48.95,68.75,117.83,76.57,48.95,73.0,7.85
restaurant empire ii,PC,3.68,3.0,58.75,"Simulation, Strategy",Enlight Games,Enlight Software,2009.0,51.0,13.42,60.92,55.95,51.0,64.0,7.0
retro bowl,NS,4.15,3.33,26,Unknown,New Star Games,New Star Games,2020.0,5.13,34.0,27.33,17.57,5.13,84.0,7.3
retro city rampage,PC,3.61,3.29,18,"Action, Adventure, Driving, Open World, Racing",Vblank Entertainment,D3 Publisher,2012.0,6.1,8.18,10.33,7.07,6.1,73.0,7.5
retro city rampage dx,PC,3.67,3.35,16.67,"Action, Adventure, Open World",Vblank Entertainment,Vblank Entertainment,2014.0,5.68,8.83,17.72,8.0,5.68,83.0,7.5
retro game challenge,DS,4.17,3.17,24.15,Unknown,indieszero,Unknown,2009.0,10.87,11.22,17.1,12.37,10.87,77.0,6.9
retro/grade,PS3,3.45,3.31,11.03,Music/Rhythm,24 Caret Games,24 Caret Games,2013.0,1.22,8.58,5.0,2.42,1.22,78.0,7.0
return of the obra dinn,NS,4.0,3.67,11.48,"Adventure, First-Person, Puzzle",Lucas Pope,3909,2018.0,8.4,9.78,10.7,9.9,8.4,89.0,8.5
return to castle wolfenstein: operation resurrection,PS2,3.64,3.27,20.95,First-Person Shooter,Raster Productions,Activision,2003.0,11.25,13.42,20.95,11.25,11.25,66.0,8.3
return to castle wolfenstein: tides of war,XBOX,3.83,3.17,20.39,First-Person Shooter,Nerve Software,Activision,2003.0,9.25,15.5,13.5,11.35,9.25,84.0,8.4
return to monkey island,PC,3.87,2.61,11.05,"Adventure, Point-And-Click",Terrible Toybox,Devolver Digital,2022.0,9.93,11.85,16.8,11.2,9.93,85.75,7.625
return to mysterious island,PC,3.83,3.38,16.94,Adventure,Kheops Studio,The Adventure Company,2004.0,5.65,5.67,6.77,5.85,5.65,79.0,7.7
returnal,PS5,3.78,4.19,38.21,"Horror, Roguelike, Shooter, Third-Person",Housemarque,PlayStation Studios,2021.0,20.2,32.27,68.9,31.27,20.2,86.0,7.3
reus,PC,3.27,3.12,18.46,"Real-Time, Simulation, Strategy",Abbey Games,Abbey Games,2013.0,8.73,20.52,66.87,32.68,8.73,71.66666666666667,5.85
revenge of the titans,PC,3.27,3.41,14.57,"Strategy, Tower Defense",Puppy Games,Puppy Games,2010.0,10.4,11.67,20.92,12.48,10.4,79.0,7.6
reventure,PC,3.53,2.8,11.6,"Action, Open World",Pixelatto,Pixelatto,2019.0,6.5,8.5,12.82,10.9,6.5,83.0,7.8
rez,PS2,4.12,3.1,13.3,Unknown,United Game Artists,Unknown,2002.0,2.05,3.27,19.25,2.63,2.05,78.0,8.3
rez hd,X360,4.28,3.17,15.15,Unknown,Unknown,Microsoft Game Studios,2008.0,2.67,13.42,20.95,2.67,2.67,89.0,8.0
rez infinite,PC,3.58,2.85,6,"Music/Rhythm, Third-Person, Virtual Reality",Unknown,Enhance Games,2016.0,2.05,2.87,20.93,3.13,2.05,89.0,7.3
rf online,PC,3.51,3.0,78.86,"Massively Multiplayer, Role-Playing",CCR,Codemasters,2006.0,8.2,2000.0,200.0,1100.0,8.2,56.0,6.0
rhapsody: a musical adventure,DS,3.58,2.25,20.88,"Role-Playing, Tactical, Top-Down, Turn-Based",Nippon Ichi Software,Unknown,2000.0,10.08,12.42,13.9,11.63,10.08,67.0,7.9
rhem,PC,4.12,3.88,22.4,"Adventure, First-Person",Knut M,Unknown,2003.0,11.1,13.42,16.0,13.55,11.1,58.0,7.333333333333333
rhiannon: curse of the four branches,PC,3.56,3.86,12.8,"Adventure, Point-And-Click",Arberth Studios,Meridian4,2008.0,7.27,13.42,10.0,7.67,7.27,67.0,6.2
rhythm heaven,DS,4.14,3.67,23.95,Music/Rhythm,Unknown,Nintendo,2009.0,5.83,11.9,18.4,9.62,5.83,83.0,8.4
rhythm heaven fever,WII,4.23,3.37,19.39,Music/Rhythm,Unknown,Nintendo,2012.0,7.08,12.53,27.68,10.82,7.08,83.0,8.3
rhythm heaven megamix,3DS,4.22,3.16,28.85,"Action, Arcade, Compilation, Music/Rhythm, On-Rails, Point-And-Click, Third-Person",Nintendo SPD,Nintendo,2016.0,8.85,18.78,52.27,15.88,8.85,83.0,8.2
rhythm thief & the emperor's treasure,3DS,3.95,3.39,22.06,"Adventure, Puzzle",Unknown,Nintendo,2012.0,7.63,10.8,15.6,9.73,7.63,76.0,8.1
ribbit king,PS2,3.48,2.58,21,Sports,Bandai,Bandai,2004.0,7.48,7.67,20.95,7.55,7.48,59.0,7.449999999999999
richard & alice,PC,3.04,2.05,3.17,Adventure,Denby / Raze,Mastertronic,2014.0,2.82,3.33,4.68,3.38,2.82,70.0,6.9
rick and morty: virtual rick-ality,PS4,3.02,2.29,5.65,"Simulation, Virtual Reality",Owlchemy Labs,Adult Swim Games,2017.0,2.12,2.85,7.0,2.7,2.12,72.5,6.05
ride 2,PS4,4.03,3.6,36.29,"Driving, First-Person, Racing, Real-Time, Third-Person",Milestone,Milestone,2016.0,23.7,59.0,72.92,48.05,23.7,67.33333333333333,6.933333333333334
ride to hell: retribution,PC,0.81,1.67,8.31,"Action, Adventure, Shooter, Third-Person",Unknown,Deep Silver,2013.0,8.8,11.07,62.17,12.58,8.8,17.5,1.3499999999999999
ridge racer 3d,3DS,3.63,3.19,25.73,"Driving, Racing",Namco Bandai Games,Namco Bandai Games,2011.0,12.77,13.02,18.1,15.6,12.77,75.0,7.3
ridge racer 6,X360,3.55,3.53,46.94,"Driving, Racing",Namco,Namco,2005.0,9.0,11.72,28.7,15.4,9.0,74.0,7.4
ridge racer 64,N64,3.73,3.42,37.06,"Driving, Racing",Unknown,Nintendo,2000.0,2.55,7.28,22.5,4.98,2.55,82.0,8.1
ridge racer 7,PS3,3.85,3.41,36.31,"Driving, Racing",Namco Bandai Games,Namco Bandai Games,2006.0,8.82,16.58,52.95,19.35,8.82,78.0,7.4
ridge racer ds,DS,3.33,3.09,23.5,"Arcade, Driving, Racing",Unknown,Namco,2004.0,3.07,13.42,9.03,4.57,3.07,63.0,6.7
ridge racer v,PS2,3.71,3.18,25.13,"Driving, Racing",Namco,Namco,2000.0,3.68,13.42,25.42,8.02,3.68,78.0,7.5
rime,PC,3.62,2.21,8.53,"Adventure, Platform, Third-Person",Tequila Works,Sony Computer Entertainment,2017.0,5.77,7.15,10.65,7.03,5.77,76.0,7.125
rimworld,PC,4.18,3.54,78.32,"City-Building, Real-Time, Simulation, Top-Down",Ludeon Studios,Ludeon Studios,2018.0,65.42,133.37,328.18,129.1,65.42,87.0,8.9
ring fit adventure,NS,4.07,3.65,68.07,"Adventure, Fitness",Nintendo Entertainment Planning & Development,Nintendo,2019.0,37.93,71.73,156.72,65.92,37.93,83.0,8.5
ring of pain,PC,3.71,3.89,11.94,Card Game,Unknown,Humble Games,2020.0,7.88,22.82,143.18,19.3,7.88,74.0,7.3
ring of red,PS2,3.84,3.81,59.54,Turn-Based Tactics,Konami,Konami,2001.0,49.38,54.33,20.95,50.37,49.38,82.0,8.8
rio,PS3,3.17,2.45,19,"Adventure, Party",Nordic Games,THQ,2012.0,8.2,13.42,8.08,8.08,8.2,62.5,6.85
riptide gp: renegade,PS4,3.63,2.33,12.45,"Driving, Racing",Vector Unit,Vector Unit,2016.0,7.65,12.55,13.73,10.88,7.65,71.0,5.5
rise & shine,PC,2.88,3.56,2.4,"Action, Adventure",Super Mega Team,Adult Swim Games,2017.0,2.63,3.18,3.9,2.95,2.63,65.0,6.1
rise of nations,PC,4.04,3.07,44.86,"Real-Time, Strategy/Tactical",Big Huge Games,Microsoft Game Studios,2003.0,16.72,42.28,62.92,29.82,16.72,89.0,8.8
rise of nations: rise of legends,PC,3.77,3.07,29.85,"Real-Time, Strategy/Tactical",Big Huge Games,Microsoft Game Studios,2006.0,31.57,42.17,43.25,36.95,31.57,84.0,8.4
rise of nightmares,X360,3.32,3.35,34.2,Survival Horror,Sega AM1,Sega,2011.0,7.27,17.17,32.32,12.25,7.27,54.0,7.7
rise of the argonauts,PS3,3.1,2.69,15.44,"Action, Role-Playing",Liquid Entertainment,Codemasters,2008.0,12.27,13.62,16.38,13.5,12.27,56.666666666666664,7.433333333333334
rise of the kasai,PS4,2.9,3.43,15.2,"Action, Adventure, Third-Person",BottleRocket Entertainment,Sony Computer Entertainment,2005.0,7.53,13.42,20.95,7.53,7.53,68.0,6.7
rise of the tomb raider,PC,3.81,2.74,25.8,"Action, Adventure, Platform, Shooter, Third-Person",Crystal Dynamics,Square Enix,2015.0,13.67,22.77,36.67,21.4,13.67,86.0,8.0
rise of the tomb raider: 20 year celebration,PC,3.86,2.94,30.59,"Action, Adventure, Shooter",Unknown,Unknown,2016.0,14.52,24.22,41.75,24.38,14.52,88.0,8.0
risen,X360,3.28,3.31,49.44,"Action, Role-Playing",Piranha Bytes,Deep Silver,2009.0,28.55,38.6,46.45,38.03,28.55,68.5,7.35
risen 2: dark waters,PS3,3.11,3.15,38.43,"Action, Role-Playing",Piranha Bytes,Deep Silver,2012.0,27.03,34.58,48.47,36.18,27.03,58.666666666666664,5.633333333333334
risen 3: titan lords,PS3,2.85,3.51,41.81,"Adventure, Role-Playing, Third-Person",Piranha Bytes,Deep Silver,2014.0,25.33,42.37,56.42,43.55,25.33,48.333333333333336,4.9
rising storm,PC,3.86,3.85,32.29,"First-Person, Shooter",Tripwire Interactive,Tripwire Interactive,2013.0,8.2,13.42,20.95,11.25,8.2,82.0,8.4
rising storm 2: vietnam,PC,3.41,3.92,55.16,"First-Person, Shooter",Unknown,Tripwire Interactive,2017.0,8.2,13.42,20.95,11.25,8.2,81.0,7.4
risk of rain,VITA,3.58,4.14,59.11,"Action, Platform, Role-Playing",Chris Christodoulou,Unknown,2013.0,5.18,24.1,54.18,22.15,5.18,77.0,8.1
risk of rain 2,PS4,3.7,4.0,40.36,Roguelike,Hopoo Games,Gearbox Publishing,2019.0,11.42,49.13,160.9,60.97,11.42,85.0,8.3
rive,PC,3.44,3.87,7,Shooter,Two Tribes,Two Tribes,2015.0,4.42,9.03,17.22,5.58,4.42,74.0,6.65
riven: the sequel to myst,SAT,3.53,4.0,32,"Adventure, Point-And-Click",Cyan,Unknown,1997.0,9.93,12.3,13.72,11.17,9.93,83.0,8.6
river city girls,XONE,3.48,3.93,11.22,Beat Em Up,WayForward,Unknown,2019.0,6.85,8.72,16.27,8.72,6.85,79.0,6.9
river city girls zero,NS,3.5,4.0,11,Action,WayForward,Arc System Works,2022.0,3.7,4.97,4.15,3.97,3.7,68.0,6.2
river city ransom ex,GBA,4.01,3.07,13.87,Beat Em Up,Atlus,Atlus,2004.0,2.9,4.38,4.43,3.58,2.9,75.0,8.3
river city: knights of justice,3DS,3.66,3.19,17.03,"Action, Fighting, Role-Playing",Arc System Works,Natsume,2017.0,2.97,4.7,5.77,4.02,2.97,62.0,7.6
river city: tokyo rumble,3DS,3.98,2.9,12.25,"Action, Beat Em Up, Scrolling, Side",Million,Natsume,2016.0,3.3,6.03,16.07,6.87,3.3,69.0,7.2
riviera: the promised land,PSP,3.83,3.06,35.82,Role-Playing,Sting,Unknown,2005.0,23.47,24.93,20.95,24.02,23.47,72.0,8.3
road 96,XBSX,2.83,1.4,8,Adventure,Digixart,Digixart,2021.0,7.48,8.6,10.02,8.42,7.48,78.0,7.625
road not taken,PS4,2.98,3.89,12.41,Puzzle,Spry Fox,Spry Fox,2014.0,6.93,11.85,27.7,11.83,6.93,72.5,6.1
road rash: jailbreak,GBA,3.5,3.12,26.89,Action,Electronic Arts,Electronic Arts,2000.0,8.33,8.33,20.95,8.33,8.33,78.0,8.5
road redemption,PS4,3.3,3.25,12,"Action, Car Combat, Driving, Racing",Unknown,Unknown,2014.0,6.05,10.97,40.77,10.72,6.05,67.33333333333333,5.7333333333333325
roadkill,PS2,3.63,3.18,28.59,Action,Terminal Reality,Midway Games,2003.0,5.77,7.85,20.95,6.8,5.77,67.66666666666667,7.566666666666666
robert ludlum's the bourne conspiracy,PS3,3.42,3.0,9.23,"Action, Adventure, Third-Person",Unknown,Sierra Entertainment,2008.0,5.87,7.63,11.7,7.07,5.87,70.5,7.4
robin hood: the legend of sherwood,PC,3.71,3.11,39,"Real-Time, Strategy",Unknown,Unknown,2002.0,15.17,18.32,20.07,17.4,15.17,80.0,8.5
robinson: the journey,PS4,3.52,2.81,10.1,Virtual Reality,Crytek,Crytek,2016.0,4.17,5.3,8.0,5.65,4.17,64.0,6.6
robo recall,PC,3.83,3.0,5.71,"Action, Shooter, Virtual Reality",Epic Games,Oculus VR,2017.0,2.77,5.8,7.4,4.08,2.77,85.0,7.7
robocalypse,DS,3.52,2.94,24.46,"Real-Time, Strategy/Tactical",Vogster Entertainment,Tecmo,2008.0,7.0,13.42,20.95,7.0,7.0,78.0,8.5
robonauts,NS,3.38,2.97,10.23,"Action, Platform, Shooter, Side",Qubic Games,Qubic Games,2017.0,3.07,3.75,8.25,4.0,3.07,71.0,6.5
robot alchemic drive,PS2,4.05,3.14,28,Action,Sandlot,Enix,2002.0,13.2,13.33,20.95,13.22,13.2,79.0,8.1
robotech: battlecry,PS2,3.41,3.31,17.79,Shooter,Vicious Cycle Software,TDK Mediactive,2002.0,7.8,13.42,13.0,8.45,7.8,73.33333333333333,8.0
robotech: the macross saga,GBA,3.02,3.47,17.52,"Scrolling, Shooter",Lucky Chicken Games,TDK Mediactive,2002.0,1.4,13.42,20.95,1.4,1.4,61.0,6.4
rochard,PC,3.38,2.86,7.69,"Action, Platform, Puzzle",Recoil Games,Sony Online Entertainment,2011.0,5.55,6.5,10.92,6.35,5.55,80.0,8.05
rock band,WII,3.88,2.97,25.37,Music/Rhythm,Unknown,Unknown,2007.0,9.55,36.9,124.47,27.78,9.55,86.5,7.35
rock band 2,PS2,3.69,2.85,41.75,Music/Rhythm,Unknown,MTV Games,2008.0,9.7,72.3,154.43,59.9,9.7,91.66666666666667,7.766666666666666
rock band 3,DS,3.44,3.13,21.31,Music,Unknown,Unknown,2010.0,9.32,37.48,142.55,39.65,9.32,88.5,7.25
rock band 4,PS4,3.78,3.14,76.73,Music/Rhythm,Harmonix,Harmonix,2015.0,15.23,117.62,104.13,71.33,15.23,78.5,6.45
rock band blitz,PS3,3.66,3.13,22.65,"Music, Rhythm",Harmonix,Harmonix,2012.0,4.05,6.4,28.67,11.18,4.05,78.0,6.949999999999999
rock band unplugged,PSP,3.9,3.15,30.81,Rhythm,Unknown,Unknown,2009.0,6.4,18.38,28.0,10.87,6.4,79.0,8.4
rock of ages,PS3,3.05,3.14,14.6,"Action, Strategy, Tower Defense",ACE Team,Atlus,2011.0,4.1,6.3,12.05,5.82,4.1,71.33333333333333,7.666666666666667
rock of ages 3: make & break,PC,3.32,3.4,17.33,"Action, Strategy/Tactical",Unknown,Unknown,2020.0,6.92,11.13,13.15,9.68,6.92,68.75,6.3
rock revolution,X360,2.38,2.86,12,Music/Rhythm,Zo,Konami,2008.0,4.9,13.42,20.95,4.9,4.9,40.0,5.85
rocket arena,PS4,2.9,2.55,10.33,Unknown,Final Strike Games,Electronic Arts,2020.0,17.03,20.85,55.62,38.77,17.03,70.66666666666667,5.833333333333333
rocket knight,PC,3.17,2.73,3.58,Unknown,Climax Studios,Konami,2010.0,1.95,3.95,20.95,2.27,1.95,71.0,7.75
rocket league,NS,3.9,3.46,48.9,Sports,Psyonix,Psyonix,2015.0,5.18,30.83,155.67,76.13,5.18,86.0,7.95
rocketbirds 2: evolution,PS4,2.66,2.85,9.08,Action,Ratloop Asia,Reverb Triple XP,2016.0,6.48,10.08,20.95,7.68,6.48,67.0,6.1
rocketbirds: hardboiled chicken,PC,3.31,2.95,5.2,"Action, Platform, Shooter",Ratloop,Reverb Publishing,2011.0,3.57,5.18,8.32,4.27,3.57,75.0,6.45
rocky balboa,PSP,3.48,3.36,8.5,Fighting,Ubisoft Montreal,Ubisoft,2007.0,6.0,13.42,20.95,6.0,6.0,58.0,7.1
rodea the sky soldier,WIIU,3.18,3.41,42,"Action, Adventure",Unknown,Unknown,2015.0,8.48,12.52,19.62,9.95,8.48,45.0,6.1000000000000005
rogue aces,PS4,3.8,3.71,9.18,"Flight, Shooter, Side",Infinite State Games,Curve Digital,2018.0,7.5,13.42,9.58,8.75,7.5,76.0,6.099999999999999
rogue galaxy,PS4,3.98,3.15,71.81,"Adventure, Hack And Slash, Role-Playing, Third-Person",Unknown,Sony Computer Entertainment,2007.0,38.62,61.9,111.52,60.27,38.62,83.0,7.9
rogue legacy 2,PC,3.92,3.92,48.78,"Action, Platform, Roguelike",Cellar Door Games,Cellar Door Games,2022.0,27.4,47.5,119.37,44.38,27.4,89.0,7.75
rogue trooper redux,NS,3.35,3.7,19,"Shooter, Third-Person",TickTock Games,Rebellion,2017.0,6.03,6.87,10.83,6.85,6.03,60.0,6.625
rogue warrior,X360,1.89,2.67,7.87,"First-Person, Shooter",Rebellion Developments,Bethesda Softworks,2009.0,2.42,4.0,5.88,2.83,2.42,28.0,3.1333333333333333
rogue wizards,PC,3.88,3.13,15.33,"Roguelike, Role-Playing",Spellbind Studios,Spellbind Studios,2016.0,8.2,13.42,17.92,17.92,8.2,67.0,6.6
rollcage stage ii,PS,3.87,3.31,32.75,"Driving, Racing",Attention To Detail,Unknown,2000.0,3.23,8.0,10.67,6.55,3.23,85.0,8.4
rollercoaster tycoon,PBL,3.44,2.83,2.75,Simulation,Unknown,Unknown,1999.0,56.58,74.37,151.88,81.78,56.58,62.0,8.4
rollercoaster tycoon 2,PC,4.13,3.02,60.55,"Isometric, Simulation",Chris Sawyer Productions,Infogrames,2002.0,76.55,78.57,201.5,91.6,76.55,74.0,8.7
rollercoaster tycoon 3: complete edition,NS,3.75,3.0,50,Simulation,Unknown,Unknown,2020.0,16.03,190.02,62.03,75.13,16.03,72.0,7.6
rollercoaster tycoon 3d,3DS,2.76,2.33,28.89,Simulation,n-Space,Atari,2012.0,7.33,13.42,20.95,7.33,7.33,39.0,2.6
romance of the three kingdoms ix,PS2,3.9,3.27,57.81,"Strategy, Turn-Based",Koei,Koei,2004.0,20.0,13.42,20.95,20.0,20.0,74.0,8.3
romance of the three kingdoms vii,PS2,3.95,3.33,63.54,"Strategy, Turn-Based",Koei,Koei,2000.0,7.95,24.5,20.95,12.08,7.95,72.0,8.5
romance of the three kingdoms viii,PS2,3.95,3.39,71.36,"Strategy/Tactical, Turn-Based",Koei,Koei,2003.0,20.0,75.0,20.95,33.75,20.0,77.0,8.5
romance of the three kingdoms x,PS2,4.07,3.1,65.39,"Strategy, Turn-Based",Koei,Koei,2005.0,15.17,43.0,20.95,31.87,15.17,71.0,8.4
romance of the three kingdoms xi,PS2,4.1,3.31,66.33,"Strategy/Tactical, Turn-Based",Koei,Koei,2007.0,37.0,86.67,20.95,66.8,37.0,69.5,7.800000000000001
romance of the three kingdoms xiii,PS4,3.77,3.6,77.76,Strategy,Koei Tecmo Games,Koei Tecmo Games,2016.0,48.0,68.0,20.95,58.0,48.0,67.0,7.3
romancing saga,WSC,3.61,3.58,40.25,Role-Playing,Square,Square,1992.0,34.93,36.3,20.95,35.93,34.93,58.0,8.0
romancing saga 2,VITA,3.39,4.42,59,"Role-Playing, Top-Down, Turn-Based",Square,Square,2016.0,38.8,55.18,82.75,55.67,38.8,67.66666666666667,7.733333333333333
romancing saga 3,VITA,3.82,3.57,56.67,Role-Playing,Unknown,Square Enix,2019.0,26.08,43.73,177.4,54.27,26.08,73.5,7.05
rome: total war,PC,4.24,3.25,63.12,"Real-Time, Strategy/Tactical, Turn-Based",Unknown,Unknown,2004.0,33.63,55.68,150.72,62.57,33.63,92.0,9.0
rondo of swords,DS,3.56,3.83,31.93,Tactical Role-Playing,Success,Atlus,2008.0,18.17,28.67,36.5,25.73,18.17,69.0,8.3
roogoo,PC,3.57,3.08,11.08,Puzzle,SpiderMonk Entertainment,SouthPeak Interactive,2008.0,2.43,13.42,3.38,2.75,2.43,75.0,7.2
rooms: the main building,DS,3.73,3.65,41.29,Puzzle,HandMade Game,Unknown,2008.0,3.7,17.5,7.93,8.73,3.7,58.0,7.333333333333333
root film,PS4,3.25,1.67,20,"Adventure, Visual Novel",Kadokawa,PQube,2021.0,15.37,14.5,15.02,15.0,15.37,70.0,8.0
root letter,VITA,3.03,1.86,20,Visual Novel,Kadokawa Games,PQube,2016.0,8.7,13.73,13.82,11.75,8.7,68.0,6.8
rory mcilroy pga tour,XONE,3.0,3.2,38.27,"Simulation, Sports",EA Tiburon,EA Sports,2015.0,10.0,60.58,20.95,43.72,10.0,60.5,4.05
roundabout,PS4,3.48,3.37,5,"Adventure, Puzzle",No Goblin,No Goblin,2014.0,2.52,5.05,12.17,3.38,2.52,74.5,6.349999999999999
rpg maker,PS,3.37,3.2,68.87,Role-Playing,Kuusou Kagaku,Unknown,2000.0,36.48,190.0,20.95,67.18,36.48,66.0,7.7
rpg maker fes,3DS,3.76,3.07,79.52,Role-Playing,Kadokawa,NIS America,2017.0,4.15,15.55,20.95,11.75,4.15,64.0,5.7
rpg maker mv,PS4,3.43,3.71,80.00+,"Role-Playing, Simulation",Kadokawa,NIS America,2018.0,8.2,13.42,50.0,50.0,8.2,59.0,7.599999999999999
ruff trigger: the vanocore conspiracy,PS2,3.14,3.5,24,"Action, Platform",Playstos Entertainment,Natsume,2006.0,6.27,5.87,7.02,6.35,6.27,57.0,7.4
rugby world cup 2011,X360,2.77,2.73,8.8,Sports,HB Studios,505 Games,2011.0,16.0,25.0,19.0,19.0,16.0,52.5,4.65
ruined king: a league of legends story,PS4,3.8,3.18,35.56,"Role-Playing, Turn-Based",Airship Syndicate,Riot Forge,2021.0,24.8,36.93,47.53,37.17,24.8,79.33333333333333,7.166666666666667
rule of rose,PS2,3.54,3.36,15.95,Survival,Punchline,Unknown,2006.0,8.85,10.63,10.13,9.45,8.85,59.0,8.7
rumble racing,PS2,4.02,3.67,57.62,"Driving, Racing",Electronic Arts,Electronic Arts,2001.0,5.72,9.9,29.8,14.38,5.72,85.0,7.9
rumble roses,PS2,3.63,2.89,15.99,Fighting,Unknown,Konami,2004.0,6.53,13.42,17.48,10.18,6.53,66.0,8.7
rumble roses xx,X360,3.45,3.01,47.35,Professional Wrestling Fighting,YUKE's Future Media Creators/Konami,Konami,2006.0,10.0,45.33,127.0,75.28,10.0,62.0,6.4
runaway: a road adventure,PC,3.69,3.21,16.83,"Adventure, Point-And-Click",P,Unknown,2003.0,8.17,9.25,11.82,9.0,8.17,74.0,7.8
runaway: a twist of fate,PC,3.69,3.1,19.13,Unknown,P,Focus Home Interactive,2010.0,7.0,9.58,7.65,7.57,7.0,79.0,8.0
runbow,XONE,3.6,3.25,30.4,"Action, Party, Platform, Real-Time, Third-Person",13AM Games,13AM Games,2015.0,3.1,8.15,8.9,6.1,3.1,77.33333333333333,6.633333333333334
rune,PC,3.7,3.25,18.61,"Action, Hack And Slash",Human Head Studios,Gathering of Developers,2000.0,10.5,10.13,10.77,10.38,10.5,76.0,7.5
rune factory 2: a fantasy harvest moon,DS,4.07,3.03,51.52,"Role-Playing, Simulation",Neverland Co.,Unknown,2008.0,28.97,55.43,61.18,50.47,28.97,77.0,8.1
rune factory 3: a fantasy harvest moon,DS,4.28,2.93,53.51,"Role-Playing, Simulation",Neverland Co.,Unknown,2010.0,26.15,46.77,101.88,46.42,26.15,77.0,8.4
rune factory 4,3DS,4.44,3.04,78.33,"Role-Playing, Simulation",Neverland Co.,XSEED Games,2013.0,54.23,112.0,224.37,96.58,54.23,78.0,8.1
rune factory 4 special,PS4,4.08,2.91,75.5,"Action, Role-Playing, Simulation, Top-Down",Marvelous,Unknown,2020.0,36.62,79.82,172.63,71.27,36.62,81.0,8.0
rune factory 5,NS,3.78,2.84,75.79,"Role-Playing, Simulation",Marvelous,Unknown,2022.0,53.38,93.93,163.87,78.93,53.38,71.0,5.949999999999999
rune factory frontier,WII,4.15,3.18,70.36,"Role-Playing, Simulation",Neverland Co.,Unknown,2009.0,90.95,89.13,223.02,107.72,90.95,79.0,8.5
rune factory: a fantasy harvest moon,DS,3.87,3.01,51.48,"Role-Playing, Simulation",Unknown,Unknown,2007.0,31.97,42.3,53.9,40.22,31.97,78.0,8.2
rune factory: tides of destiny,PS3,4.0,2.88,74.15,Simulation,Neverland Co.,Unknown,2011.0,62.1,72.93,100.07,76.65,62.1,55.0,7.4
runes of magic,PC,3.61,3.0,76,"Massively Multiplayer, Role-Playing",Runewaker Entertainment,Gameforge,2009.0,8.2,13.42,20.95,11.25,8.2,71.0,5.6
runespell: overture,PC,3.28,3.37,10,"Casual, Indie, Role-Playing",Mystic Box,Mystic Box,2011.0,6.8,10.82,17.43,11.92,6.8,69.0,6.7
runner3,NS,3.56,3.93,17.11,Platform,Choice Provisions,Choice Provisions,2018.0,5.32,13.03,20.2,9.8,5.32,75.5,6.6
rust,PC,3.2,4.01,64.94,"Action, Adventure, Survival Horror",Facepunch Studios,Facepunch Studios,2013.0,8.2,13.42,20.95,11.25,8.2,69.0,6.4
rustler,PC,2.64,4.25,11.67,"Action, Adventure, Open World",Jutsu Games,Unknown,2021.0,6.7,9.88,16.38,10.42,6.7,59.333333333333336,5.85
rwby: grimm eclipse,PS4,3.47,3.25,25.43,"Action, Adventure, Hack And Slash",Rooster Teeth Games,Rooster Teeth Games,2016.0,4.1,9.4,36.27,9.9,4.1,57.0,6.400000000000001
rygar: the legendary adventure,PS2,3.43,3.25,13,"Action, Adventure",Unknown,Tecmo,2002.0,5.62,7.02,12.0,6.27,5.62,83.0,8.1
ryse: son of rome,PC,3.28,2.5,10.33,"Action, Adventure",Crytek,Microsoft Studios,2013.0,6.52,8.72,21.9,7.78,6.52,60.5,6.6
s.l.a.i.: steel lancer arena international,PS2,3.7,3.79,63.22,Action,Genki,Konami,2005.0,32.67,13.42,20.95,32.67,32.67,66.0,8.1
s.t.a.l.k.e.r.: call of pripyat,PC,4.01,3.17,35.62,"First-Person, Shooter",GSC Game World,Unknown,2010.0,15.1,25.17,32.67,23.35,15.1,80.0,8.6
s.t.a.l.k.e.r.: clear sky,PC,3.46,3.46,26.97,"First-Person, Shooter",GSC Game World,GSC World Publishing,2008.0,12.85,22.87,36.22,19.43,12.85,75.0,7.5
s.t.a.l.k.e.r.: shadow of chernobyl,PC,3.91,3.58,35.41,"First-Person, Shooter",GSC Game World,THQ,2007.0,15.17,25.2,44.62,22.88,15.17,82.0,8.4
s.w.i.n.e.,PC,3.38,3.62,30.57,"Real-Time, Tactical",StormRegion,FishTank Studios,2001.0,13.87,5.5,27.35,17.88,13.87,65.0,8.4
sable,XBSX,3.3,2.0,11.2,"Adventure, Third-Person",Shedworks,Raw Fury,2021.0,7.8,14.37,21.57,15.67,7.8,73.5,6.6
sackboy's prehistoric moves,PS3,3.29,2.75,5.36,Platform,Xdev,Sony Computer Entertainment,2010.0,1.5,1.97,6.5,4.12,1.5,66.0,6.3
sackboy: a big adventure,PC,2.64,2.67,15.67,"Action, Platform",Sumo Digital,PlayStation Studios,2020.0,11.17,18.27,34.98,17.37,11.17,80.66666666666667,8.100000000000001
sacred 2: fallen angel,PC,3.37,2.91,60.04,"Action, Role-Playing",Ascaron,Unknown,2008.0,25.85,65.27,165.53,58.83,25.85,70.66666666666667,7.066666666666666
sacred 3,PC,1.79,2.03,11.73,"Action, Hack And Slash, Real-Time, Role-Playing, Top-Down",Keen Games,Deep Silver,2014.0,8.67,10.02,22.03,11.27,8.67,54.666666666666664,3.066666666666667
sacred citadel,PC,2.6,2.64,7.38,"Action, Adventure",SouthEnd Interactive,Deep Silver,2013.0,5.13,6.85,21.05,6.6,5.13,62.0,6.233333333333333
sadame,3DS,3.5,3.79,24.5,"Action, Adventure",Rising Star Japan,Intergrow,2016.0,6.02,13.42,20.95,6.02,6.02,54.0,6.2
safecracker: the ultimate puzzle adventure,WII,3.34,4.07,18.29,Adventure,Kheops Studio,The Adventure Company,2006.0,3.65,4.9,5.48,4.23,3.65,62.5,6.85
saga frontier remastered,PC,4.26,3.94,66.27,Role-Playing,Unknown,Square Enix,2021.0,15.95,31.05,57.68,32.68,15.95,74.0,6.9
saint seiya: brave soldiers,PS3,3.69,2.74,23.69,Fighting,Dimps,Namco Bandai Games,2013.0,9.37,15.0,31.5,14.9,9.37,55.0,7.2
saint seiya: sanctuary battle,PS3,3.75,3.07,28.57,"Action, Adventure, Hack And Slash",Dimps Corporation,Namco Bandai Games,2012.0,7.32,13.9,23.0,13.17,7.32,62.0,7.9
saint seiya: soldiers' soul,PC,3.63,3.0,24.12,Fighting,Dimps,Bandai Namco Entertainment,2015.0,12.78,24.2,52.97,23.65,12.78,59.0,7.5
saints row 2,PC,3.56,2.92,35.59,"Action Adventure, Sandbox, Third-Person Shooter",Unknown,THQ,2008.0,19.95,29.73,52.9,28.13,19.95,78.33333333333333,7.766666666666667
saints row iv,PC,3.73,2.67,31.98,"Action, Adventure, Open World, Shooter, Third-Person",Unknown,Deep Silver,2013.0,15.58,25.4,37.95,24.8,15.58,81.0,6.766666666666667
saints row iv: re-elected,PS4,3.71,2.68,41.59,"Action, Open World, Shooter, Third-Person",Unknown,Deep Silver,2015.0,15.1,27.33,46.37,28.72,15.1,73.0,7.166666666666667
saints row: the third,PC,3.94,2.7,35.49,"Action, Adventure, Open World, Shooter, Third-Person",Volition,THQ,2011.0,16.0,28.82,47.93,28.05,16.0,83.33333333333333,7.833333333333333
saints row: the third remastered,PS5,3.64,2.67,45,"Action, Open World, Real-Time, Sandbox, Shooter, Third-Person",Unknown,Unknown,2012.0,13.5,23.57,40.3,24.13,13.5,73.33333333333333,6.833333333333333
sairento vr,PS4,4.21,3.5,24,"Action, Virtual Reality",Mixed Realms Pte,Mixed Realms Pte,2016.0,2.22,4.5,20.95,2.78,2.22,80.0,6.85
saiyuki: journey west,PS,3.7,3.03,39.74,Tactical Role-Playing,Koei,Koei,2001.0,29.08,37.87,45.0,36.57,29.08,73.0,8.2
sakuna: of rice and ruin,NS,3.97,3.1,43.53,"Action, Scrolling, Side",Edelweiss,XSEED Games,2020.0,30.57,35.45,50.67,35.73,30.57,79.66666666666667,7.800000000000001
sakura samurai: art of the sword,3DS,3.7,3.38,8.65,"Action, Adventure",Unknown,Nintendo,2012.0,4.72,5.17,8.72,5.25,4.72,74.0,7.3
"sakura wars: so long, my love",WII,3.93,2.82,40.21,Unknown,Unknown,Unknown,2010.0,21.53,25.08,26.42,23.25,21.53,78.0,8.3
sam & max: beyond time and space,WII,3.63,2.53,21.6,Adventure,Unknown,Unknown,2007.0,13.27,17.23,14.97,14.57,13.27,75.0,7.3
sam & max: save the world,X360,4.16,2.91,24.38,"Adventure, Point-And-Click",Telltale Games,Unknown,2006.0,12.5,13.9,12.85,12.85,12.5,74.0,7.2
samorost 3,PC,3.84,2.81,5.01,"Adventure, Point-And-Click",Amanita Design,Amanita Design,2016.0,4.83,5.27,5.28,5.13,4.83,80.0,7.8
samurai champloo: sidetracked,PS2,3.6,3.29,13.26,Beat Em Up,Unknown,Namco Bandai Games,2006.0,7.25,13.42,20.95,7.25,7.25,66.0,7.0
samurai jack: battle through time,PC,2.69,3.0,8.4,Unknown,Soleil,Adult Swim Games,2020.0,6.17,9.07,33.52,7.78,6.17,70.66666666666667,7.966666666666665
samurai jack: the amulet of time,GBA,3.02,3.0,13.88,"Action, Platform",Virtucraft,BAM! Entertainment,2003.0,2.13,3.22,6.0,3.12,2.13,63.0,5.9
samurai jack: the shadow of aku,GC,3.11,2.29,17.23,"Action, Adventure",Unknown,Sega,2004.0,5.0,9.83,16.0,6.87,5.0,59.0,7.3
samurai shodown ii,X360,3.83,3.82,7.54,Fighting,SNK,SNK,1994.0,1.15,3.8,2.98,1.67,1.15,72.0,7.5
samurai shodown v,PS2,3.25,3.64,13.87,Fighting,Yuki Enterprise,SNK Playmore,2003.0,0.58,6.12,0.68,2.22,0.58,58.0,7.333333333333333
samurai sword destiny,3DS,3.12,3.63,13.09,Hack And Slash,UFO Interactive,Unknown,2012.0,8.2,3.58,20.95,3.58,8.2,50.0,7.333333333333333
samurai warriors,PS2,3.83,3.02,41.4,Action,Omega Force,Koei,2004.0,14.8,33.37,70.0,26.85,14.8,72.0,7.6
samurai warriors 2,X360,3.79,2.9,48.98,Hack And Slash,Omega Force,Koei,2006.0,28.07,48.42,75.23,46.37,28.07,55.0,8.6
samurai warriors 2 empires,X360,3.78,2.76,35.82,Hack And Slash,Unknown,Koei,2007.0,13.1,15.93,18.67,15.62,13.1,53.0,8.3
samurai warriors 2: xtreme legends,X360,4.03,2.91,50.62,Hack And Slash,Unknown,Unknown,2008.0,7.15,14.0,500.0,109.82,7.15,50.0,8.2
samurai warriors 3,WII,4.08,2.98,51.66,Hack And Slash,Omega Force,Tecmo Koei,2010.0,37.87,41.0,79.0,45.77,37.87,55.0,7.6
samurai warriors 4,VITA,3.99,2.93,56.28,"Action, Hack And Slash",Omega Force,Tecmo Koei,2014.0,30.38,47.82,147.85,58.72,30.38,76.0,7.7
samurai warriors 4-ii,VITA,3.53,3.0,63.71,"Action, Hack And Slash",Koei Tecmo,Koei Tecmo,2015.0,31.8,36.45,136.52,40.93,31.8,73.0,7.1
samurai warriors 5,PS4,3.66,3.12,60.63,"Action, Hack And Slash, Third-Person",Koei Tecmo Games,Koei Tecmo Games,2021.0,17.58,40.23,109.5,37.73,17.58,76.0,8.025
samurai warriors: spirit of sanada,PC,3.68,3.0,65.78,Hack And Slash,Omega Force,Koei Tecmo,2017.0,21.78,30.38,46.6,34.23,21.78,74.0,7.1
samurai warriors: state of war,PSP,3.51,3.07,34.86,"Action, Hack And Slash",Omega Force,Koei,2006.0,10.5,30.25,20.95,20.37,10.5,64.0,6.4
samurai warriors: xtreme legends,PS2,3.97,3.1,42.57,Action,Omega Force,Koei,2004.0,9.72,10.72,20.95,10.0,9.72,72.0,8.7
samurai western,PS2,3.54,3.09,20.6,"Action, Adventure",Acquire,Atlus,2005.0,4.52,8.25,20.95,5.55,4.52,58.0,7.7
san francisco rush 2049,GBC,2.97,3.0,36.72,"Driving, Racing",Atari Games,Midway Games,2000.0,9.28,13.25,24.08,14.75,9.28,84.0,8.6
sands of destruction,DS,3.72,2.8,35.54,Role-Playing,imageepoch,Sega,2010.0,21.02,22.57,32.37,23.4,21.02,63.0,7.9
sang-froid: tales of werewolves,PC,3.02,3.45,16.67,"Action, Strategy",Unknown,Artifice Studios,2012.0,8.7,14.85,22.87,12.03,8.7,79.0,7.7
satellite reign,PC,3.21,3.74,26.1,Strategy,5 Lives Studios,5 Lives Studios,2015.0,22.12,31.3,39.22,29.7,22.12,75.0,7.8
savage moon,PS3,3.72,3.71,32,Strategy,FluffyLogic,Sony Computer Entertainment,2009.0,18.0,13.42,18.0,18.0,18.0,73.0,7.1
savage skies,PS2,3.0,2.93,36.6,Flight Combat,iRock Interactive,BAM! Entertainment,2002.0,4.68,13.42,20.95,4.68,4.68,56.0,7.0
saw ii: flesh & blood,PS3,2.7,3.36,19.66,Action,Zombie Studios,Konami,2010.0,8.17,7.62,11.53,9.1,8.17,46.0,5.9
say no! more,PC,3.5,1.8,5.2,Adventure,Studio Fizbin,Thunderful Publishing,2021.0,1.85,2.3,8.38,2.8,1.85,67.0,6.75
sayonara wild hearts,IOS,3.29,2.67,1.8,Music/Rhythm,Simogo,Annapurna Interactive,2019.0,1.4,2.9,10.15,2.15,1.4,83.0,7.449999999999999
sbk: snowboard kids,DS,3.09,2.64,17.33,Sports,Unknown,Atlus,2005.0,3.02,13.42,6.2,4.93,3.02,63.0,6.7
scaler,GC,3.28,2.42,13.14,Platform,Behaviour Interactive,Global Star Software,2004.0,6.73,7.75,8.87,7.6,6.73,69.33333333333333,7.566666666666666
scanner sombre,PC,3.47,1.5,2.13,Adventure,Introversion Software,Introversion Software,2017.0,1.85,2.13,2.62,2.03,1.85,67.0,6.9
scarface: money. power. respect.,PSP,2.74,3.23,25.79,"Strategy, Turn-Based",FarSight Studios,Sierra Entertainment,2006.0,9.58,13.42,20.95,9.58,9.58,58.0,3.0
scarface: the world is yours,PC,3.64,3.03,32.47,"Action, Adventure",Radical Entertainment,Vivendi Universal Games,2006.0,16.32,23.47,28.12,22.1,16.32,73.75,8.35
scarlet nexus,PC,3.63,2.88,39.57,"Action, Role-Playing",Bandai Namco Studios,Bandai Namco Entertainment,2021.0,25.38,37.15,61.8,36.47,25.38,78.75,7.875
scene it? box office smash,X360,3.64,2.79,19.02,Trivia,Unknown,Microsoft Game Studios,2008.0,2.03,4.5,20.95,2.95,2.03,76.0,7.4
scene it? bright lights! big screen!,WII,3.46,2.5,14.86,Trivia,Artificial Mind and Movement,Warner Bros. Interactive Entertainment,2009.0,2.0,7.0,20.95,4.5,2.0,54.333333333333336,5.949999999999999
"scene it? lights, camera, action",X360,3.62,2.69,12.89,Game Show,Unknown,Microsoft Game Studios,2007.0,2.38,3.78,11.0,4.92,2.38,73.0,7.8
scooby-doo! mystery mayhem,GBA,2.99,2.77,11.7,Adventure,A2M,THQ,2003.0,5.48,9.6,20.95,5.77,5.48,55.0,7.366666666666667
scooby-doo! night of 100 frights,XBOX,3.43,2.5,19.56,Platform,Heavy Iron Studios,THQ,2002.0,7.3,9.32,10.28,8.65,7.3,67.66666666666667,7.6000000000000005
scooby-doo! unmasked,GBA,2.91,2.44,11.43,Platform,A2M,Unknown,2005.0,5.37,8.27,6.72,6.33,5.37,62.333333333333336,7.6
scorn,XBSX,3.08,3.64,8.92,"Adventure, First-Person, Horror",Ebb Software,Ebb Software,2022.0,5.48,6.25,6.43,5.98,5.48,67.0,6.8
scott pilgrim vs. the world: the game,PS3,4.01,3.23,13.52,Beat Em Up,Unknown,Unknown,2010.0,4.55,8.5,13.27,6.92,4.55,75.0,7.7
scott pilgrim vs. the world: the game - complete edition,PS4,3.83,3.52,13.58,Beat Em Up,Ubisoft,Ubisoft,2021.0,5.08,6.72,19.92,6.48,5.08,76.75,6.725
scourge: outbreak,X360,2.53,3.13,8,"Action, Adventure, Shooter",Tragnarion Studios,UFO Interactive Games,2013.0,6.05,7.23,10.7,6.88,6.05,40.0,6.7
scrap garden,PC,3.07,2.8,4.4,"Action, Adventure",Unknown,Flazm,2016.0,2.32,2.45,3.55,2.73,2.32,58.0,6.9
scrap metal,X360,2.67,3.33,6.4,Car Combat,Slick Entertainment,Microsoft Studios,2010.0,7.55,13.42,20.95,7.55,7.55,63.0,7.9
scrapland,XBOX,3.51,3.05,22.44,"Action, Adventure, Third-Person, Vehicular Combat",Mercury Steam Entertainment,Enlight Software,2004.0,14.52,17.15,15.95,16.03,14.52,72.5,7.6
scratches,PC,3.57,3.7,14.32,Adventure,Nucleosys,Got Game Entertainment,2006.0,6.52,7.55,10.1,7.8,6.52,67.0,7.8
scribblenauts,DS,3.69,2.84,22.59,Unknown,5th Cell,Unknown,2009.0,7.83,14.6,17.07,11.27,7.83,79.0,7.6
scribblenauts showdown,NS,3.35,2.0,29.83,Unknown,Shiver Entertainment,Warner Bros. Interactive Entertainment,2018.0,10.0,4.0,11.52,9.25,10.0,59.0,5.650000000000001
scribblenauts unlimited,3DS,3.75,2.51,25.85,"Action, Puzzle",5th Cell,Warner Bros. Interactive Entertainment,2012.0,7.48,10.92,14.03,11.38,7.48,73.66666666666667,7.633333333333334
scribblenauts unmasked: a dc comics adventure,PC,3.55,2.43,26.65,"Action, Puzzle",5th Cell,Warner Bros. Interactive Entertainment,2013.0,6.75,8.42,12.47,9.68,6.75,69.0,6.3
scurge: hive,DS,3.4,3.41,12.87,"Action, Adventure",Orbital Media,SouthPeak Interactive,2006.0,10.88,10.0,13.35,11.08,10.88,70.0,7.9
sd gundam battle alliance,XBSX,3.17,3.5,22.8,"Action, Real-Time, Role-Playing, Third-Person",ARTDINK,Bandai Namco Entertainment,2022.0,18.83,39.63,96.38,42.4,18.83,72.66666666666667,7.266666666666667
sd gundam g generation cross rays,PC,3.8,2.86,80.00+,Unknown,Unknown,Unknown,2019.0,114.62,161.18,214.68,165.42,114.62,71.0,7.7
sea of solitude,PC,2.5,1.88,2.81,Adventure,Jo-Mei,Electronic Arts,2019.0,3.27,3.88,5.78,3.87,3.27,68.33333333333333,6.366666666666666
sea of thieves,XONE,3.1,2.72,55.94,"Action, Adventure, First-Person, Open World",Rare,Microsoft Studios,2018.0,8.2,13.42,20.95,11.25,8.2,68.0,5.05
sea trader: rise of taipan,GBA,2.64,2.08,10.91,"Strategy/Tactical, Turn-Based",Jaleco Entertainment,Jaleco Entertainment,2002.0,2.5,13.42,20.95,2.5,2.5,68.0,7.333333333333333
seaman,DC,3.53,2.67,32.22,Simulation,Unknown,Sega,2000.0,8.53,6.6,25.0,10.95,8.53,82.0,8.5
seasons after fall,PC,3.18,2.39,7.16,"Adventure, Platform",Swing Swing Submarine,Focus Home Interactive,2016.0,6.08,6.57,7.9,7.18,6.08,69.5,6.949999999999999
second sight,PS2,3.46,3.11,17.17,"Action, Adventure",Free Radical Design,Codemasters,2004.0,9.02,12.57,14.02,10.6,9.02,75.25,7.85
secret agent clank,PS2,3.51,2.96,25.63,Platform,Unknown,SCEA,2008.0,7.47,9.38,12.27,8.77,7.47,66.5,6.9
secret files 2: puritas cordis,PC,3.74,2.92,15.09,"Adventure, Point-And-Click",Unknown,Deep Silver,2009.0,9.2,10.6,10.57,9.77,9.2,64.0,6.900000000000001
secret files 3,PC,3.15,2.5,8,Adventure,Animation Arts Creative,Deep Silver,2012.0,5.28,5.8,8.4,5.95,5.28,67.0,6.0
secret files: tunguska,WII,3.52,2.91,18.44,Adventure,Unknown,Unknown,2006.0,9.27,11.57,12.58,10.55,9.27,65.5,7.550000000000001
section 8: prejudice,PC,3.34,2.93,9.6,First-Person Shooter,TimeGate Studios,TimeGate Studios,2011.0,4.42,6.0,7.6,4.82,4.42,74.33333333333333,7.666666666666667
sega genesis collection,PS2,3.84,3.09,46.17,Unknown,Digital Eclipse Software Inc.,Sega,2006.0,16.0,13.42,15.0,15.67,16.0,82.0,8.35
sega gt,DC,3.45,3.43,31.93,"Driving, Racing",Unknown,Unknown,2000.0,12.17,15.5,10.6,12.6,12.17,84.0,7.9
sega gt 2002,XBOX,3.49,3.34,26.5,"Driving, Racing",Wow Entertainment,Sega,2002.0,24.42,76.23,20.95,50.32,24.42,82.0,8.0
sega rally championship,GBA,2.98,3.63,12.59,"Driving, Racing",AM5,Sega,1994.0,0.97,4.87,7.18,2.27,0.97,59.0,7.333333333333333
sega rally online arcade,PS3,3.59,3.52,14.7,"Driving, Racing",Sumo Digital,Sega,2011.0,0.42,13.42,4.55,2.9,0.42,70.0,5.6
sega rally revo,PSP,3.43,3.43,17.57,"Driving, Racing",SEGA Racing Studio,Sega,2007.0,8.53,9.3,19.42,10.3,8.53,75.0,7.325
sega superstars,PS2,3.25,2.75,19.33,Party,Sonic Team,Sega,2004.0,2.25,13.42,20.95,2.25,2.25,72.0,7.0
sega superstars tennis,X360,3.23,3.0,17.6,Sports,Sumo Digital,Sega,2008.0,7.62,8.75,11.02,8.7,7.62,68.0,7.64
sekiro: shadows die twice,XONE,4.04,4.32,59.69,"Action, Adventure, Third-Person",FromSoftware,Activision,2019.0,30.32,44.58,71.88,48.63,30.32,89.66666666666667,8.666666666666666
semblance,PC,3.75,3.59,8.17,Platform,Nyamakop,Good Shepherd Entertainment,2018.0,4.12,4.7,5.12,4.65,4.12,76.5,6.65
semispheres,VITA,3.45,3.1,17.75,Puzzle,Vivid Helix,Vivid Helix,2017.0,2.1,2.23,2.33,2.2,2.1,72.0,7.0
sengoku basara: samurai heroes,PS3,4.11,2.9,55.9,"Action, Adventure, Hack And Slash",Capcom,Capcom,2010.0,11.43,62.63,120.27,40.07,11.43,63.0,8.45
senran kagura 2: deep crimson,3DS,3.79,3.07,31.82,"Action, Scrolling",Tamsoft,Marvelous Entertainment,2015.0,11.67,18.32,28.23,15.95,11.67,58.0,6.6
senran kagura burst,3DS,3.82,2.87,37.08,"Action, Scrolling",Tamsoft,XSEED Games,2013.0,15.17,22.45,81.48,25.68,15.17,62.0,7.2
senran kagura burst re:newal,PC,2.77,2.48,27.69,"Action, Beat Em Up, Fighting, Hack And Slash, Real-Time, Third-Person",HONEY∞PARADE GAMES,Marvelous Entertainment,2019.0,16.1,22.88,32.07,25.18,16.1,65.0,5.2
senran kagura reflexions,PC,2.15,1.7,33.11,Adventure,Honey Parade Games,XSEED Games,2018.0,2.62,2.83,5.55,4.0,2.62,39.0,7.7
senran kagura: estival versus,PC,2.56,2.53,24.83,"Action, Hack And Slash, Third-Person",Marvelous,Xseed Games,2016.0,15.85,33.07,42.6,31.03,15.85,69.0,7.550000000000001
senran kagura: peach beach splash,PC,2.47,2.39,27.44,"Shooter, Third-Person",Tamsoft,Unknown,2017.0,13.12,21.62,50.73,24.32,13.12,70.0,7.3
septerra core: legacy of the creator,PC,3.84,3.2,55.11,"Adventure, Role-Playing",Valkyrie Studios,Monolith Productions,1999.0,48.53,54.55,58.6,54.43,48.53,70.0,7.8
serial cleaner,PC,3.15,3.15,8.56,Action,iFun4all,iFun4all,2016.0,4.78,6.98,9.42,6.82,4.78,66.33333333333333,7.166666666666667
serious sam 4,PC,3.51,3.22,18.59,"First-Person, Shooter",Croteam,Devolver Digital,2020.0,9.5,14.15,20.55,13.6,9.5,68.0,7.1
serious sam advance,GBA,2.05,3.92,8.9,Action,Climax Group,Global Star Software,2004.0,2.6,13.42,20.95,2.6,2.6,51.0,7.5
serious sam hd: the first encounter,PC,3.71,3.38,14.31,Action,Croteam,Devolver Digital,2009.0,6.4,8.82,19.33,7.68,6.4,68.5,8.25
serious sam hd: the second encounter,PC,3.78,3.36,17.35,"First-Person, Shooter",Croteam,Devolver Digital,2010.0,7.82,12.85,22.23,10.35,7.82,74.0,7.699999999999999
serious sam: next encounter,PS2,3.45,3.37,21.4,"First-Person, Shooter",Climax Group,Global Star Software,2004.0,12.0,19.58,20.95,13.33,12.0,67.0,8.25
serious sam: siberian mayhem,PC,3.81,3.54,9.33,"First-Person, Shooter",Unknown,Devolver Digital,2022.0,4.57,6.6,20.03,6.03,4.57,70.0,8.2
serious sam: the first encounter,PC,3.82,3.32,18.55,"First-Person, Shooter, Third-Person",Croteam,Gathering of Developers,2001.0,6.58,8.58,14.82,7.85,6.58,87.0,8.4
serious sam: the random encounter,PC,2.7,3.43,2.88,"Action, Indie, Role-Playing",Vlambeer,Devolver Digital and Croteam,2011.0,1.68,1.88,2.25,1.78,1.68,64.0,6.1
serious sam: the second encounter,PC,3.97,3.32,21.43,"First-Person, Shooter",Croteam,Gathering of Developers,2002.0,8.27,13.52,15.73,11.08,8.27,85.0,8.6
sesame street: once upon a monster,X360,3.3,2.46,10.56,"Adventure, Educational",Double Fine Productions,Warner Bros. Interactive Entertainment,2011.0,4.83,13.42,20.95,4.83,4.83,79.0,6.9
seven pirates h,NS,4.0,2.38,22.18,Role-Playing,Felistella,Compile Heart,2016.0,10.83,15.23,22.0,14.32,10.83,64.0,8.0
seven samurai 20xx,PS2,3.04,3.24,14.89,Hack And Slash,Unknown,Sammy,2004.0,7.1,5.8,20.95,6.45,7.1,52.0,7.0
seven: the days long gone,PC,3.62,3.38,26.4,"Action, Open World, Role-Playing",Unknown,IMGN.PRO,2017.0,11.67,35.88,80.53,50.35,11.67,68.0,7.2
severed steel,PC,3.5,3.44,3.06,"First-Person, Shooter",Greylock Studio,Digerati,2021.0,3.17,6.95,22.38,4.85,3.17,75.5,6.4
shade: wrath of angels,PC,3.35,3.57,13.71,"Action, Adventure",Black Element Software,Unknown,2004.0,8.63,8.35,11.45,9.65,8.63,50.0,7.6
shadow blade: reload,PC,4.0,3.5,9.2,Action,Dead Mage,Dead Mage,2015.0,3.62,5.13,23.55,6.68,3.62,70.0,7.9
shadow complex,X360,4.25,2.98,13.92,"Platform, Scrolling",Unknown,Microsoft Game Studios,2009.0,5.27,7.95,12.67,7.73,5.27,88.0,8.7
shadow hearts,PS2,3.87,3.09,44.47,"Role-Playing, Turn-Based",Sacnoth,Unknown,2001.0,25.18,31.48,38.53,30.68,25.18,73.0,8.6
shadow hearts: covenant,PS2,4.03,3.0,57.5,Role-Playing,Nautilus,Unknown,2004.0,39.37,53.42,71.45,50.8,39.37,85.0,8.8
shadow hearts: from the new world,PS2,3.83,3.1,52.26,Role-Playing,Nautilus,Unknown,2006.0,38.92,47.13,70.57,49.83,38.92,76.0,8.2
shadow man: 2econd coming,PS2,2.98,3.08,19.64,"Action, Adventure",Acclaim Studios Teesside,Acclaim Entertainment,2002.0,13.32,9.0,16.43,13.02,13.32,68.0,7.9
shadow of rome,PS2,3.97,3.65,29.48,"Action, Driving, Fighting, Racing, Stealth",Capcom Production Studio 2,Capcom,2005.0,19.55,18.52,37.5,20.65,19.55,75.0,8.5
shadow of the tomb raider,PC,3.6,2.71,26.37,"Action, Adventure, Platform, Puzzle, Shooter, Third-Person",Unknown,Square Enix,2018.0,12.92,23.72,39.72,22.63,12.92,78.0,7.3999999999999995
shadow ops: red mercury,PC,3.08,3.0,15.27,"First-Person, Shooter",Zombie Studios,Atari,2004.0,5.78,9.4,18.47,7.72,5.78,61.0,5.75
shadow tactics: blades of the shogun,PS4,3.91,3.97,32,"Isometric, Real-Time, Stealth, Strategy/Tactical",Mimimi Productions,Daedalic Entertainment,2016.0,24.78,31.0,58.98,29.47,24.78,85.0,8.4
shadow tactics: blades of the shogun - aiko's choice,PC,3.86,3.27,10.59,"Isometric, Real-Time, Stealth, Strategy/Tactical",Mimimi Games,Daedalic Entertainmenmt,2021.0,7.4,10.98,14.15,9.4,7.4,83.0,8.5
shadow the hedgehog,GC,3.18,2.98,24.71,"Platform, Shooter, Third-Person",Sonic Team,Sega,2005.0,5.03,13.05,40.0,13.18,5.03,48.333333333333336,6.1000000000000005
shadow warrior 2,PC,3.55,2.99,22.14,"First-Person, Shooter",Flying Wild Hog,Devolver Digital,2016.0,7.73,16.8,26.47,15.93,7.73,76.0,7.199999999999999
shadow warrior 3,PS4,2.88,3.47,10.7,"First-Person, Shooter",Flying Wild Hog,Devolver DIgital,2022.0,5.67,7.07,9.4,6.78,5.67,70.0,6.433333333333334
shadowgrounds,PC,3.18,3.0,11.53,Action,Frozenbyte,Frozenbyte,2005.0,6.32,6.88,7.3,6.53,6.32,74.0,7.0
shadowgrounds survivor,PC,3.12,2.68,7.47,Shooter,Frozenbyte,Frozenbyte,2007.0,4.05,4.58,6.43,4.32,4.05,79.0,7.5
shadowrun chronicles: boston lockdown,PC,3.25,3.59,40.18,"Role-Playing, Strategy, Turn-Based",Cliffhanger Productions,Cliffhanger Productions,2015.0,23.0,38.23,143.65,66.17,23.0,61.0,7.0
shadowrun returns,PC,3.61,2.93,19.24,"Isometric, Role-Playing, Strategy/Tactical, Turn-Based",Harebrained Schemes,Harebrained Holdings,2013.0,11.72,14.97,18.55,14.53,11.72,76.0,7.4
shadows of adam,NS,3.54,3.18,14.67,Role-Playing,Something Classic Games,Something Classic Games,2017.0,12.08,13.82,19.17,14.2,12.08,78.0,6.9
shadows of the damned,X360,3.83,3.03,14.09,"Action, Third-Person",Grasshopper Manufacture,Electronic Arts,2011.0,8.75,9.82,19.5,9.57,8.75,76.5,8.15
shadows: awakening,PC,3.5,3.17,33.33,"Action, Role-Playing",Games Farm,Kalypso Media Digital,2018.0,21.87,32.32,29.1,29.32,21.87,74.5,6.4
shadows: heretic kingdoms,PC,3.25,2.87,25,Role-Playing,Games Farm,bitComposer Games,2014.0,7.67,14.13,22.32,13.85,7.67,74.0,7.0
shadowverse: champion's battle,NS,4.33,3.53,77,Turn-Based,Cygames,XSEED Games,2021.0,27.0,73.62,127.08,70.15,27.0,82.0,8.0
shadwen,PC,3.0,2.64,7.45,"Action, Adventure",Frozenbyte,Frozenbyte,2016.0,6.13,7.97,15.3,9.25,6.13,52.0,5.95
shady part of me,PC,3.75,3.0,9.33,"Platform, Puzzle",Douze Dixièmes,Focus Home Interactive,2020.0,5.32,6.02,6.65,5.88,5.32,78.0,6.35
shaman king: master of spirits 2,GBA,3.67,3.17,20.77,Adventure,Konami,Konami,2005.0,5.13,4.25,20.95,5.02,5.13,72.0,8.5
shaman king: power of spirit,PS2,3.32,3.02,18.85,"Adventure, Strategy",WinkySoft,Konami,2004.0,8.83,13.42,20.95,8.83,8.83,54.0,8.3
shank,PC,3.36,3.1,5.69,Beat Em Up,Klei Entertainment,Electronic Arts,2010.0,3.17,4.55,9.87,3.87,3.17,71.0,6.9
shank 2,PC,3.25,3.26,6.93,Beat Em Up,Klei Entertainment,Electronic Arts,2012.0,4.0,6.67,18.22,5.48,4.0,75.33333333333333,6.366666666666667
shantae,NS,3.73,3.58,14.93,Platform,WayForward Technologies,Capcom,2002.0,8.6,10.52,12.05,10.1,8.6,74.0,7.7
shantae and the pirate's curse,FIRE,2.54,3.5,18,Platform,Unknown,Unknown,2014.0,8.15,9.92,10.67,9.72,8.15,81.4,8.18
shantae and the seven sirens,PC,3.94,2.48,11.75,"Action, Adventure, Platform",WayForward,WayForward,2020.0,8.12,9.87,14.23,9.95,8.12,76.25,6.075
shantae: half-genie hero,PC,3.88,2.75,14.21,"Action, Adventure, Platform, Scrolling, Third-Person",Unknown,Unknown,2016.0,6.58,7.8,8.27,7.6,6.58,81.0,7.833333333333333
shantae: half-genie hero - ultimate edition,XONE,4.0,2.88,25.14,"Action, Platform",WayForward,WayForward,2018.0,7.42,10.15,11.33,9.47,7.42,84.0,7.9
shantae: risky's revenge,IOS,3.82,3.16,9.42,Platform,WayForward Technologies,WayForward Technologies,2010.0,5.4,7.13,7.52,6.43,5.4,85.0,7.7
shantae: risky's revenge - director's cut,NS,3.81,3.14,11.06,"Action, Adventure, Platform, Scrolling, Side",WayForward Technologies,WayForward Technologies,2014.0,5.2,6.25,8.22,6.2,5.2,74.0,7.2
shape of the world,NS,3.79,2.26,3.03,Adventure,Hollow Tree Games,Plug In Digital,2018.0,1.27,2.83,6.1,2.07,1.27,69.5,7.4
shaq fu: a legend reborn,PS4,3.08,3.37,7.17,Action,Big Deez Productions,Mad Dog Games,2018.0,3.08,3.38,4.83,3.33,3.08,46.333333333333336,5.866666666666667
shardlight,PC,3.73,2.84,7.33,"Adventure, Role-Playing",Wadjet Eye Games,Wadjet Eye Games,2016.0,6.95,7.55,7.93,7.38,6.95,75.0,6.8
shaun palmer's pro snowboarder,GBA,2.36,3.71,19.85,Sports,Unknown,Activision,2001.0,11.87,9.35,20.95,10.6,11.87,61.0,8.6
shaun white skateboarding,PS3,2.88,2.23,14.4,Extreme Sports,Ubisoft Montreal,Ubisoft,2010.0,8.98,10.67,20.95,9.55,8.98,61.0,5.9
shaun white snowboarding,PS3,3.02,3.04,19,Sports,Ubisoft Montreal,Ubisoft,2008.0,2.0,3.0,21.75,7.78,2.0,61.0,6.3999999999999995
shaun white snowboarding: road trip,WII,3.47,3.25,16.5,Sports,Ubisoft Montreal,Ubisoft,2008.0,2.83,13.42,20.95,2.83,2.83,78.0,8.7
she remembered caterpillars,PC,3.36,4.0,4,"Point-And-Click, Puzzle",Jumpsuit Entertainment,Unknown,2017.0,4.28,3.98,5.53,4.9,4.28,79.0,6.5
shelter,PC,3.68,2.19,2.74,"Adventure, Third-Person",Might and Delight,Might and Delight,2013.0,1.42,1.9,2.42,1.62,1.42,69.0,7.1
shelter 2,PC,3.74,2.31,4.46,"Adventure, Open World, Third-Person",Might and Delight,Devolver Digital,2015.0,1.97,3.95,13.03,3.42,1.97,58.0,6.9
shelter generations,NS,3.95,2.29,5.28,Adventure,Might and Delight,CIRCLE Entertainment,2018.0,8.2,3.75,7.0,4.4,8.2,60.0,6.0
sheltered,PC,3.48,3.91,23.33,"Strategy, Survival",Unicube,Team17,2015.0,21.48,31.37,34.92,31.87,21.48,64.33333333333333,5.8
shenmue i & ii,PS4,4.11,3.02,54.17,"Adventure, Compilation, Open World",D3t,Sega,2018.0,35.33,44.73,49.95,43.47,35.33,74.33333333333333,8.0
shenmue ii,XBOX,4.28,3.1,40.08,Adventure,Unknown,Unknown,2001.0,23.25,28.6,30.37,25.95,23.25,84.0,9.0
shenmue iii,PC,3.24,2.83,45.48,"Action, Adventure",Ys Net,Ys Net,2019.0,24.28,36.08,59.92,34.15,24.28,68.0,6.9
sherlock holmes and the mystery of osborne house,DS,3.0,2.91,10.22,Adventure,Frogwares,Focus Home Interactive,2011.0,3.97,13.42,20.95,3.97,3.97,48.0,7.333333333333333
sherlock holmes: chapter one,PC,3.17,3.14,24.67,"Adventure, First-Person",Frogwares,Frogwares,2021.0,12.88,22.88,29.85,24.1,12.88,73.66666666666667,7.066666666666666
sherlock holmes: nemesis,PC,3.56,3.67,13.81,Adventure,Frogwares,Focus Home Interactive,2008.0,9.88,12.93,11.98,10.75,9.88,71.0,7.1
sherlock holmes: the devil's daughter,PS4,3.46,2.89,14.3,"Action, Adventure",Frogwares,Bigben Interactive,2016.0,10.33,11.8,12.62,11.78,10.33,67.33333333333333,6.7
sherlock holmes: the mystery of the mummy,PC,2.9,3.75,8,Adventure,Frogwares,Focus Home Interactive,2002.0,5.5,4.72,5.5,5.48,5.5,59.0,4.45
sherlock holmes: the silver earring,PC,3.02,3.21,8.74,"Adventure, Point-And-Click",Frogwares,Unknown,2004.0,8.6,7.6,8.83,8.47,8.6,68.0,6.6
shift 2: unleashed,PS3,3.28,3.78,42.65,"Driving, Racing",Slightly Mad Studios,Electronic Arts,2011.0,19.72,35.75,46.85,28.98,19.72,82.33333333333333,6.466666666666667
shifters,PS2,2.66,3.0,10.86,Role-Playing,The 3DO Company,The 3DO Company,2002.0,7.0,13.42,20.95,7.0,7.0,37.0,5.9
shifting world,3DS,3.23,3.78,14.05,"Platform, Puzzle",Unknown,Aksys Games,2012.0,8.63,13.92,20.95,10.13,8.63,55.0,5.9
shiftlings,WIIU,3.63,2.86,16.67,"Action, Adventure",Rock Pocket Games,Sierra,2015.0,15.5,13.42,16.0,15.67,15.5,63.0,6.1
shin megami tensei iv,3DS,4.23,3.81,64.63,"Role-Playing, Turn-Based",Atlus,Atlus,2013.0,44.23,63.15,127.37,58.43,44.23,83.0,7.1
shin megami tensei iv: apocalypse,3DS,4.12,3.52,65.67,Role-Playing,Atlus,Atlus,2016.0,44.02,65.08,92.7,59.63,44.02,84.0,5.9
shin megami tensei v,NS,4.01,3.69,73.35,"Role-Playing, Third-Person, Turn-Based",Atlus,Unknown,2021.0,46.13,70.72,100.83,69.38,46.13,84.0,7.5
shin megami tensei: devil summoner - raidou kuzunoha vs. the soulless army,PS2,3.93,3.23,47.86,"Action, Real-Time, Role-Playing",Atlus,Unknown,2006.0,24.67,29.47,57.53,28.33,24.67,74.0,4.4
shin megami tensei: devil summoner - soul hackers,3DS,4.01,3.62,44.2,"First-Person, Role-Playing, Turn-Based",Atlus,Atlus,2013.0,28.97,37.35,57.73,32.97,28.97,74.0,5.0
shin megami tensei: devil summoner 2: raidou kuzunoha vs. king abaddon,PS2,4.07,3.12,57.07,"Action, Role-Playing",Atlus,Atlus,2009.0,33.05,48.6,68.48,43.83,33.05,79.0,4.5
shin megami tensei: devil survivor,DS,4.17,3.68,44.23,"Role-Playing, Tactical",Unknown,Atlus,2009.0,31.37,43.77,76.97,40.87,31.37,84.0,5.2
shin megami tensei: devil survivor 2,DS,4.28,3.66,46.87,Unknown,Atlus,Atlus,2012.0,33.63,41.8,126.15,43.42,33.63,79.0,4.6
shin megami tensei: devil survivor overclocked,3DS,4.19,3.72,59.27,"Role-Playing, Tactical",Atlus,Atlus,2011.0,43.83,57.77,134.33,56.42,43.83,78.0,5.4
shin megami tensei: digital devil saga,PS2,4.15,3.68,53.31,"Role-Playing, Third-Person, Turn-Based",Atlus Ghostlight,Unknown,2005.0,31.62,43.47,75.73,39.4,31.62,78.0,5.2
shin megami tensei: digital devil saga 2,PS2,4.15,3.65,51.33,"Role-Playing, Third-Person, Turn-Based",Atlus,Unknown,2005.0,31.6,43.55,59.27,36.7,31.6,82.0,4.7
shin megami tensei: persona,PSP,3.79,3.57,46.76,Role-Playing,Atlus,Atlus,2009.0,31.48,49.88,88.25,39.57,31.48,78.0,4.5
shin megami tensei: persona 3,PS2,4.29,3.36,73.61,"Role-Playing, Simulation, Turn-Based",Atlus,Unknown,2007.0,81.4,95.53,124.6,90.87,81.4,86.0,6.4
shin megami tensei: persona 3 fes,PS2,4.44,3.58,79.05,"Isometric, Role-Playing, Simulation, Third-Person, Turn-Based",Atlus,Atlus,2008.0,80.1,104.05,140.33,95.7,80.1,89.0,7.8
shin megami tensei: persona 3 portable,PSP,4.34,3.23,73.98,"Role-Playing, Simulation, Turn-Based, Visual Novel",Atlus,Atlus,2010.0,64.2,82.43,125.07,78.25,64.2,89.0,7.6
shin megami tensei: persona 4,PS2,4.54,3.26,76.06,"Role-Playing, Simulation, Turn-Based",Atlus,Unknown,2008.0,72.9,85.83,122.42,82.52,72.9,90.0,7.8
shin megami tensei: strange journey,DS,3.77,3.85,62.43,"First-Person, Role-Playing, Turn-Based",Unknown,Atlus,2010.0,53.02,74.27,115.88,70.03,53.02,80.0,5.4
shin megami tensei: strange journey redux,3DS,4.15,3.76,71.74,"First-Person, Role-Playing, Turn-Based",Unknown,Atlus,2018.0,48.23,76.1,108.18,69.8,48.23,80.0,5.3
shin-chan: me and the professor on summer vacation - the endless seven-day journey,NS,4.0,3.0,24.67,"Adventure, Third-Person",Millennium Kitchen,Neos,2022.0,10.08,12.07,16.73,11.77,10.08,79.0,6.1
shiness: the lightning kingdom,PC,3.2,2.92,22.36,"Action, Role-Playing",Enigami,Focus Home Interactive,2016.0,18.6,22.48,48.3,22.4,18.6,67.33333333333333,7.066666666666666
shining force exa,PS2,3.86,3.28,52.72,"Action, Role-Playing",Neverland,Sega,2007.0,39.62,49.78,20.95,46.67,39.62,64.0,7.8
shining force neo,PS2,3.43,3.18,50.77,Action Role-Playing,Neverland / Amusement Vision,Sega,2005.0,77.08,53.77,97.68,71.6,77.08,69.0,8.3
shining force: resurrection of the dark dragon,GBA,3.98,2.96,30.15,Role-Playing,Unknown,Unknown,2004.0,19.53,24.45,34.5,22.9,19.53,77.0,8.6
shining resonance refrain,PC,3.44,3.14,60.11,"Action, Real-Time, Role-Playing, Third-Person",O-Two,Sega,2018.0,30.23,43.25,66.73,42.48,30.23,68.5,7.5
shining soul,GBA,3.21,3.01,21.96,"Action, Role-Playing",Unknown,Unknown,2003.0,8.97,11.78,19.7,10.18,8.97,58.0,8.2
shining soul ii,GBA,3.86,3.12,40.04,Action Rpg,Unknown,Unknown,2004.0,8.98,25.75,200.0,39.15,8.98,74.0,8.7
shining tears,PS2,3.43,3.06,42.42,Action Rpg,Unknown,Sega,2005.0,15.08,36.58,123.33,61.05,15.08,61.0,6.6
shinobido 2: revenge of zen,VITA,3.75,3.09,28.12,Action,Acquire,Namco Bandai Games,2012.0,8.57,12.23,23.6,14.07,8.57,55.0,6.6
shio,PC,3.75,4.43,6.86,Platform,Coconut Island Studio,Coconut Island Games,2017.0,3.63,11.0,20.95,5.1,3.63,73.0,5.0
shiren the wanderer,WII,3.74,3.88,59.25,Roguelike,ChunSoft,Unknown,2010.0,20.75,13.42,20.95,20.75,20.75,71.0,8.0
shiren the wanderer: the tower of fortune and the dice of fate,VITA,4.15,4.07,78.78,"Roguelike, Role-Playing",Chunsoft,Aksys,2016.0,25.78,43.35,500.0,49.2,25.78,79.0,8.3
shogo: mobile armor division,PC,3.61,3.26,14.45,First-Person Shooter,Monolith Productions,Unknown,1998.0,6.88,7.13,11.52,7.73,6.88,88.0,8.5
shogun: total war,PC,3.83,3.34,42.15,"Strategy/Tactical, Turn-Based",The Creative Assembly,Unknown,2000.0,17.53,24.33,50.0,21.05,17.53,84.0,8.3
shovel knight dig,NS,3.94,4.0,13.89,"Action, Roguelike",Unknown,Yacht Club Games,2022.0,4.97,12.85,26.83,6.93,4.97,83.0,7.3
showdown: legends of wrestling,PS2,3.04,3.07,19.32,"Action, Arcade, Sports",Acclaim Studios Austin,Acclaim Entertainment,2004.0,7.5,13.42,20.95,7.5,7.5,56.0,6.0
shox,PS2,4.05,3.32,37,"Driving, Racing, Real-Time",Electronic Arts,Electronic Arts,2002.0,4.17,12.0,20.95,8.08,4.17,78.0,6.4
shrek,XBOX,2.76,2.85,16.67,Platform,Digital Illusions CE,Unknown,2001.0,4.0,13.42,20.95,4.0,4.0,49.0,5.0
shrek 2,XBOX,3.07,2.31,15.78,"Action, Adventure",Various,Unknown,2004.0,5.1,7.1,10.03,6.48,5.1,68.0,5.92
shrek: hassle at the castle,GBA,3.29,2.7,13.07,Fighting,Tose,TDK Mediactive,2002.0,1.95,13.42,20.95,1.95,1.95,71.0,7.8
shrek: reekin' havoc,GBA,2.94,2.0,16.27,Platform,TOSE,TDK Mediactive,2003.0,2.38,13.42,20.95,2.38,2.38,57.0,7.333333333333333
shu,PC,3.5,2.86,3.71,"Action, Adventure",Coatsink,Coatsink,2016.0,3.1,3.98,11.37,3.75,3.1,74.5,6.9
sid meier's ace patrol,PC,3.45,2.74,27.82,"Flight, Strategy/Tactical, Turn-Based",Firaxis Games,2K Sports,2013.0,3.73,9.5,20.27,7.48,3.73,71.0,6.7
sid meier's alpha centauri,PC,4.31,3.28,55.84,"Strategy/Tactical, Turn-Based",Firaxis Games,Unknown,1999.0,25.6,37.95,158.67,39.52,25.6,92.0,8.7
sid meier's civilization ii,MAC,3.97,2.86,62.1,"Strategy/Tactical, Turn-Based",MicroProse,MicroProse,1996.0,22.4,98.6,69.22,38.83,22.4,94.0,8.7
sid meier's civilization iii,MAC,3.35,3.17,63.6,"Strategy/Tactical, Turn-Based",Unknown,Unknown,2001.0,25.2,37.6,69.0,34.55,25.2,90.0,8.3
sid meier's civilization iv,MAC,3.97,3.2,33.08,Unknown,Firaxis Games,2K Games & Aspyr,2005.0,15.42,51.9,166.98,40.05,15.42,94.0,8.2
sid meier's civilization v,LNX,3.97,3.36,72.86,"Strategy/Tactical, Turn-Based",Firaxis Games,2K Games,2010.0,47.45,146.38,521.55,138.2,47.45,90.0,8.0
sid meier's railroads!,PC,3.67,2.75,54.93,Simulation,Firaxis Games,2K Games,2006.0,15.07,13.42,20.95,15.07,15.07,77.0,5.7
sid meier's simgolf,PC,4.1,2.74,45.5,Simulation,Firaxis Games,Electronic Arts,2002.0,5.83,13.42,20.95,5.83,5.83,84.0,7.6
sid meier's starships,PC,3.18,2.8,8.33,"Strategy, Turn-Based",Firaxis Games,2K Games,2015.0,5.87,19.5,20.95,8.6,5.87,64.0,4.4
sideway: new york,PC,3.25,2.88,7.06,"Adventure, Platform",Playbrains,Sony Computer Entertainment,2011.0,4.03,4.07,8.42,4.33,4.03,73.0,6.9
siesta fiesta,3DS,3.88,2.88,26,"Action, Arcade, On-Rails, Third-Person",Mojo Bones,Mojo Bones,2014.0,4.23,13.42,16.25,5.57,4.23,81.0,7.4
sigma star saga,GBA,3.62,3.12,20.39,Unknown,WayForward Technologies,Unknown,2005.0,12.65,13.53,21.2,13.72,12.65,68.0,8.7
signalis,NS,3.83,3.67,11.33,"Action, Horror, Puzzle, Survival, Top-Down",rose-engine,Unknown,2022.0,9.35,11.2,14.35,10.4,9.35,81.0,7.8999999999999995
signs of the sojourner,PC,3.3,2.8,3.4,"Card Game, Role-Playing",Echodog Games,Echodog Games,2020.0,4.1,6.95,14.5,4.97,4.1,78.5,5.199999999999999
silence of the sleep,PC,3.59,3.78,6.67,Adventure,Jesse Makkonen,Jesse Makkonen,2014.0,6.3,7.35,8.82,7.32,6.3,66.0,7.6
silence: the whispered world 2,PC,3.67,2.38,13.28,"Adventure, Point-And-Click",Daedalic Entertainment,Daedalic Entertainment,2016.0,5.55,6.5,11.13,6.87,5.55,70.5,7.45
silent hill,PS,4.28,3.32,16.77,"Horror, Survival, Third-Person",Konami,Konami,1999.0,7.1,8.25,15.27,7.77,7.1,86.0,8.8
silent hill 3,PC,4.1,3.27,17.81,"Horror, Real-Time, Survival, Third-Person",KCE Tokyo,Konami,2003.0,6.4,8.07,12.48,7.07,6.4,78.5,8.25
silent hill 4: the room,XBOX,3.62,3.47,19.26,"Horror, Survival, Third-Person",Team Silent,Konami,2004.0,9.22,10.28,13.92,9.82,9.22,73.0,7.866666666666666
silent hill hd collection,PS3,3.63,3.25,31.59,"Action, Adventure, Horror, Survival, Third-Person",Team Silent,Konami,2012.0,14.63,13.25,29.58,16.67,14.63,69.5,5.25
silent hill: book of memories,VITA,2.93,3.27,32.81,Hack And Slash,WayForward Technologies,Konami,2012.0,18.82,59.5,140.0,31.47,18.82,58.0,5.0
silent hill: downpour,X360,3.54,3.18,16.8,Survival Horror,Vatra Games,Konami Digital Entertainment,2012.0,9.18,12.72,16.83,11.42,9.18,66.0,7.1
silent hill: homecoming,PC,3.19,3.17,19.26,"Horror, Survival",Double Helix Games,Konami Digital Entertainment,2008.0,9.58,11.42,17.85,11.08,9.58,68.33333333333333,6.533333333333333
silent hill: origins,PS2,3.57,3.05,15.21,"Horror, Survival, Third-Person",Climax Studios,Konami Digital Entertainment,2007.0,6.0,6.93,7.32,6.28,6.0,74.0,7.5
silent hill: shattered memories,PS2,3.64,2.7,13.37,"First-Person, Horror, Survival, Third-Person",Climax Studios,Konami Digital Entertainment,2009.0,6.6,7.52,11.18,7.08,6.6,76.33333333333333,7.5
silent hunter iii,PC,4.24,3.95,79.38,Simulation,Ubisoft Romania,Ubisoft,2005.0,66.0,20.0,20.95,50.67,66.0,90.0,7.8
silent hunter: wolves of the pacific,PC,4.02,3.64,59,Submarine Simulator,Ubisoft Romania,Ubisoft,2007.0,84.05,35.0,20.95,67.7,84.05,79.0,7.1
silent scope,GBA,3.03,3.05,9,"On-Rails, Shooter",Konami,Konami,2000.0,0.32,3.17,0.92,0.67,0.32,63.0,7.05
silent scope 2: dark silhouette,PS2,3.13,2.88,12.89,"On-Rails, Shooter",Konami,Konami,2001.0,0.65,13.42,1.13,0.8,0.65,64.0,7.333333333333333
silent scope 3,PS2,3.23,3.17,17.14,"On-Rails, Shooter",Konami,Konami,2002.0,0.95,13.42,20.95,0.95,0.95,61.0,7.333333333333333
silent scope complete,XBOX,3.22,3.25,17.71,"On-Rails, Shooter",Konami,Konami,2004.0,2.0,13.42,20.95,2.0,2.0,69.0,7.4
silent storm,PC,4.21,3.76,66.09,"Role-Playing, Tactical, Turn-Based",Nival Interactive,Unknown,2004.0,44.1,35.95,49.03,41.48,44.1,83.0,8.2
silhouette mirage,PS,3.84,3.52,10.55,Action,Treasure,Unknown,1999.0,3.62,6.77,11.03,4.82,3.62,69.0,7.3
silpheed: the lost planet,PS2,3.44,3.78,10.05,"Scrolling, Shooter",Unknown,Working Designs,2001.0,2.52,13.42,20.95,2.52,2.52,72.0,7.7
silverfall,PC,2.83,3.17,22,Role-Playing,Monte Cristo,Monte Cristo,2007.0,18.75,24.65,20.95,22.68,18.75,62.0,6.4
simanimals,WII,3.08,2.5,17.2,Simulation,Electronic Arts,Electronic Arts,2009.0,11.0,13.5,13.62,13.2,11.0,64.0,5.199999999999999
simcity 2000,GBA,2.87,3.35,55.2,Simulation,Unknown,Unknown,1994.0,28.68,21.63,88.33,39.45,28.68,62.0,7.9
simcity 3000 unlimited,PC,4.14,3.17,66.83,City-Building,Maxis,Electronic Arts,2000.0,3.5,22.65,20.95,13.07,3.5,77.0,8.5
simcity 4,PC,3.89,3.37,70.3,"City-Building, Isometric, Management, Sandbox",Maxis,Unknown,2003.0,10.4,53.1,32.0,26.43,10.4,84.0,8.7
simcity creator,WII,3.5,2.85,46.59,City-Building,Hudson Soft,Electronic Arts,2008.0,36.48,13.42,20.95,36.48,36.48,68.0,6.9
simcity ds,DS,3.2,2.91,32.3,City-Building,Unknown,EA Games,2007.0,2.73,13.42,83.0,22.8,2.73,69.0,6.3
simcity societies,PC,3.09,2.13,30.92,City-Building,Tilted Mill Entertainment,Electronic Arts,2007.0,30.0,13.42,20.95,30.0,30.0,63.0,4.3
sin & punishment: star successor,WII,4.11,3.89,14.81,"On-Rails, Shooter",Treasure,Nintendo,2010.0,6.08,8.5,18.98,6.82,6.08,87.0,8.5
sin episodes: emergence,PC,3.48,2.98,10.17,"First-Person, Shooter",Ritual Entertainment,Valve Corporation,2006.0,3.32,4.0,5.08,3.67,3.32,75.0,8.1
sine mora,PS3,3.12,3.81,24.38,"Scrolling, Shooter",Unknown,Microsoft Studios,2012.0,2.78,2.98,20.95,2.82,2.78,83.66666666666667,7.333333333333333
sine mora ex,PS4,3.52,3.88,9.6,"Action, Shooter",Unknown,THQ Nordic,2017.0,2.7,5.37,27.5,4.0,2.7,77.0,7.3999999999999995
singles: flirt up your life,PC,2.28,2.64,19.5,Simulation,Rotobee,Deep Silver,2003.0,6.0,13.42,20.95,6.0,6.0,58.0,7.2
singstar '80s,PS2,3.47,3.0,48.86,Music/Rhythm,SCEE,SCEA,2005.0,4.0,13.42,20.95,4.0,4.0,78.0,7.8
singularity,PC,3.62,2.86,13.41,"First-Person, Shooter",Raven Software,Activision,2010.0,7.12,8.8,13.15,8.08,7.12,76.33333333333333,7.7333333333333325
sinking island,PC,3.25,3.15,10.55,Adventure,White Birds Productions,Micro,2007.0,9.08,10.0,9.73,9.25,9.08,68.0,6.9
sinner: sacrifice for redemption,PC,2.95,3.13,4.29,"Action, Role-Playing",Dark Star,Another Indie,2018.0,4.75,5.65,10.57,6.02,4.75,62.0,4.466666666666667
sins of a solar empire,PC,4.1,3.33,55.96,"Real-Time, Strategy/Tactical",Ironclad Games,Stardock,2008.0,8.2,57.5,19.38,44.78,8.2,87.0,8.3
sins of a solar empire: rebellion,PC,3.82,3.43,43.16,Unknown,Ironclad Games,Stardock,2012.0,11.03,56.28,53.68,34.3,11.03,82.0,7.9
"sir, you are being hunted",PC,3.22,3.54,7,"First-Person, Shooter",Big Robot,Big Robot,2014.0,3.98,5.57,6.12,4.43,3.98,63.0,6.5
siren,PS4,3.5,4.28,20.05,"Horror, Survival",SCE Japan Studio,Sony Computer Entertainment,2004.0,19.7,20.62,25.9,21.53,19.7,72.0,7.9
sixty second shooter prime,XONE,2.81,2.67,5.8,"Multidirectional, Shooter, Top-Down",Happion Laboratories,Happion Laboratories,2014.0,0.5,13.42,3.13,2.08,0.5,61.0,7.1
skate,PS3,3.77,3.2,34.24,Sports,EA Black Box,Electronic Arts,2007.0,11.22,20.32,42.67,18.3,11.22,85.5,8.25
skate 2,PS3,3.96,3.09,36.6,Sports,EA Black Box,Electronic Arts,2009.0,17.25,25.72,71.65,28.35,17.25,84.0,8.149999999999999
skate 3,PS3,3.97,3.06,46.45,Sports,EA Black Box,Electronic Arts,2010.0,10.6,28.08,40.9,23.73,10.6,80.0,8.2
skate it,WII,3.76,3.3,33.38,Sports,Unknown,Electronic Arts,2008.0,8.25,10.0,20.95,8.6,8.25,71.0,8.149999999999999
skater xl,PS4,3.45,3.89,80.00+,Sports,Easy Day Studios,Easy Day Studios,2018.0,13.37,247.0,20.95,91.23,13.37,58.0,5.0
skies of arcadia,DC,4.45,3.05,57.16,"First-Person, Role-Playing, Third-Person, Turn-Based",Overworks,Sega,2000.0,43.27,53.43,58.27,50.47,43.27,93.0,8.8
skies of arcadia legends,GC,4.31,3.04,62.38,Role-Playing,Overworks,Sega,2003.0,41.78,54.07,65.02,51.78,41.78,84.0,8.7
skies of fury dx,NS,3.97,3.92,16.89,Flight Combat,Seed Interactive,Illumination Games,2018.0,8.2,8.33,20.95,8.33,8.2,79.0,7.3
skulls of the shogun,X360,3.36,3.67,14.4,"Strategy, Turn-Based",17-BIT,Microsoft Studios,2013.0,9.95,16.03,30.93,13.28,9.95,81.0,8.0
sky force anniversary,PS4,3.69,3.16,16,Shooter,Infinite Dreams,Infinite Dreams,2015.0,8.4,13.3,20.55,11.9,8.4,72.0,7.05
sky force reloaded,NS,3.91,3.65,29.68,"Scrolling, Shooter",Infinite Dreams,Infinite Dreams,2017.0,16.42,27.45,55.93,27.9,16.42,78.0,7.5
sky odyssey,PS2,3.74,3.82,16.83,Simulation,Cross,Activision,2000.0,4.15,13.42,20.95,4.15,4.15,79.0,8.8
sky: children of the light,AND,3.33,2.0,22,"Adventure, Interactive Art, Role-Playing",ThatGameCompany,ThatGameCompany,2019.0,5.12,15.58,50.22,10.45,5.12,82.0,6.8
skydrift,PC,3.65,3.59,11.56,"Action, Driving, Racing",Digital Reality,Digital Reality,2011.0,3.63,5.63,10.12,5.0,3.63,76.5,6.300000000000001
skygunner,PS2,3.8,3.47,17.79,"Flight, Real-Time, Shooter, Third-Person",PixelArts,Unknown,2002.0,2.87,4.73,20.95,3.33,2.87,75.0,8.3
skyhill,PC,3.05,3.47,5.83,"Adventure, Role-Playing",Mandragora,Daedalic Entertainment,2015.0,3.83,6.98,20.63,8.3,3.83,63.0,5.8
skylanders: spyro's adventure,PC,2.45,2.42,52,Platform,Unknown,Activision,2011.0,9.78,22.12,24.03,17.02,9.78,79.5,5.4750000000000005
slain: back from hell,PS4,3.35,3.92,8.04,"Action, Hack And Slash, Platform, Puzzle, Scrolling, Side",Unknown,Digerati Distribution,2016.0,5.98,8.92,12.8,7.62,5.98,70.33333333333333,7.55
slay the spire,XONE,3.92,4.08,46.25,"Card Game, Roguelike",Mega Crit Games,Unknown,2019.0,13.23,52.8,196.95,49.77,13.23,87.33333333333333,7.633333333333333
sleeping dogs,PC,4.02,2.91,31.48,"Action, Shooter, Third-Person",Unknown,Unknown,2012.0,15.6,22.98,35.63,22.83,15.6,81.0,8.0
sleeping dogs: definitive edition,XONE,3.9,2.89,36.97,"Action, Adventure, Fighting, Open World, Third-Person",United Front Games,SQUARE ENIX,2014.0,14.65,24.23,42.43,25.65,14.65,76.0,8.15
slender: the arrival,NS,3.25,3.38,8.57,"First-Person, Horror",Blue Isle Studios,Blue Isle Studios,2013.0,2.18,3.08,7.7,3.28,2.18,62.5,6.3999999999999995
slime rancher,XONE,3.78,2.36,26.05,"Adventure, First-Person",Monomi Park,Monomi Park,2016.0,14.5,23.83,40.58,25.55,14.5,81.0,8.0
slime-san,NS,3.88,3.94,17.41,"Action, Adventure, Platform, Side",Fabraz,Headup Games,2017.0,8.97,19.52,48.0,15.82,8.97,82.0,8.1
sludge life,PC,3.26,2.19,4.08,"Action, First-Person, Open World",Terri Vellmann & Doseone,Devolver Digital,2020.0,2.3,3.17,4.38,3.43,2.3,73.0,7.4
sly 2: band of thieves,PS3,3.94,2.8,19.46,Stealth,Sucker Punch Productions,Sony Computer Entertainment,2004.0,14.93,16.37,17.33,16.58,14.93,88.0,9.0
sly 3: honor among thieves,PS3,4.02,2.86,26.22,Stealth,Sucker Punch Productions,Sony Computer Entertainment,2005.0,12.7,14.87,15.77,14.42,12.7,83.0,8.9
sly cooper and the thievius raccoonus,PS3,3.75,2.72,16.87,"Action, Stealth",Sucker Punch Productions,Sony Computer Entertainment,2002.0,6.68,7.45,8.72,7.6,6.68,86.0,8.6
sly cooper: thieves in time,VITA,3.81,2.74,24.25,"Platform, Stealth",Sanzaru Games,Sony Computer Entertainment,2013.0,13.18,16.97,25.92,17.6,13.18,75.0,8.1
small arms,X360,3.18,2.94,12.33,Fighting,Gastronaut Studios,Microsoft Game Studios,2006.0,1.82,2.5,20.95,2.32,1.82,73.0,7.3
small radios big televisions,PC,2.71,2.33,4,Adventure,Fire Face Corporation,Adult Swim Games,2016.0,1.87,2.07,2.2,2.08,1.87,64.5,4.9
smash cars,PS3,3.43,3.73,32.75,"Driving, Racing",Creat Studios,Unknown,2003.0,3.62,13.42,20.95,3.62,3.62,64.0,6.8999999999999995
smash court tennis pro tournament 2,PS2,3.9,3.14,54.19,Sports,Namco,Unknown,2004.0,10.15,10.8,30.0,14.25,10.15,74.0,8.6
smashing drive,XBOX,2.38,2.9,6.33,"Driving, Racing",Unknown,Namco,2002.0,0.7,13.42,20.95,0.7,0.7,44.5,5.2
smoke and sacrifice,PC,3.45,3.39,13.08,"Adventure, Role-Playing",Solar Sail Games,Curve Digital,2018.0,10.55,16.78,18.78,16.75,10.55,69.33333333333333,5.3999999999999995
smuggler's run: warzones,GC,3.63,3.62,37.85,"Driving, Racing",Rockstar San Diego,Rockstar Games,2002.0,7.47,13.42,20.95,7.47,7.47,79.0,7.2
snake pass,PC,3.38,3.77,11.75,Adventure,Sumo Digital,Sumo Digital,2017.0,5.55,8.6,12.8,8.88,5.55,71.5,6.8
sneak king,X360,2.48,2.31,10.1,"Adventure, Stealth",Blitz Games,King Games,2006.0,2.87,5.05,20.95,3.27,2.87,54.0,5.8
sneakers,XBOX,1.66,2.9,9,Puzzle,Media.Vision,Microsoft Studios,2002.0,4.0,13.42,20.95,4.0,4.0,28.0,3.4
sniper elite,PS2,3.38,3.42,17.52,"Shooter, Third-Person",Unknown,Unknown,2005.0,13.02,14.83,23.22,15.03,13.02,76.33333333333333,7.966666666666666
sniper elite 4,PC,3.67,3.04,23.65,"First-Person, Shooter, Third-Person",Rebellion,Rebellion,2017.0,10.93,18.9,50.53,17.63,10.93,78.75,7.9750000000000005
sniper elite 5,PC,3.73,3.55,26.75,"Action, Shooter, Strategy/Tactical, Third-Person",Rebellion,Rebellion,2022.0,11.13,21.75,42.83,19.73,11.13,77.66666666666667,6.4
sniper elite iii,PC,3.38,3.03,21.75,"Shooter, Stealth, Third-Person",Rebellion Oxford,Unknown,2014.0,9.23,14.93,31.63,13.22,9.23,67.0,7.033333333333333
sniper elite v2,PC,3.42,3.08,16.28,"Action, First-Person, Shooter, Stealth, Tactical, Third-Person",Rebellion Developments,Unknown,2012.0,7.32,12.7,28.53,9.7,7.32,67.66666666666667,6.833333333333333
sniper elite v2 remastered,PC,3.65,2.75,9.71,"Action, Shooter, Stealth, Third-Person",Rebellion,Rebellion,2019.0,6.35,9.38,26.93,8.92,6.35,65.25,6.125
sniper elite: nazi zombie army,PC,3.11,3.25,10.83,"First-Person, Shooter",Rebellion,Rebellion,2013.0,6.68,11.02,22.05,8.37,6.68,62.0,7.3
sniper elite: nazi zombie army 2,PC,3.35,3.5,11.69,"First-Person, Shooter, Tactical",Rebellion Developments,Rebellion Developments,2013.0,5.83,6.77,12.47,6.48,5.83,53.0,6.8
sniper ghost warrior contracts 2,PC,3.07,3.57,17.2,Shooter,CI Games,CI Games,2021.0,9.52,14.48,29.23,14.75,9.52,71.66666666666667,7.1000000000000005
sniper: art of victory,PC,2.11,2.9,4.2,"First-Person, Shooter",CI Games,CI Games,2008.0,2.5,3.27,2.77,2.6,2.5,36.0,3.5
sniper: ghost warrior,X360,2.79,3.35,14.44,"First-Person, Shooter",City Interactive,City Interactive,2010.0,5.3,7.3,14.93,6.73,5.3,51.0,5.733333333333333
sniper: ghost warrior 2,X360,2.75,2.68,9.68,"First-Person, Shooter",City Interactive,City Interactive,2013.0,5.25,7.45,12.17,6.37,5.25,52.0,5.9
sniper: ghost warrior 3,PC,3.25,2.94,25.54,"First-Person, Shooter",CI Games,CI Games,2017.0,12.22,20.8,35.18,21.6,12.22,57.0,6.533333333333333
snk arcade classics vol. 1,PS2,3.69,3.49,33.63,"Arcade, Compilation",Unknown,SNK,2008.0,22.5,13.42,20.95,22.5,22.5,70.0,7.75
snk gals' fighters,NS,4.17,3.33,17.14,"Fighting, Side",Yumekobo,Unknown,2000.0,0.57,1.2,1.85,0.73,0.57,73.0,7.1
snk heroines: tag team frenzy,NS,3.42,3.16,25.22,Fighting,SNK,NIS America,2018.0,1.07,7.82,20.35,5.45,1.07,60.0,6.3999999999999995
snoopy flying ace,X360,3.85,3.07,19.93,"Action, Flight Combat",Smart Bomb Interactive,Microsoft Game Studios,2010.0,2.5,3.0,20.95,2.62,2.5,80.0,8.7
snoopy vs. the red baron,PS2,3.64,3.13,19,"Action, Flight",Smart Bomb Interactive,Namco Bandai Games America,2006.0,5.2,7.5,20.95,5.58,5.2,74.5,8.1
snow bros. nick & tom special,NS,3.97,2.93,10.25,"Action, Platform",CRT Games,Daewon Media,2022.0,1.43,1.93,20.95,1.57,1.43,60.0,7.333333333333333
snowrunner,PC,3.56,3.85,47.2,"Driving, Racing, Simulation",Saber Interactive,Focus Home Interactive‬,2020.0,94.38,177.55,280.35,209.45,94.38,79.75,6.6499999999999995
so many me,XONE,3.23,3.64,20.15,Puzzle,Extend Studio,ORiGO GAMES,2014.0,8.73,12.07,13.75,12.57,8.73,78.0,7.1
socom 3: u.s. navy seals,PS2,3.76,3.14,28.24,Third-Person Shooter,Zipper Interactive,Sony Computer Entertainment,2005.0,7.43,11.05,20.95,7.68,7.43,82.0,8.9
socom ii: u.s. navy seals,PS2,3.84,3.41,32.48,Third-Person Shooter,Zipper Interactive and the U.S. Navy,Sony Computer Entertainment,2003.0,7.68,10.0,20.95,7.82,7.68,87.0,8.8
socom: u.s. navy seals,PS2,3.59,3.52,24.76,Third-Person Shooter,Zipper Interactive,Sony Computer Entertainment,2002.0,10.27,12.2,20.95,10.4,10.27,82.0,8.0
socom: u.s. navy seals fireteam bravo,PSP,3.77,3.38,33.54,"Shooter, Third-Person",Zipper Interactive,Sony Computer Entertainment,2005.0,6.7,13.42,20.95,6.7,6.7,82.0,8.1
socom: u.s. navy seals fireteam bravo 2,PSP,4.01,3.58,44.08,"Shooter, Third-Person",Zipper Interactive,Sony Computer Entertainment,2006.0,4.6,4.0,20.95,4.48,4.6,81.0,7.9
socom: u.s. navy seals fireteam bravo 3,PSP,4.26,3.58,50.81,Third-Person Shooter,Slant Six Games,Sony Computer Entertainment America,2010.0,4.7,13.42,20.95,4.7,4.7,74.0,8.0
socom: u.s. navy seals tactical strike,PSP,3.84,3.87,49.33,Unknown,Slant Six Games,Sony Computer Entertainment,2007.0,6.55,13.42,20.95,6.55,6.55,72.0,8.1
soda drinker pro,XONE,2.61,3.67,15.44,Simulation,Unknown,Unknown,2013.0,0.77,3.08,16.45,5.28,0.77,30.0,6.1
sokobond,PC,4.06,3.17,10.6,Puzzle,Unknown,Unknown,2014.0,7.75,10.07,9.23,8.82,7.75,82.0,7.6
sol: exodus,PC,3.45,3.83,6.8,Simulation,Seamless Entertainment,Seamless Entertainment,2012.0,2.72,13.42,20.95,2.72,2.72,57.0,6.5
solar 2,PC,3.49,3.09,5.68,"Casual, Indie",Murudai,Murudai,2011.0,2.72,5.43,15.67,5.23,2.72,72.0,6.900000000000001
solar ash,PC,3.06,2.29,8.57,"Action, Adventure",Heart Machine,Annapurna Interactive,2021.0,5.78,7.62,9.38,7.68,5.78,77.5,6.35
solarix,PC,3.0,3.0,11.2,"Action, First-Person, Shooter, Survival Horror",Pulsetense Games,KISS,2015.0,10.17,13.42,6.7,8.43,10.17,47.0,4.1
solasta: crown of the magister,PC,3.75,3.33,61.11,"Role-Playing, Turn-Based",Tactical Adventures,Tactical Adventures,2021.0,39.2,49.93,83.15,52.52,39.2,77.0,7.2
soldier of fortune ii: double helix,XBOX,3.34,3.12,17.09,"First-Person, Shooter",Unknown,Activision,2002.0,10.92,11.3,11.55,11.07,10.92,70.5,6.7
soldier of fortune: payback,PC,2.46,2.82,13.07,First-Person Shooter,Cauldron HQ,Activision,2007.0,3.67,6.0,4.07,3.93,3.67,48.333333333333336,5.199999999999999
soldiers: heroes of world war ii,PC,4.0,3.82,39.23,Real-Time Tactics,Best Way,Codemasters,2004.0,33.95,44.23,37.83,39.92,33.95,77.0,8.4
soldner-x 2: final prototype,VITA,3.92,4.22,35.38,Shooter,SideQuest Studios,EastAsiaSoft,2010.0,2.98,13.42,20.95,2.98,2.98,74.0,7.300000000000001
soldner-x: himmelssturmer,PS3,3.54,4.07,20.35,Shooter,SideQuest Studios,EastAsiaSoft,2007.0,3.42,8.0,20.95,4.0,3.42,63.0,6.5
song of the deep,PC,3.61,3.33,9.43,Adventure,Insomniac Games,GameTrust Games,2016.0,6.98,9.62,11.92,9.82,6.98,68.66666666666667,7.133333333333334
songbringer,PC,3.82,3.79,16.4,Action,Wizard Fu Games,Wizard Fu Games,2017.0,7.05,8.23,13.0,8.12,7.05,69.5,6.4
sonic & all-stars racing transformed,3DS,3.56,3.28,32.4,"Driving, Racing",Sumo Digital,Sega,2012.0,7.92,18.95,48.87,17.65,7.92,76.0,7.6
sonic & knuckles,X360,4.08,3.03,10.39,Platform,Unknown,Sega,1994.0,2.7,4.55,6.4,3.92,2.7,69.0,7.8
sonic & sega all-stars racing,DS,3.6,2.91,23.9,"Driving, Racing",Sumo Digital,Sega,2010.0,5.13,11.43,20.12,9.98,5.13,77.66666666666667,8.133333333333333
sonic advance,GBA,3.72,3.02,12.26,"Platform, Scrolling, Side",Unknown,Unknown,2002.0,2.02,4.85,6.92,2.72,2.02,87.0,7.8
sonic advance 2,GBA,3.71,3.16,14,"Platform, Scrolling, Side",Unknown,Unknown,2003.0,3.13,8.22,10.83,4.43,3.13,83.0,7.7
sonic advance 3,GBA,3.79,3.13,17.08,"Platform, Scrolling, Side",Unknown,Unknown,2004.0,3.9,7.08,7.67,4.98,3.9,79.0,8.1
sonic adventure,X360,3.65,2.85,22.32,"Action, Platform",Sonic Team,Sega,1999.0,9.03,13.75,26.52,13.22,9.03,49.0,7.6000000000000005
sonic adventure 2,PC,3.78,3.08,28.48,Platform,Sonic Team,Sega,2001.0,9.23,16.58,50.35,15.42,9.23,74.5,8.25
sonic adventure 2 battle,GC,4.14,3.08,38.86,Platform,Sonic Team USA,Sega,2002.0,9.3,30.97,64.2,25.53,9.3,73.0,8.4
sonic and the black knight,WII,3.31,3.06,19.82,Adventure,Sonic Team,Sega,2009.0,3.58,6.62,13.17,5.27,3.58,54.0,7.1
sonic and the secret rings,WII,2.96,3.48,22.02,"Action, Platform",Sonic Team,Sega,2007.0,7.97,8.9,36.03,10.52,7.97,69.0,6.2
sonic battle,GBA,3.72,3.25,24.06,"Adventure, Fighting",Sonic Team,Unknown,2004.0,10.43,15.18,38.23,17.87,10.43,69.0,8.1
sonic boom: fire & ice,3DS,3.33,2.7,11.48,"Action, Adventure, Platform",Sanzaru Games,Sega,2016.0,4.28,7.75,19.4,6.4,4.28,62.0,7.2
sonic boom: rise of lyric,WIIU,1.58,1.72,17.74,"Action, Adventure, Platform",Big Red Button Entertainment,Sega,2014.0,7.9,9.92,21.7,9.63,7.9,32.0,3.6
sonic boom: shattered crystal,3DS,2.78,2.32,11.76,"Action, Adventure",Sanzaru Games,Sega,2014.0,9.5,11.67,17.73,13.17,9.5,47.0,6.1
sonic cd,PC,3.94,3.13,7.81,"Action, Platform, Scrolling, Side",Sonic Team,Unknown,1993.0,2.03,3.53,6.42,2.8,2.03,81.0,7.6
sonic chronicles: the dark brotherhood,DS,3.43,3.02,25.76,Role-Playing,BioWare,Sega,2008.0,16.57,20.83,32.77,20.02,16.57,74.0,6.9
sonic classic collection,DS,3.83,3.21,26.31,"Compilation, Platform, Scrolling, Side",Sega,Sega,2010.0,30.0,21.63,22.32,23.25,30.0,70.0,7.6
sonic colors,DS,3.74,2.91,15.68,Platform,Unknown,Sega,2010.0,5.07,6.63,17.17,6.6,5.07,78.5,8.149999999999999
sonic colors: ultimate,XONE,2.96,2.73,12.05,"Action, Adventure, Platform",Unknown,SEGA,2021.0,5.02,9.82,21.2,7.77,5.02,71.66666666666667,4.866666666666666
sonic forces,AND,2.75,2.75,24.42,"Action, Platform, Third-Person",Sonic Team,SEGA,2017.0,4.1,6.63,28.95,7.13,4.1,58.0,6.525
sonic free riders,X360,2.33,3.7,28.24,"Driving, Racing",Sonic Team,Sega,2010.0,5.55,13.42,9.55,7.05,5.55,47.0,2.5
sonic frontiers,XONE,1.55,2.59,19.64,"Action, Adventure, Open World, Platform, Third-Person",Sonic Team,SEGA,2022.0,16.98,22.58,27.7,23.3,16.98,69.0,8.35
sonic gems collection,PS2,3.82,3.09,34.14,"Compilation, Platform",Sega,Sega,2005.0,14.0,27.5,41.0,27.5,14.0,64.0,8.2
sonic generations,3DS,3.52,2.87,14.74,"Action, Adventure",Unknown,Sega,2011.0,5.62,11.03,23.33,10.15,5.62,74.0,7.9
sonic heroes,PS2,3.36,3.19,32.37,"Driving, Platform, Racing",Sonic Team,SEGA,2004.0,11.58,18.72,35.98,17.07,11.58,68.75,7.6
sonic mania,XONE,4.19,3.28,19.72,"Action, Platform, Scrolling, Third-Person",Unknown,Sega,2017.0,5.97,10.45,20.07,8.67,5.97,85.0,8.033333333333333
sonic mania plus,PC,4.19,3.23,13.85,Platform,Unknown,Sega,2018.0,5.33,10.87,27.95,9.8,5.33,89.0,8.05
sonic mega collection,GC,4.09,3.14,36.11,Compilation,Sonic Team,Sega,2002.0,15.5,25.0,34.75,27.85,15.5,75.0,8.4
sonic mega collection plus,PC,3.96,3.1,37.67,"Compilation, Platform, Scrolling, Side",Sega,Sega,2004.0,9.57,9.13,31.33,17.57,9.57,74.0,8.450000000000001
sonic origins,XONE,1.82,3.45,24.57,"Action, Adventure, Platform",SEGA,SEGA,2022.0,10.7,13.93,16.47,13.92,10.7,75.0,5.95
sonic pinball party,GBA,3.32,3.13,33.31,"Action, Pinball",Sonic Team,Unknown,2003.0,3.55,13.42,20.95,3.55,3.55,77.0,7.5
sonic riders,GC,3.4,3.21,24.73,"Driving, Racing",Unknown,Sega,2006.0,4.87,15.2,24.92,10.65,4.87,56.666666666666664,8.0
sonic riders: zero gravity,WII,3.44,3.06,21.68,"Driving, Racing",Unknown,SEGA,2008.0,2.67,5.15,12.38,5.27,2.67,56.0,8.25
sonic rivals,PSP,3.29,2.74,14.02,"Action, Adventure",Unknown,Sega,2006.0,4.33,9.78,37.92,10.73,4.33,64.0,7.7
sonic rivals 2,PSP,3.53,2.9,17.93,"Action, Driving, Racing",Backbone Entertainment,Sega,2007.0,5.48,41.08,17.7,15.1,5.48,60.0,7.9
sonic rush,DS,3.71,3.09,15.5,"Action, Platform",Unknown,Sega,2005.0,5.3,8.38,11.87,7.2,5.3,82.0,8.1
sonic rush adventure,DS,3.8,2.97,18.31,Action,Unknown,Sega,2007.0,7.0,10.87,13.63,9.23,7.0,78.0,8.1
sonic shuffle,DC,2.91,3.29,22.31,Party,Unknown,Sega,2000.0,8.4,12.2,95.0,24.83,8.4,54.0,7.4
sonic the hedgehog 2,GG,3.3,3.81,8.41,"Platform, Scrolling, Side",Unknown,Sega,1992.0,2.47,2.95,3.23,2.68,2.47,82.0,7.8
sonic unleashed,BB,3.13,2.91,3.94,"Action, Adventure, Platform",Unknown,Sega,2008.0,12.83,17.23,32.5,16.47,12.83,60.0,8.0
sonic's ultimate genesis collection,PS3,4.12,3.21,39.23,Compilation,Backbone Entertainment,Sega,2009.0,29.1,27.4,21.23,24.03,29.1,79.5,7.4
sorcerer king,PC,3.81,3.5,31,Strategy,Stardock Entertainment,Stardock Entertainment,2014.0,17.33,21.67,20.95,18.05,17.33,75.0,6.1
soul bubbles,DS,4.0,2.68,13.87,Puzzle,Mekensleep,Unknown,2008.0,6.9,7.58,9.28,7.95,6.9,78.0,8.0
soul hackers 2,PS4,3.7,3.15,55.92,Role-Playing,Atlus,Atlus,2022.0,31.7,48.5,67.97,47.28,31.7,73.66666666666667,6.233333333333333
soul nomad & the world eaters,PS2,4.03,3.26,56.03,"Role-Playing, Strategy/Tactical, Turn-Based",Nippon Ichi,Unknown,2007.0,27.6,48.45,56.75,38.4,27.6,73.0,8.2
soul of darkness,DS,3.62,2.75,6.05,"Adventure, Platform",Gameloft,Unknown,2010.0,2.3,2.65,3.7,2.75,2.3,78.0,7.6
soul sacrifice,VITA,4.09,3.42,59.73,"Action, Adventure, Role-Playing",Unknown,Sony Computer Entertainment Japan,2013.0,25.63,38.48,62.87,38.47,25.63,77.0,8.2
soul sacrifice delta,VITA,4.37,3.26,77.95,"Action, Adventure",SCE Japan Studio Comcept,Sony Computer Entertainment,2014.0,29.4,38.67,102.5,39.92,29.4,82.0,8.5
souldiers,PS5,3.59,4.0,14,Action,Retro Forge,Dear Villagers,2022.0,25.63,35.17,55.37,34.15,25.63,75.33333333333333,6.3
soulstice,PC,3.61,3.46,27.5,"Action, Role-Playing",Reply Game Studios,Modus Games,2022.0,17.02,20.27,34.78,19.27,17.02,70.66666666666667,4.566666666666666
sound shapes,PS4,3.45,3.07,7.85,Music/Rhythm,Unknown,Sony Computer Entertainment,2012.0,2.78,4.5,8.97,5.2,2.78,84.0,7.6499999999999995
south park let's go tower defense play!,X360,3.59,3.69,20,Tower Defense,Unknown,Microsoft Game Studios,2009.0,4.02,13.42,8.17,4.92,4.02,72.0,7.2
south park: tenorman's revenge,X360,3.17,3.31,12.13,Platform,Other Ocean Interactive,Microsoft Studios,2012.0,9.5,13.42,20.95,9.5,9.5,52.0,7.6
south park: the fractured but whole,PC,3.66,2.59,26,Role-Playing,Unknown,Ubisoft,2017.0,18.3,23.07,29.22,23.3,18.3,81.0,7.625
south park: the stick of truth,NS,3.98,2.55,28.74,"Role-Playing, Scrolling, Side, Turn-Based",Obsidian Entertainment,Ubisoft,2014.0,11.48,14.93,22.07,14.87,11.48,84.0,8.466666666666667
space channel 5: ulala's cosmic attack,GBA,2.8,3.53,10.72,"Music, Simulation",THQ,THQ,2003.0,1.88,13.42,20.95,1.88,1.88,55.0,8.0
space chimps,DS,2.5,1.43,7.29,"Adventure, Platform",Unknown,Brash Entertainment,2008.0,1.87,2.72,24.0,5.83,1.87,57.0,5.3
space empires v,PC,3.59,3.27,67.78,"Strategy, Turn-Based",Malfador Machinations,Strategy First,2006.0,8.2,10.7,20.95,10.7,8.2,68.0,7.8
space hack,PC,2.32,3.57,21.33,Action,Rebelmind,Meridian4,2005.0,21.0,33.0,34.37,28.43,21.0,63.0,7.4
space hulk ascension,PC,2.93,4.0,46.75,Unknown,Full Control,Full Control,2014.0,21.0,48.93,91.7,52.63,21.0,72.0,7.2
space hulk: deathwing,PC,2.9,3.1,29.08,"First-Person, Shooter",Streum On Studio,Focus Home Interactive,2016.0,8.47,11.05,18.5,9.98,8.47,56.5,5.75
space invaders extreme,PSP,3.85,3.54,12.16,"Action, Shooter",Unknown,Unknown,2008.0,1.67,6.23,20.95,2.68,1.67,82.0,7.575
space invaders extreme 2,DS,4.1,3.24,20.29,Shooter,Project Just,Taito Corporation,2009.0,2.5,6.1,20.95,4.3,2.5,82.0,7.7
space invaders get even,WII,3.83,3.67,8,"Real-Time, Strategy",Unknown,Taito,2008.0,8.2,3.43,20.95,3.43,8.2,68.0,7.333333333333333
space invaders infinity gene,PS3,3.7,3.58,11.83,Shoot 'Em Up,Taito,Square Enix,2009.0,5.77,7.58,20.95,6.43,5.77,80.0,7.75
space invaders revolution,DS,3.16,2.71,5.8,Arcade,Unknown,Mastiff,2005.0,8.2,15.0,20.95,15.0,8.2,49.0,5.2
space pirates and zombies,PC,3.68,3.36,58.25,"Role-Playing, Strategy, Turn-Based",MinMax Games,Unknown,2011.0,30.27,49.27,52.7,43.05,30.27,74.0,7.6
space raiders,GC,2.97,2.83,6,"Arcade, Real-Time, Shooter, Third-Person",Taito Corporation,Taito Corporation,2004.0,1.5,3.55,20.95,2.0,1.5,40.0,6.2
space rangers 2: rise of the dominators,PC,4.27,3.49,72.88,Unknown,Elemental Games,Unknown,2004.0,30.0,45.87,20.95,41.9,30.0,84.0,8.9
space run,PC,3.6,3.7,20.5,Strategy/Tactical,Passtech Games,Focus Home Interactive,2014.0,13.22,21.5,35.2,21.47,13.22,73.0,7.6
space run galaxy,PC,3.9,3.7,28.86,Tower Defense,Passtech Games,Focus Home Interactive,2016.0,39.7,67.97,88.5,70.1,39.7,75.0,5.5
space siege,PC,2.97,3.05,13.54,"Action, Role-Playing",Gas Powered Games,Sega,2008.0,7.38,9.98,8.03,8.52,7.38,60.0,6.2
space station silicon valley,GBC,3.08,3.88,20,Platform,DMA Design,Take-Two Interactive,1998.0,20.33,28.0,22.72,23.98,20.33,83.0,8.1
spacechem,PC,3.85,4.51,57.79,Puzzle,Zachtronics Industries,Unknown,2011.0,43.55,58.87,75.1,60.18,43.55,84.0,8.4
sparkle 2,VITA,2.62,2.4,5.86,Puzzle,10tons,Unknown,2013.0,4.72,9.87,35.5,10.62,4.72,65.5,6.1
sparkle unleashed,PS4,3.39,3.38,28,Puzzle,10tons,Unknown,2014.0,9.65,50.0,99.4,41.65,9.65,65.0,6.2
sparklite,NS,3.56,3.0,13.09,"Action, Role-Playing",Red Blue Games,Unknown,2019.0,9.45,9.97,12.58,10.92,9.45,72.5,6.825
spartacus legends,PS3,2.81,3.41,33.54,Fighting,Kung Fu Factory,Ubisoft,2013.0,14.25,20.08,40.0,22.15,14.25,45.0,5.2
spartan: total warrior,GC,3.59,3.12,14.07,Action,The Creative Assembly,Sega,2005.0,15.58,13.87,18.25,15.5,15.58,73.33333333333333,8.466666666666665
spawn: armageddon,XBOX,2.87,3.11,13.2,Action Adventure,Point of View,Unknown,2003.0,11.68,7.0,20.95,11.02,11.68,58.0,7.6000000000000005
spawn: in the demon's hand,DC,3.47,3.04,33.5,Action,Capcom,Capcom,2000.0,0.88,12.5,23.5,10.67,0.88,62.0,8.1
spec ops: the line,PC,3.8,3.12,10.44,"Action, Shooter, Third-Person",Yager Development,2K Games,2012.0,6.23,7.77,16.6,7.42,6.23,76.33333333333333,8.2
spectral souls: resurrection of the ethereal empires,PSP,3.67,3.67,71.67,"Role-Playing, Strategy",Idea Factory,Unknown,2006.0,8.2,93.52,20.95,93.52,8.2,47.0,8.4
spectrobes,DS,3.45,2.92,28.89,Action Rpg,Jupiter,Disney Interactive Studios,2007.0,17.12,30.22,186.2,73.65,17.12,63.0,7.6
spectrobes: beyond the portals,DS,3.98,3.03,39.44,Action Rpg,Jupiter,Disney Interactive Studios,2008.0,21.72,38.05,58.48,34.5,21.72,70.0,7.6
spectrobes: origins,WII,4.01,2.99,38.68,Action Rpg,Genki,Disney Interactive Studios,2009.0,28.53,45.35,38.83,34.82,28.53,71.0,8.3
speed kings,GC,3.35,3.73,11.86,Unknown,Climax,Acclaim,2003.0,2.78,13.42,20.95,2.78,2.78,60.0,7.6499999999999995
speedball 2 hd,PC,2.56,2.86,6.5,"Action, Sports",Vivid Games,Mastertronic,2013.0,7.5,13.42,20.95,7.5,7.5,53.0,3.8
spellcaster university,PC,3.63,2.64,14,Unknown,Sneaky Yak Studio,Sneaky Yak Studio,2019.0,11.12,18.05,29.97,18.0,11.12,73.0,7.9
spellforce 2: demons of the past,PC,3.55,3.5,56.55,"Role-Playing, Strategy",Unknown,Nordic Games,2014.0,23.45,27.93,38.45,27.8,23.45,54.0,6.4
spellforce 2: faith in destiny,PC,3.54,3.24,29.83,"Real-Time, Role-Playing, Strategy",Trine Games,Nordic Games,2012.0,7.68,10.85,14.88,11.98,7.68,55.0,5.9
spellforce 2: shadow wars,PC,3.58,3.25,55.08,"Real-Time, Role-Playing, Strategy",Phenomic,Unknown,2006.0,31.03,40.6,42.65,39.15,31.03,80.0,7.6
spellforce 3,PC,3.55,3.56,42.33,"Role-Playing, Strategy/Tactical",Unknown,THQ Nordic,2017.0,32.28,48.58,57.73,47.4,32.28,73.0,7.5
spellforce 3: fallen god,PC,4.1,3.2,36,Unknown,Grimlore Games,THQ Nordic,2020.0,25.78,24.98,42.43,26.77,25.78,77.0,8.7
spellforce 3: soul harvest,PC,3.83,3.25,25.71,Unknown,Grimlore Games,THQ Nordic,2019.0,19.85,25.78,27.37,24.75,19.85,80.0,8.5
spellforce: the order of dawn,PC,3.79,3.46,58.07,"Real-Time, Role-Playing, Strategy/Tactical",Phenomic Game Development,Unknown,2004.0,56.58,57.0,69.22,62.25,56.58,74.0,8.1
spellspire,VITA,3.3,3.5,30.29,Role-Playing,10tons,10tons,2017.0,8.2,15.45,15.42,15.43,8.2,62.0,7.333333333333333
spelunker hd,PS3,3.63,4.28,47.7,Platform,Irem Software Engineering,Irem Software Engineering,2010.0,5.5,13.42,20.95,5.5,5.5,56.0,7.7
spelunky,PS4,3.42,4.4,54.03,"Action, Adventure, Roguelike",Unknown,Mossmouth,2013.0,21.9,47.03,104.15,47.18,21.9,87.0,7.5249999999999995
spelunky 2,PS4,3.5,4.79,70.18,"Platform, Roguelike",Mossmouth,Mossmouth,2020.0,26.3,76.08,181.05,81.53,26.3,89.0,7.3
sphinx and the cursed mummy,PS2,3.6,3.13,22.65,"Action, Adventure",Eurocom,THQ,2003.0,12.48,16.67,18.43,15.67,12.48,74.25,8.1
spider-man 3,WII,3.06,3.19,31.33,Action,Unknown,Activision,2007.0,7.77,12.98,18.15,10.45,7.77,59.857142857142854,6.585714285714286
spider-man: battle for new york,DS,2.45,3.05,5.4,"Action, Platform",Torus Games,Activision,2006.0,3.28,3.0,3.1,3.22,3.28,68.0,6.8
spider-man: edge of time,DS,3.21,2.95,30.36,"Action, Adventure, Platformer",Unknown,Activision,2011.0,6.7,9.2,11.25,7.85,6.7,56.75,6.85
spider-man: friend or foe,PSP,2.79,2.46,12.5,"Action, Adventure, Beat Em Up",Unknown,Activision,2007.0,7.95,8.67,14.22,9.85,7.95,58.5,6.866666666666666
spider-man: mysterio's menace,GBA,3.63,3.04,13.77,Action,Vicarious Visions,Activision,2001.0,1.53,3.65,2.2,1.87,1.53,84.0,7.8
spider-man: shattered dimensions,PC,3.62,2.89,20.03,Stealth,Beenox,Activision,2010.0,9.58,12.42,26.33,11.62,9.58,73.2,7.8
spider-man: web of shadows,PS2,2.65,2.69,15.73,"Action, Adventure",Unknown,Activision,2008.0,10.02,12.23,24.28,11.92,10.02,65.4,7.680000000000001
spikeout: battle street,XBOX,3.61,3.52,14.03,Beat Em Up,Unknown,Sega,2005.0,8.2,12.32,20.95,12.32,8.2,54.0,6.6
spin the bottle: bumpie's party,WIIU,3.6,1.82,12.44,Party,Redgrim,KnapNok Games,2013.0,1.5,13.42,20.95,1.5,1.5,75.0,7.7
spirit camera: the cursed memoir,3DS,3.29,2.58,6.7,Survival Horror,Tecmo Koei,Tecmo,2012.0,2.78,5.45,20.95,3.23,2.78,54.0,6.4
spirit of the north,PC,3.04,2.09,4.6,"Adventure, Third-Person",Infuse Studio,Infuse Studio,2019.0,5.23,6.1,8.23,6.37,5.23,59.0,7.3
spiritfarer,PC,3.83,2.07,32.32,Adventure,Thunder Lotus Games,Thunder Lotus Games,2020.0,25.67,33.6,43.58,36.0,25.67,83.66666666666667,8.0
spirits & spells,GBA,3.0,3.1,12.29,Adventure,Magic Pockets,DreamCatcher Interactive,2003.0,5.48,13.42,20.95,5.48,5.48,50.0,6.0
splashdown: rides gone wild,PS2,3.69,2.97,12.43,"Driving, Racing",Rainbow Studios,THQ,2003.0,2.05,13.42,20.95,2.05,2.05,80.0,8.6
splasher,PC,3.94,3.91,8.93,Platform,Splashteam,Unknown,2017.0,5.5,7.08,8.57,6.43,5.5,81.0,7.55
splatoon,WIIU,4.31,3.01,57.49,"Platform, Shooter, Third-Person",Nintendo EAD Group No. 2,Nintendo,2015.0,5.38,14.05,23.32,11.33,5.38,81.0,8.7
splatoon 2,NS,4.24,3.1,66.7,"Action, Platform, Shooter, Third-Person",Nintendo EPD,Nintendo,2017.0,8.0,21.55,70.12,21.58,8.0,83.0,8.4
splatoon 3,NS,3.76,3.38,53.4,"Shooter, Third-Person",Nintendo EPD,Nintendo,2022.0,8.57,16.0,20.72,14.78,8.57,83.0,6.8
spongebob squarepants: battle for bikini bottom,GBA,3.21,2.73,16.18,"Action, Adventure, Platform",Unknown,THQ,2003.0,9.72,13.1,14.65,12.23,9.72,70.66666666666667,8.566666666666666
spongebob squarepants: battle for bikini bottom - rehydrated,PS4,3.49,2.68,13.82,"Action, Adventure, Platform, Third-Person",Purple Lamp Studios,THQ Nordic,2020.0,8.98,11.32,14.52,12.42,8.98,68.5,8.6
spongebob squarepants: creature from the krusty krab,GBA,3.12,2.74,12.54,"Adventure, Platform",Unknown,THQ,2006.0,4.65,7.85,7.52,5.73,4.65,56.333333333333336,6.300000000000001
"spongebob squarepants: lights, camera, pants!",GBA,3.21,2.25,8.3,Party,Unknown,THQ,2005.0,4.13,6.98,20.95,4.6,4.13,59.0,7.7
spongebob squarepants: the cosmic shake,PC,3.78,2.33,11.56,"Action, Platform",Purple Lamp,THQ Nordic,2023.0,7.07,9.4,14.83,10.2,7.07,70.25,7.7
spore,PC,3.87,2.62,43.4,"Open World, Real-Time, Sandbox, Side, Simulation, Strategy/Tactical, Third-Person, Top-Down",Maxis,Electronic Arts,2008.0,12.73,31.2,105.98,24.5,12.73,84.0,5.8
spore creatures,DS,3.25,2.53,17.72,"Role-Playing, Simulation",Foundation 9,Electronic Arts,2008.0,7.63,15.0,20.0,10.45,7.63,65.0,6.8
spore hero,WII,3.54,3.06,19.15,Simulation,EA Montreal,Electronic Arts,2009.0,10.5,12.0,14.0,11.83,10.5,61.0,7.1
spore hero arena,DS,3.02,2.86,15.92,"Action, Adventure, Fighting",Maxis,Electronic Arts,2009.0,8.0,13.42,20.95,8.0,8.0,49.0,2.2
sports champions,PS3,3.56,2.95,23.82,Sports,Unknown,Sony Computer Entertainment,2010.0,17.0,20.0,100.0,45.67,17.0,76.0,7.8
sports champions 2,PS3,3.48,2.97,20.8,"Party, Sports",Unknown,Sony Computer Entertainment,2012.0,8.2,20.0,20.95,20.0,8.2,69.0,7.7
sportsfriends,PS4,2.83,2.03,8.88,Sports,Die Gute Fabrik,Die Gute Fabrik,2014.0,8.2,13.42,20.95,11.25,8.2,82.0,6.3
sprint vector,PC,4.12,3.54,4.71,"Puzzle, Virtual Reality",Survios,Survios,2018.0,10.52,12.6,20.95,11.55,10.52,83.0,7.1
sprung,DS,3.01,2.85,10.43,"Adventure, Date Simulation",Unknown,Ubisoft,2004.0,6.05,6.43,9.77,7.55,6.05,48.0,5.8
spy fiction,PS2,3.54,3.09,16.89,"Action, Adventure, Stealth",Access Games,Unknown,2004.0,9.35,10.68,9.0,9.6,9.35,61.0,8.0
spy hunter: nowhere to run,PS2,2.85,3.19,12,"Action, Driving, Racing",Terminal Reality,Midway Games,2006.0,8.78,13.42,20.95,8.78,8.78,51.0,5.45
spyborgs,WII,3.35,3.86,11.6,Beat Em Up,Bionic Games,Capcom,2009.0,5.95,13.42,20.95,5.95,5.95,66.0,6.9
spyro 2: season of flame,GBA,3.53,2.93,16.98,Platform,Digital Eclipse,Universal Interactive Studios,2002.0,7.07,11.38,7.92,8.28,7.07,76.0,6.9
spyro orange: the cortex conspiracy,GBA,2.87,2.88,17.5,Platform,Vicarious Visions,Vivendi Universal Games,2004.0,6.0,11.67,6.22,7.73,6.0,60.0,5.8
spyro reignited trilogy,XONE,3.92,2.63,36.86,"Compilation, Platform, Third-Person",Toys for Bob,Activision,2018.0,17.4,27.15,34.73,30.95,17.4,81.33333333333333,7.966666666666666
spyro: a hero's tail,GC,3.52,2.93,28.9,Platform,Eurocom,Unknown,2004.0,9.7,12.22,15.62,12.57,9.7,62.0,7.2333333333333325
spyro: attack of the rhynocs,GBA,3.69,2.91,18.92,Platform,Digital Eclipse,Universal Interactive Studios,2003.0,6.77,8.07,8.83,7.87,6.77,72.0,6.8
spyro: enter the dragonfly,PS2,2.78,2.71,20.95,"Adventure, Platform, Third-Person",Unknown,Universal Interactive Studios,2002.0,9.05,9.07,11.53,10.18,9.05,52.0,4.8
spyro: season of ice,GBA,3.19,3.1,17.02,Platform,Digital Eclipse,Universal Interactive Studios,2001.0,7.15,7.1,8.23,7.53,7.15,74.0,6.8
spyro: shadow legacy,DS,2.95,2.64,23.33,Platform,Amaze Entertainment,Sierra Entertainment,2005.0,4.45,7.82,7.0,5.88,4.45,50.0,5.2
spyro: year of the dragon,PS,4.16,2.94,26.76,Platform,Insomniac Games,SCEA,2000.0,8.3,10.32,12.6,10.88,8.3,91.0,8.9
squeeballs party,WII,3.08,3.0,13.6,Party,Eiconic Games,Aksys Games,2009.0,8.2,13.42,13.23,13.23,8.2,59.0,7.8
squids odyssey,3DS,4.04,2.38,30.96,"Action, Role-Playing, Turn-Based",The Game Bakers,The Game Bakers,2014.0,11.5,28.25,20.95,17.08,11.5,70.0,7.1
ssx 3,GBA,2.8,2.92,26.92,"Arcade, Sports",EA Canada,EA Sports BIG,2003.0,15.78,24.23,70.35,24.02,15.78,85.0,8.225
ssx blur,WII,3.07,3.03,19.38,"Driving, Racing",EA Montreal,EA Sports Big,2007.0,10.0,13.42,20.95,10.0,10.0,74.0,7.8
stacking,PC,3.57,2.31,10,"Adventure, Puzzle",Double Fine Productions,THQ,2011.0,3.97,6.15,9.22,6.87,3.97,82.33333333333333,7.7666666666666675
star conflict,PC,3.27,3.23,45.91,"Action, Massively Multiplayer",Star Gem,Gaijin Entertainment,2003.0,8.2,13.42,20.95,11.25,8.2,75.0,6.9
star control: origins,PC,3.83,3.54,65,Adventure,Stardock Entertainment,Stardock Entertainment,2018.0,12.15,31.27,30.25,26.1,12.15,75.0,5.9
star fox 64,N64,4.25,3.16,18.77,"On-Rails, Shooter",Nintendo EAD,Nintendo,1997.0,2.1,4.55,10.98,3.62,2.1,88.0,8.8
star fox 64 3d,3DS,4.03,3.05,11.12,"On-Rails, Shooter",Unknown,Nintendo,2011.0,1.87,5.68,13.9,3.32,1.87,81.0,8.1
star fox adventures,GC,3.62,2.94,26.04,"Action, Adventure, Third-Person",Rare,Unknown,2002.0,13.92,17.67,18.57,16.07,13.92,82.0,7.9
star fox command,DS,3.32,3.29,17.77,"Flight, On-Rails, Shooter",Unknown,Nintendo,2006.0,3.15,7.58,20.1,6.72,3.15,76.0,6.9
star fox guard,WIIU,3.56,3.91,11.31,"First-Person, Top-Down, Tower Defense",Unknown,Nintendo,2016.0,5.72,9.97,20.95,7.1,5.72,74.0,7.4
star fox zero,WIIU,3.53,3.7,19.96,"Action, First-Person, On-Rails, Scrolling, Shooter, Third-Person",Unknown,Nintendo,2016.0,5.25,8.4,21.1,7.23,5.25,69.0,7.4
star fox: assault,GC,3.74,3.02,17.49,"Action, Third-Person",Namco,Nintendo,2005.0,5.05,8.92,13.8,6.35,5.05,67.0,8.2
star horizon,PC,3.27,3.77,7.25,"Action, On-Rails",Tabasco Interactive,Tabasco Interactive,2015.0,2.53,2.87,20.95,2.6,2.53,52.0,7.333333333333333
star ocean: first departure,PSP,4.02,2.94,40.56,"Action, Role-Playing",TOSE,Square Enix,2008.0,21.38,27.83,50.77,25.83,21.38,74.0,7.6
star ocean: integrity and faithlessness,PS4,3.42,2.89,48.33,"Action, Role-Playing, Third-Person",tri-Ace,Square Enix,2016.0,21.65,39.68,120.68,35.8,21.65,58.0,6.4
star ocean: second evolution,PSP,4.24,3.11,54.91,Action,TOSE,Square Enix,2009.0,32.43,37.1,90.57,37.63,32.43,75.0,7.8
star ocean: the divine force,XBSX,3.56,3.29,51.67,"Action, Real-Time, Role-Playing, Third-Person",tri-Ace,Square Enix,2022.0,31.93,48.27,90.07,42.63,31.93,69.0,6.4
star ocean: the last hope,X360,3.91,3.16,66.47,Role-Playing,tri-Ace,Square Enix,2009.0,44.5,66.38,230.2,62.35,44.5,72.0,7.4
star ocean: the second story,PS,4.22,3.31,67.27,"Action, Role-Playing",tri-Ace,Unknown,1999.0,42.48,60.7,84.15,54.77,42.48,80.0,8.4
star ocean: till the end of time,PS2,4.02,3.38,72.9,Role-Playing,Unknown,Unknown,2004.0,46.73,86.3,378.35,76.08,46.73,80.0,8.5
star renegades,PC,3.54,4.11,27.33,"Role-Playing, Strategy/Tactical",Massive Damage,Raw Fury,2020.0,10.77,29.82,20.95,17.32,10.77,77.0,6.2
star soldier r,WII,3.85,3.56,17.75,"Scrolling, Shooter",Hudson Soft,Hudson Soft,2008.0,0.9,13.42,20.95,0.9,0.9,64.0,7.333333333333333
star trek online,PC,3.61,2.97,80.00+,"Action, Hack And Slash, Massively Multiplayer, Role-Playing, Third-Person, Vehicular Combat",Cryptic Studios,Perfect World Entertainment,2010.0,282.65,428.7,2971.33,751.67,282.65,66.0,6.2
star trek: armada ii,PC,3.95,3.1,38.24,"Real-Time, Strategy",Mad Doc Software,Activision,2001.0,18.23,13.42,20.95,18.23,18.23,65.0,7.6
star trek: bridge crew,PC,3.75,3.11,25.14,"Simulation, Virtual Reality",Ubisoft,Ubisoft,2017.0,6.67,15.67,11.17,10.17,6.67,76.5,7.35
star trek: conquest,PS2,3.38,3.14,25.2,Strategy,4J Studios,Bethesda Softworks,2007.0,8.2,2.33,20.95,2.33,8.2,51.5,6.8
star trek: elite force ii,PC,3.95,3.11,21.63,First-Person Shooter,Ritual Entertainment,Activision,2003.0,10.2,11.87,15.72,11.37,10.2,78.0,7.8
star trek: invasion,PS,3.29,3.69,24.92,"Action, Shooter, Space Simulation",Warthog,Activision,2000.0,9.0,13.42,20.95,9.0,9.0,76.0,7.5
star trek: legacy,X360,3.29,3.57,24.06,"Action Adventure, Real-Time, Space Simulation, Strategy/Tactical",Mad Doc Software,Bethesda Softworks,2006.0,8.77,10.58,14.5,10.45,8.77,60.0,4.9
star trek: shattered universe,XBOX,3.35,3.78,17.71,Simulation,Starsphere Interactive,TDK Mediactive,2004.0,7.67,13.42,20.95,7.67,7.67,41.5,6.1000000000000005
star trek: tactical assault,PSP,3.2,4.2,31.6,Real-Time,Quicksilver Software,Bethesda Softworks,2006.0,9.0,13.42,20.95,9.0,9.0,63.5,7.8999999999999995
star wars battlefront: elite squadron,DS,3.11,2.29,11.97,"Shooter, Third-Person",N-Space,LucasArts,2009.0,4.72,4.87,11.27,5.23,4.72,62.0,7.0
star wars battlefront: renegade squadron,PSP,3.78,2.75,23.02,Third-Person Shooter,Rebellion Developments,LucasArts,2007.0,3.92,4.15,11.97,4.82,3.92,73.0,8.0
star wars episode i: jedi power battles,PS,3.3,3.79,24.12,Action,Unknown,Unknown,2000.0,4.87,6.13,19.08,7.97,4.87,76.0,8.1
star wars episode i: racer,GBC,3.07,3.79,22.19,"Driving, Racing",LucasArts,Unknown,1999.0,5.42,6.5,6.88,6.15,5.42,70.0,7.6
star wars episode ii: attack of the clones,GBA,2.21,2.97,8.29,Action,LucasArts,THQ,2002.0,4.03,13.42,20.95,4.03,4.03,38.0,3.2
star wars episode iii: revenge of the sith,PS2,3.46,2.89,16.65,Action,Unknown,Unknown,2005.0,4.63,6.3,8.72,5.3,4.63,66.75,7.825
star wars galaxies: an empire divided,PC,3.6,3.3,80.00+,"Massively Multiplayer, Role-Playing",Sony Online Entertainment,LucasArts,2003.0,8.2,13.42,20.95,11.25,8.2,71.0,5.8
star wars jedi knight ii: jedi outcast,NS,3.22,4.0,23,Action,Unknown,Unknown,2002.0,12.92,17.08,18.3,14.92,12.92,77.25,7.1499999999999995
star wars jedi knight: dark forces ii,PC,3.87,3.3,22.89,"First-Person, Shooter",LucasArts,LucasArts,1997.0,8.97,10.68,12.58,9.87,8.97,91.0,8.6
star wars jedi knight: jedi academy,XBOX,3.85,3.18,19.07,"Action, Shooter, Third-Person",Unknown,Unknown,2003.0,10.2,11.75,13.93,11.27,10.2,75.0,7.533333333333332
star wars jedi: fallen order,PC,3.8,3.24,24.07,"Action, Adventure, Platform, Third-Person",Respawn Entertainment,Electronic Arts,2019.0,17.47,22.62,32.75,23.1,17.47,80.33333333333333,7.9
star wars pinball,VITA,3.61,3.0,20,Pinball,Zen Studios,Zen Studios,2013.0,9.97,13.42,20.95,9.97,9.97,79.0,6.666666666666667
star wars rogue squadron iii: rebel strike,GC,3.72,3.41,26.65,Action,Factor 5,LucasArts,2003.0,5.23,9.2,8.0,6.75,5.23,75.0,7.6
star wars trilogy: apprentice of the force,GBA,3.2,3.0,12.84,"Action, Platform",Ubisoft,Ubisoft,2004.0,3.4,4.0,4.1,3.53,3.4,60.0,6.5
star wars: bounty hunter,GC,3.45,3.51,19.05,"Action, Shooter, Stealth, Third-Person",Unknown,Unknown,2002.0,7.82,11.3,18.53,10.5,7.82,65.0,8.0
star wars: demolition,DC,3.09,2.96,23.79,"Action, Car Combat",Luxoflux,Unknown,2000.0,0.75,13.0,12.0,10.95,0.75,65.0,7.2
star wars: flight of the falcon,GBA,2.4,3.73,9.45,Shooter,Pocket Studios,THQ,2003.0,3.02,5.0,3.25,3.47,3.02,39.0,5.9
star wars: jedi power battles,GBA,2.77,3.41,11.63,Beat Em Up,LucasArts,LucasArts,2001.0,5.92,13.42,20.95,5.92,5.92,58.0,5.8
star wars: jedi starfighter,PS4,3.0,2.88,17.13,Action,LucasArts,LucasArts,2002.0,5.88,7.45,7.62,6.47,5.88,79.5,6.25
star wars: knights of the old republic,NS,4.1,3.09,49.39,"Real-Time, Role-Playing, Third-Person",BioWare,LucasArts,2003.0,29.27,37.63,50.57,37.67,29.27,90.0,8.633333333333333
star wars: lethal alliance,DS,2.76,3.0,19.17,"Action, Adventure",Ubisoft Montreal,Ubisoft,2006.0,6.13,5.5,8.73,6.33,6.13,59.0,6.9
star wars: obi-wan,XBOX,3.09,3.26,17.19,Action Adventure,LucasArts,LucasArts,2001.0,6.55,7.58,11.25,7.63,6.55,58.0,5.5
star wars: republic commando,PS4,3.5,3.14,12.8,"Action, First-Person, Shooter",LucasArts,Unknown,2005.0,8.77,9.87,10.32,9.23,8.77,68.66666666666667,7.5
star wars: rogue squadron,N64,3.95,3.47,26.61,"Action, Shooter",Unknown,LucasArts,1998.0,8.18,9.48,12.27,9.12,8.18,85.0,8.5
star wars: squadrons,XBSX,3.06,3.5,56.06,"First-Person, Flight, Shooter, Simulation, Virtual Reality",Motive Studios,Electronic Arts,2020.0,9.18,12.37,58.63,10.3,9.18,78.66666666666667,5.466666666666666
star wars: starfighter,PC,3.02,2.98,11.81,"Action, Simulation",LucasArts,LucasArts,2001.0,4.53,5.8,6.72,4.78,4.53,77.5,7.15
star wars: super bombad racing,PS2,2.6,2.55,8.27,"Driving, Racing",Lucas Learning,LucasArts,2001.0,2.3,13.42,1.28,2.15,2.3,71.0,5.3
star wars: the clone wars,PS2,3.28,2.9,17.37,Action,Pandemic Studios,LucasArts,2002.0,5.57,7.4,11.95,6.83,5.57,72.0,7.6000000000000005
star wars: the force unleashed ii,DS,2.88,3.03,10.07,Action,LucasArts,LucasArts,2010.0,5.4,7.3,12.3,6.2,5.4,63.5,6.575
star wars: the new droid army,GBA,2.93,3.09,11.59,Action,Helixe,THQ,2002.0,3.95,13.42,20.95,3.95,3.95,60.0,6.8
star wars: the old republic,PC,3.83,2.95,80.00+,"Massively Multiplayer, Role-Playing",BioWare,Electronic Arts,2011.0,79.95,207.33,1928.75,242.9,79.95,85.0,6.0
star x,GBA,2.06,3.79,15.56,"On-Rails, Shooter",Graphic State,BAM! Entertainment,2002.0,3.02,13.42,20.95,3.02,3.02,60.0,7.333333333333333
starbound,PC,3.75,3.03,58.44,"Adventure, Platform, Role-Playing, Sandbox",Chucklefish Games,Chucklefish Games,2013.0,24.6,66.57,204.87,63.65,24.6,81.0,7.3
stardrive,PC,3.2,3.57,36.23,"Action, Strategy",Zero Sum Games,Iceberg Interactive,2013.0,18.02,24.0,20.95,21.0,18.02,61.0,6.8
stardrive 2,PC,3.32,4.08,35,Strategy,Zero Sum Games,Iceberg Interactive,2015.0,8.2,7.83,20.95,7.83,8.2,70.0,5.4
starpoint gemini,PC,3.88,3.4,60,"Real-Time, Role-Playing",Little Green Men Games,Unknown,2010.0,26.45,53.0,20.95,39.72,26.45,46.0,8.4
starpoint gemini 2,PC,3.7,3.04,70,"Action, Open World, Real-Time, Role-Playing, Sandbox, Simulation, Third-Person",Little Green Man Games,Iceberg Interactive,2014.0,34.25,50.53,52.98,46.32,34.25,70.5,7.75
starpoint gemini warlords,PC,3.96,3.8,64.4,"Action, Role-Playing",Little Green Men Games,Iceberg Interactive,2016.0,25.4,39.53,53.85,37.78,25.4,73.0,7.1
starseed pilgrim,PC,2.26,1.94,5.42,"Adventure, Platform",Droqen,Droqen's Games,2013.0,15.88,13.42,20.0,16.57,15.88,83.0,6.2
starship defense,DS,3.95,3.6,10.86,"Real-Time, Strategy/Tactical",Q-Games,Nintendo,2010.0,11.0,15.0,26.13,15.78,11.0,82.0,7.5
starship troopers: terran ascendancy,PC,3.55,3.64,26.75,"Real-Time, Strategy",Blue Tongue Entertainment,MicroProse,2000.0,10.67,13.42,20.95,10.67,10.67,68.0,7.7
starsky & hutch,GBA,2.73,3.85,11.2,"Action, Driving, Racing, Vehicular Combat",Mind's Eye Productions,Empire Interactive,2003.0,4.47,6.03,16.73,5.87,4.47,58.25,6.766666666666667
startopia,PC,3.99,3.27,42.93,Simulation,Mucky Foot Productions,Eidos Interactive,2001.0,16.35,23.53,25.4,19.85,16.35,86.0,8.6
state of decay,PC,3.65,3.13,36.3,"Action, Horror, Open World, Role-Playing, Shooter, Simulation, Survival, Third-Person",Undead Labs,Microsoft Studios,2013.0,16.13,23.93,39.97,23.12,16.13,78.5,7.1
state of decay 2,PC,3.25,3.0,39.4,"Action, Open World, Survival",Undead Labs,Microsoft Studios,2018.0,16.08,35.65,169.93,40.35,16.08,67.5,5.35
state of emergency 2,PS2,2.82,3.06,19.06,"Shooter, Third-Person",DC Studios,SouthPeak Interactive,2006.0,4.55,13.42,20.95,4.55,4.55,44.0,6.0
state of mind,PS4,2.42,4.0,13.6,"Adventure, Third-Person",Daedalic Entertainment,Daedalic Entertainment,2018.0,9.75,11.03,13.08,10.67,9.75,68.0,7.15
statik,PS4,3.78,3.06,4.62,"Puzzle, Virtual Reality",Unknown,Tarsier Studios,2017.0,3.12,3.5,5.28,3.55,3.12,84.0,7.7
staxel,PC,3.31,1.9,41.88,Simulation,Plukit,Humble Bundle,2018.0,33.0,72.97,91.93,82.28,33.0,61.0,7.333333333333333
stealth bastard deluxe,PC,3.59,3.6,20,"Action, Platform",Curve Studios,Curve Studios,2012.0,5.97,9.92,29.03,8.85,5.97,80.0,7.7
stealth inc 2: a game of clones,PC,3.34,3.61,27.45,"Adventure, Stealth, Third-Person",Curve Studios,Curve Digital,2014.0,9.08,13.82,24.77,13.48,9.08,78.75,6.925
steambot chronicles,PS2,3.97,2.97,49.12,"Action Adventure, Sandbox",Irem Software Engineering,Unknown,2006.0,26.75,32.28,35.0,30.03,26.75,74.0,8.4
steambot chronicles: battle tournament,PSP,3.4,2.74,13.45,"Action, Adventure, Sandbox",Irem Software Engineering,Atlus,2009.0,6.5,12.0,20.95,7.6,6.5,54.0,6.5
steamworld dig,PS4,3.6,2.78,10.38,Platform,Image & Form,Image & Form,2013.0,5.07,6.87,8.72,6.32,5.07,81.2,7.739999999999999
steamworld heist,PS4,3.57,3.9,22.22,"Action, Adventure, Shooter, Side, Strategy/Tactical, Turn-Based",Image & Form International,Image & Form International,2015.0,12.58,17.03,20.98,16.03,12.58,84.25,7.7749999999999995
steamworld quest: hand of gilgamech,PC,3.38,3.0,23.08,"Adventure, Role-Playing",Image & Form International,Thunderful,2019.0,14.83,20.35,28.75,18.93,14.83,81.0,7.7
steel assault,PC,3.21,2.89,1.29,"Action, Platform",Sri Kankanahalli,Tribute Games,2021.0,1.45,2.75,2.88,1.6,1.45,76.0,7.1
steel battalion,XBOX,4.09,4.44,65,Action,Unknown,Unknown,2002.0,15.25,13.42,20.95,15.25,15.25,83.0,8.5
steel battalion: heavy armor,X360,2.16,3.71,30.2,Action,From Software,Capcom,2012.0,16.0,13.42,20.95,16.0,16.0,38.0,2.5
steel diver,3DS,3.15,3.14,10.65,Simulation,Unknown,Nintendo,2011.0,3.85,7.68,20.95,4.98,3.85,58.0,6.3
steel diver: sub wars,3DS,3.48,3.16,26.65,"Action, First-Person, Real-Time, Shooter, Tactical",Vitei,Nintendo,2014.0,3.32,10.47,20.95,5.7,3.32,70.0,7.6
steel division: normandy 44,PC,4.0,3.63,21.86,"Real-Time, Strategy",Eugen Systems,Paradox Interactive,2017.0,16.1,30.0,20.95,19.58,16.1,83.0,7.8
steel empire,GBA,3.23,3.45,8.86,"Scrolling, Shooter",Unknown,Unknown,1992.0,1.25,1.75,20.95,1.3,1.25,72.0,7.7
steelrising,PC,3.56,3.71,32,"Action, Role-Playing",Spiders,Nacon,2022.0,15.3,22.57,31.33,21.97,15.3,71.33333333333333,8.6
steep,PS4,3.33,3.29,34.74,Sports,Unknown,Ubisoft,2016.0,12.65,27.08,39.67,24.63,12.65,71.66666666666667,6.566666666666666
steins;gate,X360,3.83,2.69,52.44,"Adventure, Visual Novel",Unknown,Unknown,2014.0,27.5,36.5,42.18,37.23,27.5,84.33333333333333,8.8
steins;gate elite,PC,3.63,2.56,29,Visual Novel,5pb.,Unknown,2019.0,24.9,28.98,38.43,33.72,24.9,85.5,7.8
stela,PC,3.06,2.25,2.67,Platform,SkyBox Labs,SkyBox Labs,2019.0,2.22,3.22,4.02,2.82,2.22,68.0,5.933333333333334
stella deus: the gate of eternity,PS2,3.55,3.09,50.79,Tactical Role-Playing,Pinegrow,Unknown,2005.0,45.98,45.65,60.8,49.37,45.98,75.0,8.4
stella glow,3DS,4.27,3.1,62.03,"Role-Playing, Strategy",Imageepoch,Atlus,2015.0,50.47,56.78,81.7,56.23,50.47,79.0,8.4
stellaris,PC,3.99,3.43,80.00+,"Real-Time, Strategy/Tactical, Top-Down",Paradox Interactive,Paradox Interactive,2016.0,33.47,115.02,471.25,118.13,33.47,78.0,8.0
stephen's sausage roll,PC,4.22,4.29,21.45,Puzzle,Increpare Games,Increpare Games,2016.0,29.33,29.15,31.82,30.78,29.33,90.0,5.4
stikbold! a dodgeball adventure,PS4,3.48,2.89,5.53,"Action, Sports",Game Swing,Curve Digital,2016.0,1.62,2.38,12.1,3.33,1.62,75.0,7.0
still life,XBOX,3.6,3.13,14.4,Adventure,Microids,Unknown,2005.0,8.32,9.35,10.3,9.05,8.32,72.5,7.3
still life 2,PC,3.11,3.33,14.18,Adventure,Gameco Studios,Micro,2009.0,10.37,10.23,13.92,11.32,10.37,67.0,5.6
stories untold,PC,3.56,2.57,4.59,Adventure,No Code,Devolver Digital,2017.0,2.78,3.27,3.05,2.95,2.78,80.0,7.3999999999999995
story of seasons,3DS,4.3,2.97,77.57,Simulation,Marvelous,Unknown,2015.0,67.42,128.83,274.4,119.73,67.42,76.0,8.0
story of seasons: friends of mineral town,PC,3.93,2.82,69,"Role-Playing, Simulation, Top-Down",Marvelous,XSEED Games,2020.0,31.17,76.68,218.35,70.92,31.17,77.0,8.0
story of seasons: pioneers of olive town,NS,3.55,2.6,73.42,"Simulation, Strategy/Tactical",Marvelous,Xseed Games,2021.0,44.18,82.77,145.25,78.77,44.18,73.5,7.1
story of seasons: trio of towns,3DS,4.38,2.9,80.00+,Simulation,Marvelous,Marvelous USA,2017.0,80.25,150.23,500.0,134.92,80.25,74.0,8.0
stranded deep,PS4,2.6,3.42,34.14,Adventure,Beam Team,Beam Team,2015.0,23.85,38.35,43.47,32.37,23.85,65.0,4.2
strange brigade,PC,3.56,3.76,13.58,"Shooter, Third-Person",Rebellion,Rebellion,2018.0,8.3,12.1,28.73,11.95,8.3,72.0,6.233333333333333
stranger of paradise: final fantasy origin,XONE,3.5,3.29,44.29,"Action, Role-Playing",Team Ninja,Square Enix,2022.0,17.98,30.3,57.08,29.82,17.98,66.0,7.733333333333333
stranger of sword city,VITA,3.85,4.08,64.21,Role-Playing,Experience,NIS America,2016.0,50.53,78.35,46.0,62.4,50.53,70.5,7.699999999999999
stranger things 3: the game,PC,2.87,2.92,10.06,Action,BonusXP,BonusXP,2019.0,8.58,9.83,14.77,10.6,8.58,60.666666666666664,5.333333333333333
stranglehold,PS3,3.45,3.07,10.48,"Action, Third-Person",Unknown,Unknown,2007.0,5.85,7.07,12.15,6.4,5.85,77.0,7.5
stray,PC,3.82,2.09,7.94,"Adventure, Puzzle, Third-Person",BlueTwelve Studio,Annapurna Interactive,2022.0,5.25,6.77,10.5,6.83,5.25,82.5,8.450000000000001
street fighter alpha 3,GBA,3.72,3.32,18.59,"Fighting, Side",Capcom,Capcom,1999.0,1.4,10.2,48.37,5.85,1.4,88.0,8.4
street fighter alpha 3 max,PSP,4.11,3.4,24.71,Fighting,Capcom,Capcom,2006.0,1.42,6.92,20.95,2.72,1.42,80.0,8.4
street fighter alpha anthology,PS2,4.15,3.31,27.08,Fighting,Capcom,Capcom,2006.0,8.35,9.0,20.95,8.52,8.35,79.0,7.9
street fighter anniversary collection,XBOX,4.21,3.6,36.5,Fighting,Capcom,Capcom,2004.0,2.75,13.1,130.0,23.88,2.75,78.5,7.75
street fighter ex3,PS2,3.44,2.91,15.28,Fighting,Arika,Capcom,2000.0,0.67,3.05,20.0,3.08,0.67,64.0,7.9
street fighter iv,IOS,3.68,3.25,18.57,Fighting,Dimps/Capcom,Capcom,2009.0,3.0,18.5,93.9,14.97,3.0,92.66666666666667,7.5
street fighter v,PC,3.19,3.04,33.76,Fighting,Unknown,Capcom,2016.0,3.58,37.38,170.7,23.4,3.58,75.5,3.45
street fighter v: arcade edition,PC,3.67,2.92,43.41,"Fighting, Side",Unknown,Capcom,2018.0,2.5,16.22,12.8,9.93,2.5,87.0,6.5
street fighter v: champion edition,PS4,3.69,3.17,35.96,Fighting,Unknown,Capcom,2020.0,3.78,14.93,16.0,8.0,3.78,82.0,6.0
street fighter x mega man,PC,3.78,3.58,5.96,"Platform, Scrolling, Side",Capcom,Capcom,2012.0,2.18,13.42,4.22,2.55,2.18,71.0,8.6
street fighter x tekken,X360,3.49,3.13,19.55,Fighting,Capcom,Capcom,2012.0,2.82,9.83,58.05,7.18,2.82,81.25,6.05
street jam basketball,GBA,2.59,3.13,7.6,Sports,Unknown,Destination Software,2011.0,8.2,13.42,2.7,2.7,8.2,35.0,6.5
street racing syndicate,PC,3.33,3.45,42.39,"Driving, Racing",Eutechnyx,Namco,2004.0,13.22,13.82,17.98,14.1,13.22,64.0,8.533333333333333
street supremacy,PSP,3.76,2.93,10.59,"Driving, Racing",Genki,Konami,2006.0,8.0,13.42,10.72,8.45,8.0,41.0,7.2
streets of rage 2,GG,3.28,3.47,3.29,Beat Em Up,Unknown,Sega,1992.0,1.6,3.5,3.27,1.9,1.6,76.0,8.5
stretch panic,PS2,3.19,2.81,5.36,Platform,Treasure,Conspiracy Entertainment,2001.0,4.15,4.42,3.18,4.15,4.15,65.0,7.9
stretchmo,3DS,3.71,3.24,37.04,"Puzzle, Strategy, Third-Person",Intelligent Systems,Nintendo,2015.0,7.83,11.05,29.98,16.4,7.83,83.0,8.0
strider 2,PS,3.84,2.96,9.38,"Action, Platform, Scrolling, Side",Capcom,Capcom,2000.0,0.8,1.27,0.95,0.87,0.8,69.0,8.3
strike suit infinity,PC,3.46,3.11,21.57,Action,Born Ready Games,Born Ready Games,2013.0,6.0,7.0,9.9,7.75,6.0,66.0,7.1
strike suit zero,PC,3.56,3.57,14.69,Flight Combat,Born Ready Games,Born Ready Games,2013.0,8.03,11.37,21.15,9.55,8.03,66.0,7.3
strike suit zero: director's cut,XONE,2.9,3.26,4.81,"Flight, Simulation",Born Ready Games,Born Ready Games,2014.0,6.43,8.5,12.07,8.1,6.43,67.5,6.05
strike vector ex,PS4,3.3,3.16,11,Action,Ragequit Corporation,Ragequit Corporation,2017.0,2.42,3.75,17.35,4.73,2.42,75.0,7.0
stronghold 2,PC,3.66,3.45,43.41,Real Time Strategy,Firefly Studios,2K Games,2005.0,16.58,21.68,34.37,23.93,16.58,63.0,6.4
stronghold 3,PC,2.26,3.18,23.44,"Historical Real-Time, Strategy/Tactical",Firefly Studios,SouthPeak Games,2011.0,10.08,13.42,7.0,9.3,10.08,47.0,3.0
stronghold legends,PC,3.34,3.47,44.5,Strategy,Firefly Studios,2K Games,2006.0,11.9,54.78,101.67,48.63,11.9,57.0,7.6
stronghold: crusader,PC,4.12,3.41,53.11,"Real-Time, Strategy",Firefly Studios,Unknown,2002.0,16.33,46.85,102.62,50.05,16.33,78.0,8.8
stronghold: crusader extreme,PC,3.53,3.41,46.17,"Real-Time, Strategy",Firefly Studios,Gamecock Media Group,2008.0,38.55,13.42,35.98,37.58,38.55,45.0,6.7
stuart little 2,GBA,3.07,2.47,27.23,Action,Infogrames,Hyperspace Cowgirls,2002.0,3.43,13.42,4.12,3.72,3.43,60.5,7.55
stubbs the zombie in rebel without a pulse,PC,3.52,2.93,9.69,Action,Wideload,Aspyr,2005.0,6.08,7.85,9.85,6.75,6.08,67.0,7.566666666666666
stuntman,GBA,3.02,3.84,11.14,"Action, Driving, Racing",Reflections Interactive,Unknown,2002.0,8.57,7.87,16.02,10.23,8.57,74.0,6.3
stuntman: ignition,X360,3.28,3.5,17.68,"Action, Driving, Racing",Paradigm Entertainment,THQ,2007.0,5.65,9.95,13.6,8.28,5.65,75.5,6.75
stupid invaders,DC,3.3,2.44,11.43,"Adventure, Point-And-Click",Xilam,Ubi Soft Entertainment,2000.0,5.05,13.42,4.05,4.72,5.05,65.0,7.7
stygian: reign of the old ones,PC,3.27,3.8,20,Role-Playing,Cultic Games,1C Entertainment,2019.0,13.65,20.03,20.0,17.82,13.65,81.0,8.0
styx: master of shadows,XONE,3.01,3.68,18.42,Action,Cyanide Studio,Focus Home Interactive,2014.0,17.02,23.35,43.62,24.87,17.02,70.0,6.933333333333334
styx: shards of darkness,PC,3.52,2.85,22.57,"Stealth, Third-Person",Cyanide,Focus Home Interactive,2017.0,12.52,17.5,29.18,17.93,12.52,72.0,7.3999999999999995
sub rebellion,PS2,3.65,3.47,13.14,"Action Adventure, Shooter, Simulation, Vehicular Combat",Unknown,Irem Corp.,2002.0,6.83,42.95,20.95,18.87,6.83,71.0,7.333333333333333
submarine titans,PC,4.02,3.53,27.85,Simulation,Ellipse Studios,Strategy First,2000.0,20.97,20.0,20.95,20.65,20.97,69.0,7.5
submerged,PC,3.17,2.36,5.18,"Adventure, Third-Person",Uppercut Games,Uppercut Games,2015.0,2.4,3.52,5.45,4.08,2.4,53.333333333333336,5.633333333333333
submerged: hidden depths,PC,3.0,1.9,5.83,"Adventure, Third-Person",Uppercut Games,Uppercut Games,2022.0,4.5,6.35,8.77,7.15,4.5,70.66666666666667,4.7
subnautica,MAC,3.63,3.25,65,"First-Person, Open World",Unknown Worlds Entertainment,Unknown Worlds Entertainment,2018.0,30.5,44.25,55.37,44.4,30.5,82.66666666666667,8.433333333333332
subnautica: below zero,PC,3.87,2.94,25.85,"First-Person, Open World, Survival",Unknown Worlds Entertainment,Unknown Worlds Entertainment,2019.0,20.63,27.2,32.28,27.18,20.63,80.0,6.125
subsurface circular,PC,3.44,1.88,2.83,"Adventure, Point-And-Click, Puzzle, Text, Visual Novel",Bithell Games,Bithell Games,2017.0,2.05,2.43,2.53,2.27,2.05,79.0,7.8
sudden strike,PC,4.0,3.91,32.8,"Real-Time, Strategy",Fireglow,Kalypso Media Digital,2001.0,105.43,13.42,200.0,136.95,105.43,69.0,7.6
sudden strike ii,PC,3.96,3.33,34.4,"Real-Time, Strategy",Fireglow,Kalypso Media Digital,2002.0,85.38,13.42,20.95,85.38,85.38,68.0,8.4
sudeki,PC,3.66,2.97,32.15,"Action, Adventure, First-Person, Role-Playing, Third-Person",Climax Group,Unknown,2004.0,11.37,19.25,23.28,17.67,11.37,72.0,8.3
suikoden ii,PS,4.54,2.96,56.12,Role-Playing,Konami,Konami,1999.0,33.67,44.25,52.62,43.97,33.67,82.0,9.1
suikoden iii,PS2,3.99,3.09,61.3,Role-Playing,Konami,Konami,2002.0,62.78,68.72,78.0,70.67,62.78,86.0,8.8
suikoden iv,PS2,3.57,2.8,50.81,Role-Playing,Konami,Konami,2005.0,29.87,34.33,45.27,36.78,29.87,63.0,7.4
suikoden tactics,PS2,3.58,3.27,46.89,Tactical Role-Playing,Konami,Konami,2005.0,36.13,38.28,54.78,40.78,36.13,68.0,8.3
suikoden tierkreis,DS,3.91,2.8,48.21,Role-Playing,Konami,Konami,2009.0,41.65,49.87,59.67,50.52,41.65,76.0,7.8
suikoden v,PS2,4.18,2.91,66.49,"Isometric, Role-Playing",Unknown,Konami,2006.0,52.15,74.03,79.45,71.73,52.15,76.0,8.6
sumioni: demon arts,VITA,3.11,3.12,6.04,Action,ACQUIRE,XSEED,2012.0,0.75,4.33,20.95,1.77,0.75,57.0,6.1
sumire,NS,3.89,1.63,6.67,Adventure,GameTomo,GameTomo,2021.0,3.33,3.48,6.28,3.85,3.33,86.0,8.3
summer heat beach volleyball,PS2,3.22,3.5,20.6,Sports,Acclaim Studios Cheltenham,Acclaim,2003.0,8.2,16.2,20.95,16.2,8.2,65.0,7.7
summer in mara,PC,2.65,2.22,24.06,Unknown,Chibig,Chibig,2020.0,21.65,23.28,28.87,26.07,21.65,61.0,7.8
summon night 5,PSP,4.02,3.05,46.03,"Isometric, Role-Playing, Strategy/Tactical, Turn-Based",Felistella,Unknown,2015.0,24.22,13.42,20.95,24.22,24.22,74.0,6.8
summon night 6: lost borders,PS4,3.49,2.65,60.53,"Role-Playing, Tactical",Media.Vision,Unknown,2017.0,65.0,61.33,259.2,101.63,65.0,71.0,7.0
summon night: swordcraft story,GBA,4.06,2.98,31.79,"Action, Role-Playing, Side, Top-Down",Flight-Plan,Unknown,2006.0,14.12,22.37,32.75,17.93,14.12,77.0,8.2
summon night: swordcraft story 2,GBA,4.07,3.08,33.62,"Action, Role-Playing, Side, Top-Down",Flight-Plan,Unknown,2006.0,16.97,31.73,20.95,20.93,16.97,79.0,8.7
summon night: twin age,DS,3.84,2.72,29.57,"Action, Role-Playing",Flight-Plan,NA: Atlus,2008.0,13.92,15.28,20.2,14.9,13.92,73.0,7.3
summoner,PS2,3.37,3.12,45.92,Role-Playing,Volition,THQ,2000.0,25.33,37.32,35.77,34.1,25.33,76.0,7.65
summoner 2,PS2,3.61,3.26,40.37,Role-Playing,Volition,THQ,2002.0,22.85,27.8,29.5,25.85,22.85,76.0,8.4
sundered,PC,3.66,3.61,16.17,"Action, Adventure, Open World, Platform",Thunder Lotus Games,Thunder Lotus Games,2017.0,11.98,15.82,21.13,16.08,11.98,72.0,7.15
sunless sea,PC,3.6,3.95,35.96,Adventure,Failbetter Games,Failbetter Games,2014.0,20.48,64.27,129.17,62.37,20.48,81.0,7.5
sunset overdrive,PC,3.85,2.63,30.13,"Action, Shooter, Third-Person",Insomniac Games,Microsoft Studios,2014.0,10.15,18.32,35.42,16.63,10.15,81.0,7.9
super army war,GBA,3.28,3.08,14.91,"Action, Flight, Real-Time, Scrolling, Side, Simulation, Strategy, Tactical, Vehicular Combat",Neko Entertainment,Atlus,2005.0,9.63,13.42,20.95,9.63,9.63,58.0,7.333333333333333
super beat sports,NS,3.64,4.0,3.75,Music/Rhythm,Harmonix Music Systems,Harmonix Music Systems,2017.0,6.0,13.42,20.95,6.0,6.0,68.0,7.1
super bomberman r,XONE,3.28,3.0,11.11,Action,Unknown,Konami Digital Entertainment,2017.0,4.2,7.33,11.8,5.25,4.2,64.0,6.533333333333334
super bomberman r online,NS,3.5,3.33,7.92,"Action, Battle Arena",Unknown,Konami,2020.0,8.2,13.42,20.95,11.25,8.2,80.0,7.2
super bubble pop,GC,2.89,3.44,12.8,Puzzle,Zombie Studios,Jaleco,2002.0,3.57,1.0,20.95,2.92,3.57,54.0,5.5
super bust-a-move,GBA,3.02,2.88,12.22,Puzzle,Taito Corporation,Acclaim Entertainment,2000.0,1.08,13.42,20.95,1.08,1.08,76.0,7.0
super bust-a-move 2,PS2,3.24,2.2,4.56,Puzzle,Unknown,Ubisoft,2002.0,1.85,13.42,20.95,1.85,1.85,73.0,8.3
super cloudbuilt,PC,3.88,4.14,14,Platform,Unknown,Double Eleven,2017.0,3.0,7.67,52.8,15.62,3.0,76.0,6.9
super contra,ARC,3.39,4.13,9.05,"Scrolling, Shooter, Side",Konami,Konami,1988.0,1.17,1.45,5.05,1.55,1.17,61.0,6.3
super daryl deluxe,PC,3.77,3.54,28.89,"Action, Role-Playing",Dan & Gary Games,Dan & Gary Games,2018.0,17.0,25.3,34.37,29.53,17.0,69.5,6.3500000000000005
super dodge ball advance,GBA,3.56,2.83,8.93,Sports,Million Co.,Atlus,2001.0,1.38,5.58,6.0,2.95,1.38,79.0,7.8
super dodgeball brawlers,DS,3.73,2.82,6.78,"Action, Arcade, Sports",Arc System Works Access,Unknown,2008.0,0.68,13.42,6.88,3.78,0.68,65.0,7.333333333333333
super dragon ball heroes: world mission,PC,3.66,3.0,55.64,Card Game,Unknown,BANDAI NAMCO Entertainment,2019.0,39.85,78.5,97.25,61.35,39.85,69.0,7.5
super dragon ball z,PS2,3.35,3.08,24.95,Fighting,Unknown,Atari,2006.0,4.13,8.55,11.25,6.78,4.13,72.0,6.6
super exploding zoo,PS4,2.6,2.39,16.44,Action,Honeyslug,Honeyslug,2015.0,3.7,4.78,6.45,5.43,3.7,69.0,5.0
super ghouls 'n ghosts,GBA,3.68,4.57,16.4,"Action, Platform, Scrolling",Capcom,Capcom,1991.0,4.15,3.5,6.37,4.58,4.15,78.0,8.3
super hydorah,PS4,3.95,4.0,15.33,Action,Unknown,Abylight Studios,2017.0,2.63,4.45,20.95,3.23,2.63,82.0,7.35
super little acorns 3d turbo,3DS,3.57,2.77,8,"Action, Adventure",Unknown,Pixel Toys,2013.0,3.4,7.17,16.6,6.45,3.4,77.0,7.2
super lucky's tale,PC,3.41,3.13,15.4,Platform,Playful,Microsoft Studios,2017.0,6.07,10.67,14.13,10.2,6.07,64.0,7.0
super mario 3d all-stars,NS,4.04,3.13,58.51,"Compilation, Platform, Third-Person",Nintendo EPD,Nintendo,2020.0,34.38,51.07,67.78,51.9,34.38,82.0,6.4
super mario 3d land,3DS,4.12,2.87,24.28,Platform,Nintendo EAD Tokyo,Nintendo,2011.0,7.32,13.07,24.27,13.75,7.32,90.0,8.4
super mario 3d world,WIIU,4.34,3.0,31.59,Platform,Nintendo EAD Tokyo,Nintendo,2013.0,10.92,19.18,38.2,19.55,10.92,93.0,8.9
super mario 3d world + bowser's fury,NS,4.28,3.04,28.19,"Action, Platform, Third-Person",Nintendo EPD,Nintendo,2021.0,10.03,17.18,27.87,17.7,10.03,89.0,8.7
super mario 64,N64,4.4,3.12,35.31,"Platform, Third-Person",Nintendo EAD,Nintendo,1996.0,11.73,17.13,20.15,16.17,11.73,94.0,9.1
super mario 64 ds,DS,4.04,3.09,33.81,"Platform, Third-Person",Nintendo EAD,Nintendo,2004.0,13.98,23.0,27.98,21.77,13.98,85.0,8.3
super mario advance,GBA,3.8,3.11,16.13,Adventure,Nintendo Entertainment Analysis and Development,Nintendo,2001.0,3.63,5.68,9.25,5.1,3.63,84.0,7.6
super mario advance 4: super mario bros. 3,GBA,4.24,3.2,18.09,Platform,Nintendo EAD,Nintendo,2003.0,5.65,6.77,9.52,6.97,5.65,94.0,8.9
super mario bros. 35,NS,3.91,3.31,40.77,"Action, Platform",Arika,Nintendo,2020.0,8.2,13.42,20.95,11.25,8.2,75.0,7.6
super mario galaxy,WII,4.4,3.0,34.12,"Adventure, Platform, Third-Person",Nintendo EAD Tokyo,Nintendo,2007.0,13.62,21.67,35.53,21.4,13.62,97.0,9.1
super mario galaxy 2,WII,4.46,3.14,36.71,"Adventure, Third-Person",Nintendo EAD Tokyo,Nintendo,2010.0,13.48,21.23,34.1,22.25,13.48,97.0,9.1
super mario maker,WIIU,4.33,3.18,68.52,"Platform, Sandbox",Nintendo EAD Group No. 4,Nintendo,2015.0,5.82,40.08,136.67,31.65,5.82,88.0,8.7
super mario maker 2,NS,4.16,3.1,60.48,"Platform, Side",Nintendo EPD,Nintendo,2019.0,7.83,22.63,20.22,15.03,7.83,88.0,8.5
super mario maker for nintendo 3ds,3DS,3.59,3.13,41.67,Platform,Nintendo EAD,Nintendo,2016.0,9.28,17.95,55.98,20.0,9.28,73.0,6.5
super mario odyssey,NS,4.48,2.85,44.94,"Action, Platform, Third-Person",Nintendo,Nintendo,2017.0,12.97,28.78,63.97,30.57,12.97,97.0,8.9
super mario party,NS,3.66,2.75,30.46,Party,NDcube,Nintendo,2018.0,7.57,16.22,24.55,15.57,7.57,76.0,7.0
super mario strikers,GC,3.72,2.94,23.17,Sports,Next Level Games,Nintendo,2005.0,5.67,8.63,11.92,7.45,5.67,76.0,8.6
super mario sunshine,GC,4.07,3.3,35.3,Platform,Nintendo EAD,Nintendo,2002.0,14.98,20.53,28.57,20.07,14.98,92.0,8.4
super meat boy,MAC,3.57,4.65,46,"Platform, Side",Team Meat,Unknown,2010.0,9.45,19.07,46.23,16.73,9.45,86.5,7.75
super mega baseball,PS3,4.09,3.88,43.16,Sports,Metalhead Software,Metalhead Software,2014.0,16.25,13.42,20.95,16.25,16.25,85.0,7.2
super mega baseball 2,XONE,3.77,4.0,43.08,"Arcade, Sports",Metalhead Software,Metalhead Software,2018.0,10.23,47.2,20.95,26.65,10.23,79.0,6.8500000000000005
super mega baseball: extra innings,XONE,3.64,4.13,64.12,Sports,Metalhead Software,Metalhead Software,2015.0,16.1,45.2,177.0,43.83,16.1,80.0,7.1
super monday night combat,PC,3.26,3.36,28.55,Third-Person Shooter,Uber Entertainment,Uber Entertainment,2012.0,4.05,13.42,62.92,17.13,4.05,76.0,3.7
super monkey ball,IOS,3.29,3.08,14.3,Party,Amusement Vision,Sega,2001.0,3.58,8.65,39.68,8.57,3.58,87.0,8.0
super monkey ball 2,IOS,3.5,3.1,24.8,Party,Amusement Vision,Sega,2002.0,5.62,15.42,22.28,9.4,5.62,87.0,8.3
super monkey ball 3d,3DS,3.06,2.64,16.07,Party,Dimps,Sega,2011.0,2.02,3.63,6.5,2.32,2.02,55.0,5.4
super monkey ball adventure,PSP,2.72,3.71,44.57,Platform,Traveller's Tales,Nintendo,2006.0,7.38,11.63,16.67,11.4,7.38,53.333333333333336,6.733333333333333
super monkey ball deluxe,PS2,3.55,3.74,35.68,Party,Sega,Sega,2005.0,4.05,16.75,22.0,8.05,4.05,79.5,7.8
super monkey ball jr.,GBA,3.21,3.61,17.55,Puzzle,Realism,THQ,2002.0,6.0,6.17,20.95,6.03,6.0,82.0,7.6
super monkey ball: banana blitz,WII,3.17,3.61,20.39,Party,Sega,Sega,2006.0,6.27,25.08,20.95,9.85,6.27,74.0,5.8
super monkey ball: banana blitz hd,NS,3.06,3.74,13.55,"Platform, Third-Person",Ryu Ga Gotoku Studio,Sega,2019.0,4.85,5.93,7.6,5.22,4.85,65.0,5.266666666666667
super monkey ball: banana mania,NS,3.74,4.17,32.2,Platform,Ryu Ga Gotoku Studio,Sega,2021.0,7.32,14.28,46.67,10.72,7.32,76.0,7.133333333333334
super monkey ball: banana splitz,VITA,3.41,3.86,30.91,"Party, Platform",Marvelous AQL,Sega,2012.0,0.95,5.77,20.95,2.75,0.95,66.0,7.3
super monkey ball: step & roll,WII,3.3,3.08,21.55,Puzzle,Sega,Sega,2010.0,4.0,13.42,20.95,4.0,4.0,59.0,6.8
super monkey ball: touch & roll,DS,3.33,3.64,13.8,Party,Sega,Sega,2006.0,1.38,9.3,20.95,3.53,1.38,63.0,7.7
super motherload,PS4,3.22,2.5,9.65,Unknown,XGen Studios,XGen Studios,2013.0,6.23,9.47,27.97,8.52,6.23,65.0,6.7
super one more jump,NS,3.42,3.86,6.67,Platform,SMG Studio,SMG Studio,2018.0,5.88,8.03,9.5,7.12,5.88,81.0,8.2
super paper mario,WII,3.98,2.86,32.89,"Adventure, Platform, Role-Playing",Intelligent Systems,Nintendo,2007.0,18.63,25.58,53.73,24.4,18.63,85.0,8.0
super princess peach,DS,3.7,2.36,18.29,Platform,Unknown,Nintendo,2006.0,7.78,10.48,15.87,10.35,7.78,75.0,7.8
super puzzle fighter ii,GBA,4.07,3.35,21.19,"Fighting, Puzzle",Capcom,Capcom,2011.0,0.55,13.42,20.95,0.55,0.55,83.0,7.333333333333333
super puzzle fighter ii turbo,SAT,4.01,3.42,18.04,Puzzle,Capcom,Capcom,1996.0,0.97,1.68,3.78,1.28,0.97,83.0,8.5
super puzzle fighter ii turbo hd remix,PS3,3.84,3.05,9.95,"Puzzle, Strategy",Backbone Emeryville,Capcom,2007.0,1.72,7.68,20.95,2.47,1.72,82.5,7.7
super robot taisen og saga: endless frontier,DS,4.09,3.12,41.07,Role-Playing,Unknown,Unknown,2009.0,32.28,35.78,41.42,34.93,32.28,73.0,8.3
super robot taisen: original generation,GBA,4.02,3.4,46.84,Tactical Role-Playing,Banpresto,Unknown,2006.0,41.0,30.0,66.95,45.98,41.0,72.0,6.7
super robot taisen: original generation 2,GBA,4.08,3.68,52.26,Tactical Role-Playing,Banpresto,Unknown,2006.0,26.5,36.25,175.0,68.5,26.5,82.0,8.4
super robot wars 30,PC,3.87,3.08,70,Role-Playing,B.b.studio,BANDAI NAMCO Entertainment,2021.0,50.38,128.75,153.7,126.13,50.38,79.0,7.3
super runabout: san francisco edition,DC,3.63,3.16,22.57,"Driving, Racing",Climax Entertainment,Interplay Entertainment,2000.0,8.2,5.0,20.95,5.0,8.2,65.0,7.3
super scribblenauts,DS,4.0,2.79,24.64,"Action, Puzzle",5th Cell,Unknown,2010.0,7.0,11.03,33.68,11.65,7.0,81.0,8.3
super smash bros.,N64,4.21,2.98,35.07,Fighting,HAL Laboratory,Nintendo,1999.0,3.55,13.88,23.12,11.28,3.55,79.0,8.7
super smash bros. brawl,WII,4.39,3.08,53.99,Fighting,Ad hoc development team,Nintendo,2008.0,12.1,58.62,210.7,54.67,12.1,93.0,8.8
super smash bros. for nintendo 3ds,3DS,4.32,3.15,63.4,Fighting,Unknown,Nintendo,2014.0,5.9,44.08,129.35,49.93,5.9,85.0,8.5
super smash bros. for wii u,WIIU,4.39,3.18,71.51,Fighting,Unknown,Nintendo,2014.0,5.53,61.23,158.78,53.2,5.53,92.0,8.9
super smash bros. melee,GC,4.49,3.2,59.99,Fighting,HAL Laboratory,Nintendo,2001.0,10.28,56.68,157.88,62.35,10.28,92.0,9.0
super smash bros. ultimate,NS,4.4,3.32,73.79,"Fighting, Platform",Unknown,Nintendo,2018.0,24.1,47.82,91.4,50.43,24.1,93.0,8.6
super stardust delta,VITA,3.99,3.29,9.79,Shoot 'Em Up,Housemarque,Sony Online Entertainment,2012.0,1.93,6.75,5.5,3.95,1.93,82.0,8.0
super stardust hd,PS3,3.8,3.59,17.62,Shooter,Housemarque,Sony Computer Entertainment,2007.0,3.1,10.37,18.3,7.13,3.1,85.0,7.9
super stardust ultra,PS4,3.75,3.33,11.5,"Scrolling, Shooter",Unknown,Sony Computer Entertainment,2015.0,2.35,4.07,11.5,5.62,2.35,74.0,7.1
super street fighter ii turbo hd remix,PS3,3.93,3.52,17.51,Fighting,Backbone Entertainment,Capcom,2008.0,1.17,2.67,8.5,1.75,1.17,87.5,7.7
super street fighter iv,PS3,4.08,3.45,33.48,Fighting,Unknown,Capcom,2010.0,2.08,26.83,72.72,12.23,2.08,91.5,7.75
super street fighter iv: 3d edition,3DS,3.78,3.35,23.66,Fighting,Unknown,Unknown,2011.0,4.55,22.38,20.95,11.38,4.55,85.0,8.0
super street fighter iv: arcade edition,ARC,3.86,3.36,43.5,Fighting,Unknown,Capcom,2010.0,2.58,16.82,73.6,10.48,2.58,80.66666666666667,7.3999999999999995
super time force ultra,VITA,3.21,3.0,9.6,"Action, Platform, Scrolling",Capybara Games,Capybara Games,2014.0,4.53,7.32,15.93,7.07,4.53,80.0,6.599999999999999
super toy cars,PS4,3.63,2.23,14,Arcade,Eclipse Games,Eclipse Games,2014.0,2.5,4.9,6.3,4.32,2.5,56.0,7.4
supercar street challenge,PS2,2.9,2.84,25,"Driving, Racing, Third-Person",Exakt Entertainment,Activision,2001.0,7.0,8.42,12.0,9.13,7.0,51.0,5.75
superdimension neptune vs sega hard girls,VITA,3.78,2.64,41.14,"Role-Playing, Third-Person, Turn-Based",Unknown,Idea Factory,2016.0,17.37,20.67,38.15,25.27,17.37,72.0,8.1
superepic: the entertainment war,NS,3.38,3.0,12,Unknown,Undercoders,Numskull Games,2019.0,10.13,12.5,12.02,11.67,10.13,76.0,7.7
superfrog hd,PC,2.33,2.24,6.86,"Action, Platform",Team17 Digital,Team17,2013.0,3.13,6.5,7.73,4.98,3.13,61.0,6.2
superhot,PC,3.63,3.09,6.1,"Action, First-Person, Puzzle, Shooter",SUPERHOT Team,SUPERHOT Team,2016.0,2.5,5.53,20.05,3.98,2.5,82.66666666666667,7.566666666666666
superhot vr,PS4,4.11,3.56,5.58,"Action, Puzzle, Shooter, Virtual Reality",SUPERHOT Team,SUPERHOT Team,2016.0,1.92,3.43,7.72,2.45,1.92,79.0,7.5
superhot: mind control delete,PC,3.37,3.16,10.53,"Action, First-Person, Roguelike, Shooter",SUPERHOT Team,SUPERHOT Team,2020.0,7.32,12.25,15.07,12.1,7.32,79.0,6.333333333333333
superman returns,X360,2.54,2.54,12.5,Action,EA Tiburon,Electronic Arts,2006.0,7.33,8.85,21.12,10.98,7.33,45.0,5.233333333333333
superman: shadow of apokolips,PS2,3.13,3.1,8.4,"Action, Adventure",Infogrames,Atari,2002.0,4.35,4.97,3.1,4.35,4.35,65.0,6.75
supersonic acrobatic rocket-powered battle-cars,PS3,3.6,2.84,18.63,Sports,Psyonix Studios,Psyonix Studios,2008.0,6.87,13.42,37.0,18.92,6.87,67.0,7.7
supremacy mma,X360,1.41,4.22,1.9,Sports,Kung Fu Factory,505 Games,2011.0,0.52,3.48,20.95,2.0,0.52,48.0,5.9
supreme commander,X360,3.45,3.18,32.2,"Real-Time, Strategy/Tactical",Unknown,THQ,2007.0,19.27,33.47,46.12,30.4,19.27,71.0,7.3500000000000005
supreme commander 2,PC,3.57,3.08,34.7,"Real-Time, Strategy/Tactical",Gas Powered Games,Square Enix,2010.0,15.18,27.32,52.33,23.52,15.18,76.0,6.6
supreme commander: forged alliance,PC,4.2,3.41,42.03,"Real-Time, Strategy/Tactical",Gas Powered Games,THQ,2007.0,17.67,27.4,85.95,22.37,17.67,81.0,8.9
surfing h3o,PS2,1.71,3.6,8.08,Sports,Opus,Rockstar Games,2000.0,1.0,13.42,20.95,1.0,1.0,46.0,3.6
surge deluxe,VITA,3.25,2.35,8,"Point-And-Click, Puzzle, Real-Time",FuturLabs,Unknown,2014.0,2.0,4.42,27.72,9.03,2.0,77.0,7.0
surviving mars,PC,3.23,3.32,35.39,Simulation,Haemimont Games,Paradox Interactive,2018.0,22.72,50.82,216.53,48.73,22.72,75.0,6.5
sushi striker: the way of sushido,NS,3.89,3.56,68.47,"Action, Puzzle",Unknown,Nintendo,2018.0,15.5,26.47,20.95,20.25,15.5,76.0,7.7
suzerain,PC,4.0,3.43,27.43,"Role-Playing, Text, Turn-Based, Visual Novel",Torpor Games,Fellow Traveller,2020.0,12.12,22.82,38.0,16.15,12.12,81.0,8.0
swat 4,PC,3.92,3.53,16.92,"First-Person, Shooter, Strategy/Tactical",Irrational Games,Vivendi Universal Games Sierra Entertainment,2005.0,9.38,13.65,17.78,11.8,9.38,85.0,8.6
swat: global strike team,XBOX,3.0,2.67,7.2,"Action, Tactical Shooter",Argonaut Games,Unknown,2003.0,6.27,13.42,6.0,6.23,6.27,69.0,7.05
swingerz golf,GC,3.76,3.5,43.25,"Arcade, Sports",Telenet,Eidos Interactive,2002.0,17.32,13.42,20.95,17.32,17.32,72.0,7.3
sword and fairy: together forever,PS5,3.83,2.83,36.67,"Action, Role-Playing",Softstar Technology,CubeGame,2021.0,21.9,28.92,36.08,28.97,21.9,73.0,7.8
sword art online re: hollow fragment,PC,3.71,2.67,65.56,"Action, Open World, Role-Playing, Third-Person, Visual Novel",Aquria,Bandai Namco Games,2015.0,54.0,88.92,182.55,85.97,54.0,65.0,7.1
sword art online: alicization lycoris,PC,2.92,3.11,54.29,Role-Playing,Bandai Namco Games,Bandai Namco Games,2020.0,63.98,101.97,196.1,100.48,63.98,58.0,6.0
sword art online: fatal bullet,PC,3.39,3.02,55.75,Role-Playing,Dimps,BANDAI NAMCO Entertainment,2018.0,25.88,57.7,141.92,53.4,25.88,65.66666666666667,7.166666666666667
sword art online: hollow fragment,VITA,4.04,3.14,80.00+,"Action, Role-Playing, Third-Person",Aquria,Namco Bandai Games,2014.0,54.7,117.17,161.92,102.92,54.7,67.0,7.5
sword art online: hollow realization,PC,3.65,2.97,58.15,Role-Playing,Aquria,Bandai Namco Entertainment,2016.0,33.85,54.37,195.85,65.3,33.85,69.0,7.400000000000001
sword art online: lost song,PS4,3.85,2.86,52.25,"Action, Adventure, Real-Time, Role-Playing, Third-Person",Artdink,Bandai Namco Games,2015.0,23.65,29.57,47.92,31.7,23.65,63.0,6.2
sword of mana,GBA,3.64,2.92,32.02,Unknown,Brownie Brown,Unknown,2003.0,16.43,22.35,43.38,20.35,16.43,72.0,8.4
sword of the stars: the pit,PC,3.66,4.14,44.56,"Roguelike, Role-Playing, Top-Down",Kerberos Productions,Kerberos Productions,2013.0,24.5,41.95,55.0,32.22,24.5,69.0,7.7
swords & soldiers hd,PC,2.94,2.92,25,"Action, Real-Time",Ronimo Games,Ronimo Games,2010.0,4.88,7.32,14.03,6.25,4.88,78.0,6.7
swords & soldiers ii,WIIU,3.76,3.55,36,"Action, Scrolling, Strategy, Third-Person, Tower Defense",Romino Games,Romino Games,2015.0,6.57,6.03,20.95,6.48,6.57,75.0,7.9
sx superstar,XBOX,3.39,2.86,18.67,"Driving, Racing",Climax Studios,AKA Acclaim,2003.0,3.68,13.42,20.95,3.68,3.68,53.0,7.333333333333333
syberia,DS,2.81,4.2,24.8,"Adventure, Point-And-Click, Puzzle, Third-Person",Microids,The Adventure Company,2002.0,9.55,11.47,12.25,10.65,9.55,66.4,7.475
syberia 3,PC,2.6,3.08,20.94,"Adventure, Point-And-Click, Puzzle",Microids,Microids,2017.0,12.98,15.88,17.15,15.07,12.98,49.5,5.85
syberia ii,PS3,3.59,3.26,17.71,"Adventure, Point-And-Click, Puzzle, Third-Person",Microids,Microids,2004.0,7.67,9.57,10.12,8.63,7.67,75.5,7.85
syberia: the world before,PC,3.82,2.15,17.33,Adventure,Microids,Microids,2021.0,13.68,14.52,16.38,14.68,13.68,79.0,8.3
sydney 2000,PS,2.64,2.8,16.73,Sports,Attention To Detail,Eidos Interactive,2000.0,1.5,13.42,15.0,10.5,1.5,53.666666666666664,6.5
symphony,PC,3.66,3.1,16.19,Shooter,Empty Clip Studios,Empty Clip Studios,2012.0,8.45,14.38,23.78,11.45,8.45,75.0,7.6
symphony of war: the nephilim saga,PC,4.03,2.85,36.92,Role-Playing,Dancing Dragon Games,Freedom Games,2022.0,30.83,41.68,70.65,43.33,30.83,81.0,8.2
syphon filter,PS4,3.8,3.33,22.4,"Shooter, Stealth, Third-Person",Eidetic,Sony Computer Entertainment,1999.0,10.72,13.68,10.9,11.27,10.72,90.0,8.6
syphon filter 3,PS,3.83,3.3,19.9,Stealth,SCE Bend Studio,Sony Computer Entertainment,2001.0,7.75,9.05,6.93,7.95,7.75,73.0,8.6
syphon filter: dark mirror,PSP,3.7,3.18,26.17,"Shooter, Stealth, Third-Person",SCE Bend Studio,Sony Computer Entertainment,2006.0,7.0,8.15,13.18,7.82,7.0,78.5,7.35
syphon filter: logan's shadow,PSP,3.93,3.92,53.04,Stealth,SCE Bend Studio,Sony Computer Entertainment,2007.0,9.22,8.7,11.78,9.43,9.22,85.0,8.0
syphon filter: the omega strain,PS2,3.46,3.65,25.32,"Stealth, Third-Person Shooter",SCE Bend Studio,Sony Computer Entertainment,2004.0,11.97,15.47,20.95,13.13,11.97,65.0,7.1
table top racing,VITA,3.81,2.65,9.33,"Car Combat, Driving, Racing, Real-Time, Third-Person",Playrise Digital,Playrise Digital,2014.0,4.5,8.78,20.95,6.63,4.5,63.0,7.0
table top racing: world tour,PS4,3.47,2.89,18.94,"Driving, Racing",Playrise Digital,Playrise Digital,2016.0,4.78,9.52,18.22,10.92,4.78,65.0,5.550000000000001
tacoma,XONE,3.25,1.5,3.79,Adventure,Fullbright,Fullbright,2017.0,2.52,3.2,3.62,3.08,2.52,78.0,6.066666666666666
tactics ogre: reborn,PS5,4.14,4.35,80.00+,"Isometric, Strategy/Tactical, Turn-Based",Square Enix,Square Enix,2022.0,53.1,107.53,192.38,100.23,53.1,85.0,5.566666666666666
tactics ogre: the knight of lodis,GBA,4.08,3.19,47.77,Tactical Role-Playing,Quest,Atlus,2002.0,29.58,46.93,28.2,39.87,29.58,88.0,8.7
taiko no tatsujin: drum 'n' fun!,NS,4.08,3.82,50.93,Music/Rhythm,Bandai Namco Games,Bandai Namco Games,2018.0,4.75,26.33,20.0,17.62,4.75,78.0,8.0
taiko no tatsujin: drum session!,PS4,3.83,3.97,48.83,Music/Rhythm,Bandai Namco Games,Bandai Namco Games,2017.0,2.08,32.52,400.0,50.47,2.08,70.0,6.7
tainted grail: conquest,PC,3.69,3.57,18.67,"Card Game, Role-Playing",Awaken Realms Digital,Awaken Realms Digital,2021.0,15.93,31.83,54.37,29.48,15.93,82.0,7.4
taito legends,PS2,3.5,3.1,25.04,Compilation,Unknown,Unknown,2005.0,11.0,13.42,20.95,11.0,11.0,72.33333333333333,8.2
tak 2: the staff of dreams,GBA,2.83,3.8,4.33,Platform,Avalanche Software,THQ,2004.0,8.72,13.42,20.95,8.72,8.72,73.0,8.45
tak and the power of juju,GBA,2.68,3.0,15.69,"Action, Adventure",Avalanche Software,THQ,2003.0,6.97,9.53,20.95,7.73,6.97,72.66666666666667,8.4
takedown: red sabre,X360,0.71,4.36,4.5,"First-Person, Shooter, Tactical",Serellan,505 Games,2013.0,5.97,13.42,8.5,7.23,5.97,34.0,3.0
tales of arise,XBSX,3.87,3.11,65.6,"Action, Role-Playing",Bandai Namco Studios,Bandai Namco Entertainment,2021.0,41.72,56.78,75.55,58.57,41.72,85.0,8.475
tales of berseria,PS3,4.04,3.12,79.23,Role-Playing,Bandai Namco Studios,Bandai Namco Entertainment,2017.0,44.92,69.83,158.72,65.45,44.92,79.5,6.8999999999999995
tales of graces f,PS3,4.25,3.15,70.71,Role-Playing,Namco Tales Studio,Namco Bandai,2012.0,46.9,67.3,140.12,67.47,46.9,77.0,8.4
tales of hearts r,IOS,3.86,3.38,51.33,"Role-Playing, Third-Person",Namco Tales Studio,Namco Bandai,2014.0,33.42,45.33,83.0,41.4,33.42,76.0,8.1
tales of legendia,PS2,3.72,2.94,59.77,Role-Playing,Unknown,Namco,2006.0,35.13,56.75,82.33,49.22,35.13,72.0,8.1
tales of phantasia,IOS,2.72,3.75,45.43,"Action, Role-Playing",Unknown,Unknown,2006.0,33.58,39.17,52.05,38.7,33.58,76.0,8.0
tales of symphonia,PC,3.95,3.04,71.75,"Action, Role-Playing",Namco Tales Studio,Unknown,2004.0,47.35,65.43,199.85,66.52,47.35,86.0,8.9
tales of symphonia chronicles,PS3,4.29,3.09,77.99,"Compilation, Role-Playing",Namco Bandai Games,Namco Bandai Games,2014.0,56.82,70.97,210.98,81.95,56.82,77.0,8.2
tales of symphonia: dawn of the new world,PS3,3.6,2.98,55.42,Role-Playing,Namco Tales Studio,Namco Bandai,2008.0,32.83,46.25,89.02,42.57,32.83,68.0,7.6
tales of the abyss,3DS,4.24,3.08,64.87,Role-Playing,Namco Tales Studio,Namco Bandai,2006.0,49.08,63.9,108.42,59.37,49.08,76.5,8.65
tales of the world: radiant mythology,PSP,3.73,2.95,46.3,Action Rpg,Alfa System,Unknown,2007.0,24.63,41.22,20.95,32.93,24.63,66.0,7.5
tales of vesperia,X360,4.41,3.07,71.09,"Action, Role-Playing",Namco Tales Studio,Namco Bandai,2008.0,51.47,75.7,162.05,74.2,51.47,79.0,8.5
tales of vesperia: definitive edition,PC,4.08,3.12,75.77,Role-Playing,Unknown,BANDAI NAMCO Entertainment,2019.0,45.92,72.18,154.02,64.02,45.92,81.33333333333333,7.566666666666666
tales of xillia,PS3,4.18,2.91,62.37,Role-Playing,Namco Tales Studio,Namco Bandai,2013.0,36.08,52.4,87.65,49.35,36.08,78.0,8.5
tales of xillia 2,PS3,4.15,3.03,70.36,Role-Playing,Namco Bandai Games,Namco Bandai Games,2014.0,36.1,56.45,121.95,55.88,36.1,71.0,8.1
tales of zestiria,PS4,3.59,3.03,63.01,"Action, Role-Playing, Third-Person",Bandai Namco Studios,Bandai Namco Games,2015.0,42.77,60.05,144.65,58.67,42.77,72.0,7.2
tamagotchi connection: corner shop,DS,3.47,1.77,21.88,Simulation,NanaOn-Sha,Bandai,2006.0,4.12,13.42,20.0,9.4,4.12,59.0,7.7
tamagotchi party on!,WII,3.1,1.92,49.9,Party,h.a.n.d.,Namco Bandai Games,2007.0,1.5,13.42,20.95,1.5,1.5,37.0,3.4
tang tang,GBA,3.11,3.65,8.5,Platform,GameVision,Take-Two Interactive,2001.0,1.92,13.42,4.52,3.22,1.92,56.0,7.333333333333333
tangle tower,PC,3.79,1.86,7.6,Action,SFB Games,SFB Games,2019.0,5.62,6.07,6.3,6.07,5.62,85.0,7.6
tangledeep,PC,3.76,3.44,40,Role-Playing,Impact Gameworks,Impact Gameworks,2017.0,22.17,18.43,20.95,20.67,22.17,79.0,7.7
tank troopers,3DS,4.03,2.92,12.67,"Action, Shooter, Simulation, Third-Person",Nintendo,Nintendo,2017.0,3.72,13.42,20.95,3.72,3.72,64.0,6.0
tank! tank! tank!,WIIU,3.07,2.78,37.75,Action,Namco Bandai,Namco Bandai,2009.0,6.37,13.42,30.0,10.32,6.37,45.0,5.9
tannenberg,PC,3.5,3.0,34.08,"First-Person, Real-Time, Shooter",Unknown,Unknown,2017.0,8.2,13.42,20.95,11.25,8.2,70.5,7.25
tao feng: fist of the lotus,XBOX,3.19,3.24,18.77,Fighting,Studio Gigante,Microsoft Game Studios,2003.0,6.2,13.42,20.95,6.2,6.2,65.0,6.1
tao's adventure: curse of the demon seal,DS,2.8,3.2,40.2,Role-Playing,Konami,Konami,2006.0,38.83,49.0,84.08,55.6,38.83,50.0,6.7
tappingo,3DS,3.44,1.84,7.93,"Puzzle, Strategy",Goodbye Galaxy Games,CIRCLE Ent.,2014.0,5.85,13.42,6.68,6.57,5.85,64.0,6.4
tappingo 2,3DS,3.7,1.95,5.19,Puzzle,Goodbye Galaxy Games,Unknown,2015.0,8.2,13.42,7.62,7.62,8.2,77.0,7.4
target: terror,WII,3.17,3.69,8.9,"On-Rails, Shooter",Unknown,Unknown,2004.0,1.25,13.42,20.95,1.25,1.25,33.0,3.0
tatsunoko vs. capcom: ultimate all-stars,WII,4.2,3.18,24.31,Fighting,Eighting,Capcom,2010.0,2.47,9.68,20.95,4.93,2.47,85.0,8.6
taxi chaos,NS,3.5,2.5,9,"Driving, Racing",Lion Castle,GS2 Games,2011.0,8.2,3.5,7.87,6.42,8.2,50.666666666666664,5.933333333333334
team fortress 2,MAC,4.07,3.35,72.68,"First-Person, Shooter",Valve Corporation,Valve Corporation,2007.0,8.2,13.42,20.95,11.25,8.2,92.0,9.0
team sonic racing,PS4,3.43,3.19,41.88,"Driving, Racing, Third-Person",Sumo Digital,Sega,2019.0,8.83,14.23,27.27,12.83,8.83,72.0,7.3
tearaway,VITA,4.16,2.17,13.85,Platform,Media Molecule,Sony Computer Entertainment Europe,2013.0,6.57,7.68,12.27,7.85,6.57,87.0,8.9
tearaway unfolded,PS4,3.73,2.2,20.01,Platform,Tarsier Studios,Sony Computer Entertainment Europe,2015.0,8.23,11.47,19.17,10.27,8.23,81.0,7.9
teardown,PC,3.97,3.67,32.36,"First-Person, Sandbox, Simulation",Tuxedo Labs,Tuxedo Labs,2022.0,13.05,25.92,30.53,23.58,13.05,80.0,8.4
tears to tiara ii: heir of the overlord,PS3,4.18,3.51,76.32,"Role-Playing, Strategy, Tactical, Top-Down, Turn-Based",AquaPlus,Atlus,2014.0,48.57,77.32,190.92,75.17,48.57,65.0,8.0
technobabylon,PC,3.72,3.28,12.97,"Adventure, On-Rails, Point-And-Click, Third-Person",Technocrat Games,Wadjet Eye Games,2015.0,9.53,12.22,12.92,10.95,9.53,82.0,7.7
tecmo bowl throwback,PS3,2.87,3.27,11.43,Sports,Unknown,Tecmo,2010.0,4.0,13.42,20.95,4.0,4.0,67.0,7.3
tecmo bowl: kickoff,DS,3.7,2.1,7.65,Unknown,Polygon Magic,Tecmo,2008.0,8.2,11.0,20.95,11.0,8.2,66.0,7.3
teen titans,GBA,3.23,2.8,10.22,Action,Artificial Mind and Movement,THQ,2006.0,4.55,4.85,5.18,4.7,4.55,60.0,7.466666666666667
teenage mutant ninja turtles 2: battle nexus,XBOX,3.01,2.93,12,Beat Em Up,Konami,Konami,2004.0,8.02,11.35,10.0,8.43,8.02,52.25,6.55
teenage mutant ninja turtles: arcade attack,DS,2.63,2.64,6.72,"Beat Em Up, Fighting, Scrolling, Side",Unknown,Ubisoft,2009.0,1.73,5.83,20.95,2.75,1.73,36.0,5.9
teenage mutant ninja turtles: mutants in manhattan,PC,2.93,2.7,15.2,"Action, Beat Em Up, Hack And Slash",Platinum Games,Activision,2016.0,5.18,6.65,16.68,5.93,5.18,49.5,5.75
teenage mutant ninja turtles: out of the shadows,PS3,2.97,3.16,20.4,Beat Em Up,Red Fly Studio,Activision,2013.0,6.4,8.2,14.3,7.55,6.4,38.0,5.400000000000001
teenage mutant ninja turtles: shredder's revenge,PC,3.91,2.99,6.69,"Beat Em Up, Fighting",Tribute Games,Unknown,2022.0,2.92,4.33,19.88,3.87,2.92,85.75,8.375
teenage mutant ninja turtles: smash-up,WII,3.53,2.85,18.27,Fighting,Game Arts,Ubisoft,2009.0,0.65,7.78,20.95,2.55,0.65,67.0,8.2
teenage mutant ninja turtles: the cowabunga collection,XBSX,3.67,4.42,20.86,"Action, Beat Em Up",Digital Eclipse,Konami Digital Entertainment,2022.0,9.98,13.35,16.85,14.42,9.98,80.25,6.8999999999999995
teenage mutant ninja turtles: turtles in time re-shelled,PS3,3.14,2.83,4.78,"Beat Em Up, Scrolling, Side",Ubisoft Singapore,Ubisoft Singapore,2009.0,1.8,2.63,4.35,2.23,1.8,60.0,7.0
tekken 2,ZB,3.5,3.0,10.17,Fighting,Namco,Namco,1996.0,1.22,6.57,26.08,5.6,1.22,89.0,8.3
tekken 3,ARC,4.14,3.01,22.17,Fighting,Namco,Namco,1998.0,2.48,11.98,38.45,13.48,2.48,96.0,9.1
tekken 4,ARC,3.64,3.0,23.19,Fighting,Namco,Namco,2002.0,1.7,8.4,20.82,7.0,1.7,79.0,8.0
tekken 5,ARC,3.92,3.09,30.44,Fighting,Namco,Namco,2005.0,2.32,19.82,57.17,17.15,2.32,88.0,8.6
tekken 5: dark resurrection,PS3,4.0,3.12,24,Fighting,Namco,Namco,2006.0,1.92,15.55,36.23,11.77,1.92,82.0,7.0
tekken 6,X360,3.89,3.3,31.28,Fighting,Namco Bandai,Namco Bandai,2009.0,6.65,16.13,27.27,12.92,6.65,80.33333333333333,7.566666666666666
tekken 7,PS4,3.14,2.98,37.15,Fighting,Bandai Namco Studios,Bandai Namco Entertainment,2015.0,3.67,10.55,21.83,9.87,3.67,81.66666666666667,6.533333333333334
tekken advance,GBA,3.21,2.91,8.53,Fighting,Tecmo,Tecmo,2002.0,0.45,3.25,6.37,1.32,0.45,82.0,7.7
tekken hybrid,PS3,3.7,3.03,17.28,Fighting,Namco Bandai Games,Namco Bandai Games,2011.0,0.25,13.42,7.3,3.77,0.25,65.0,6.7
tekken revolution,PS3,3.42,2.98,26.2,Fighting,Namco Bandai,Namco Bandai,2013.0,2.88,12.0,20.22,8.53,2.88,70.0,6.4
tekken tag tournament,PS2,4.04,3.02,28.53,Fighting,Namco,Namco,2000.0,1.72,9.68,13.72,6.72,1.72,85.0,8.5
tekken tag tournament 2,X360,4.07,3.35,35.67,Fighting,Namco Bandai Games,Namco Bandai Games,2012.0,2.1,19.07,30.45,12.55,2.1,82.5,7.8999999999999995
tekken tag tournament 2: wii u edition,WIIU,4.09,3.32,38.34,Fighting,Unknown,Namco,2012.0,0.83,12.13,27.5,7.55,0.83,83.0,8.0
teleglitch: die more edition,PC,3.4,4.1,11.58,Action,Test3 Projects,Paradox Interactive,2013.0,5.35,18.48,16.62,10.87,5.35,78.0,6.9
tell me why,PC,3.35,1.41,11.64,"Adventure, Third-Person",DONTNOD Entertainment,Xbox Game Studios,2020.0,9.75,11.35,14.0,11.25,9.75,76.5,5.6
telling lies,PS4,2.9,1.75,6,Adventure,Unknown,Annapurna Interactive,2019.0,4.4,7.35,9.73,7.03,4.4,81.0,6.066666666666666
tembo the badass elephant,PS4,3.53,3.35,10.95,"Platform, Scrolling",Game Freak,SEGA,2015.0,5.48,6.88,12.43,7.18,5.48,70.33333333333333,6.933333333333334
tempest 4000,PS4,3.34,3.92,21.42,Unknown,Llamasoft,Atari,2018.0,6.55,13.42,20.95,6.55,6.55,75.0,6.05
temtem,PC,3.16,3.17,54.83,"Action, Adventure, Massively Multiplayer, Role-Playing",Crema,Crema,2020.0,58.9,80.05,200.33,82.6,58.9,76.33333333333333,6.633333333333333
tenchu 2: birth of the stealth assassins,PS,4.03,3.37,24.99,Stealth Action,Acquire,Activision,2000.0,9.18,14.27,20.2,12.78,9.18,77.0,8.7
tenchu z,X360,3.66,2.96,33.75,"Action, Stealth",K2 LLC,Unknown,2007.0,17.23,11.48,48.87,26.5,17.23,56.0,7.5
tenchu: dark secret,DS,2.82,2.79,15.9,"Action, Stealth",From Software,Unknown,2006.0,5.62,13.42,20.95,5.62,5.62,37.0,5.6
tenchu: fatal shadows,PS2,3.85,3.32,24.83,Stealth,K2 LLC,Unknown,2005.0,5.67,11.33,20.95,6.98,5.67,58.0,7.8
tenchu: shadow assassins,WII,3.62,3.53,30.7,Stealth,Acquire,Unknown,2009.0,10.15,9.15,20.95,9.82,10.15,69.0,7.199999999999999
tenchu: stealth assassins,PS,4.01,3.46,20.02,Stealth Action,Acquire,Unknown,1998.0,6.82,9.55,14.95,7.9,6.82,87.0,8.7
tenchu: wrath of heaven,PS2,3.77,3.27,32.81,"Action, Tactical",K2 LLC,Unknown,2003.0,8.28,11.4,13.5,9.88,8.28,79.0,8.6
tengami,PC,3.44,1.57,4.63,"Point-And-Click, Puzzle, Side",Nyamyam,Nyamyam,2014.0,1.45,1.57,1.47,1.47,1.45,70.0,9.6
tennis in the face,PS4,2.89,2.46,6.06,Arcade,10tons,Unknown,2014.0,2.58,3.4,4.48,3.6,2.58,68.0,5.6
tennis world tour 2,PS4,2.23,4.25,7.5,"Real-Time, Sports, Third-Person",Big Ant Studios,Nacon,2020.0,10.0,12.0,20.95,11.0,10.0,58.0,6.125
tera,XONE,3.25,3.0,80.00+,"Massively Multiplayer, Role-Playing",Bluehole Studio,En Masse Entertainment,2012.0,37.48,348.18,165.08,203.75,37.48,77.0,6.8
terminator 3: rise of the machines,GBA,2.11,4.2,18.44,"First-Person, Shooter",Unknown,Atari,2003.0,3.85,4.88,5.25,4.47,3.85,41.0,4.05
terminator 3: the redemption,PS2,3.39,3.8,16.92,"Action, Adventure",Paradigm Entertainment,Atari,2004.0,6.93,8.0,10.0,7.45,6.93,67.33333333333333,7.650000000000001
terminator salvation,PS3,2.46,2.6,9.59,"Shooter, Third-Person",GRIN,Unknown,2009.0,4.08,5.87,5.97,5.07,4.08,46.666666666666664,4.566666666666666
terminator: resistance,PC,3.54,2.91,18.17,Role-Playing,Teyon,Reef Entertainment,2019.0,9.62,13.25,17.3,13.72,9.62,54.0,7.933333333333333
terminator: resistance enhanced,PS5,3.8,3.33,16.57,"Action, First-Person",Teyon,Reef Entertainment,2021.0,11.9,14.28,17.55,15.28,11.9,62.0,7.1
terraria,WINM,3.75,3.14,47.5,"Action, Adventure, Open World, Role-Playing, Sandbox, Side",Re-Logic,Re-Logic,2011.0,53.9,99.07,229.77,124.7,53.9,82.4,8.04
tesla effect: a tex murphy adventure,PC,3.61,3.21,25.5,"Adventure, First-Person, Multidirectional, Puzzle, Real-Time",Big Finish Games,Atlus,2014.0,10.67,12.9,17.4,12.35,10.67,68.0,8.5
teslagrad,PS4,3.32,3.23,12.5,"Platform, Puzzle",Rain Games,Rain Games,2013.0,5.12,5.68,7.07,6.08,5.12,78.75,7.675
test drive unlimited,PSP,3.82,3.16,65.7,"Driving, Racing",Unknown,Atari,2006.0,26.22,50.25,91.73,46.87,26.22,79.0,8.1
test drive unlimited 2,PC,3.19,2.98,51.76,"Driving, Racing",Eden Games,Atari,2011.0,30.65,72.65,125.03,63.8,30.65,70.0,6.366666666666666
test drive: eve of destruction,XBOX,3.44,3.08,24.8,"Action, Driving, Racing",Monster Games,Atari,2004.0,13.68,13.13,14.58,13.6,13.68,72.5,8.600000000000001
test drive: ferrari racing legends,X360,3.09,4.21,27.14,"Driving, Racing",Unknown,Evolved Games,2012.0,27.0,77.0,50.22,45.85,27.0,61.5,5.1499999999999995
tetris 99,NS,3.85,3.8,41.56,"Puzzle, Survival",ARIKA,Nintendo,2019.0,8.2,13.42,20.95,11.25,8.2,83.0,8.1
tetris ds,DS,4.16,3.02,27.59,Puzzle,Nintendo SPD Group No.2,Nintendo,2006.0,10.73,47.55,30.0,21.65,10.73,84.0,7.9
tetris effect,PC,3.74,3.15,7.13,Puzzle,Unknown,Enhance,2018.0,3.07,11.23,123.0,5.05,3.07,89.5,7.1
tetris effect: connected,XBSX,3.15,3.67,8.75,Puzzle,Unknown,Enhance Games,2020.0,3.57,9.87,56.67,6.02,3.57,91.0,7.8
tetris party,WII,4.08,2.99,19,Puzzle,Hudson Soft,Unknown,2008.0,2.57,13.42,20.95,2.57,2.57,86.0,7.8
tetris party deluxe,WII,3.9,2.68,16.13,Puzzle,Tetris Online,Majesco Entertainment,2010.0,0.62,13.42,20.95,0.62,0.62,74.0,6.4
tetris ultimate,PC,3.06,2.67,21.8,Puzzle,SoMa Play,Ubisoft,2014.0,1.32,3.42,40.0,5.85,1.32,63.5,4.4
tetris worlds,GC,3.24,2.72,29.46,Puzzle,Unknown,THQ,2001.0,11.73,13.42,9.17,11.37,11.73,52.25,6.125
tetrobot and co.,WIIU,3.85,3.92,18,"Puzzle, Real-Time",Swing Swing Submarine,Swing Swing Submarine,2013.0,8.98,12.32,16.5,14.95,8.98,74.5,7.85
texas hold 'em poker,GBA,2.61,2.79,3.19,Card Game,Skyworks Technologies,Majesco,2004.0,1.02,13.42,20.95,1.02,1.02,49.0,6.7
th3 plan,PS2,2.79,2.92,13.33,Action,Unknown,Unknown,2011.0,6.13,13.42,20.95,6.13,6.13,50.0,6.2
tharsis,PC,3.05,3.84,13.07,Strategy,Choice Provisions,Choice Provisions,2016.0,2.45,4.82,14.05,4.22,2.45,61.333333333333336,5.55
"that dragon, cancer",PC,3.4,1.27,2,Adventure,Numinous Games,Numinous Games,2016.0,1.87,1.98,2.1,1.93,1.87,78.0,6.2
that's you!,PS4,3.17,1.64,5.96,Party,Unknown,Sony Interactive Entertainment,2017.0,1.12,7.32,39.13,9.73,1.12,70.0,7.1
the 25th ward: the silver case,PS4,3.55,1.87,23.71,Visual Novel,Unknown,NIS America,2018.0,16.7,20.23,27.78,20.98,16.7,68.0,8.1
the 3rd birthday,PSP,3.85,3.61,26.77,"Action, Role-Playing, Third-Person",Unknown,Square Enix,2011.0,10.37,18.32,28.22,12.2,10.37,71.0,6.1
the adventure pals,PC,3.68,2.4,14.18,Role-Playing,Massive Monster,Armor Games Studios,2018.0,8.68,10.53,12.28,10.83,8.68,76.33333333333333,6.933333333333334
the adventures of cookie & cream,PS2,3.42,3.4,14,"Action, Adventure",From Software,Unknown,2001.0,4.7,6.75,11.0,6.02,4.7,78.0,7.4
the adventures of darwin,PS2,2.99,2.9,25.07,Strategy/Tactical,Vingt-et-un Systems,D3Publisher,2007.0,8.2,5.0,20.95,5.0,8.2,53.0,7.333333333333333
the adventures of jimmy neutron boy genius: attack of the twonkies,GBA,2.09,2.56,6.86,"Action, Adventure",THQ Studio Australia,THQ,2004.0,4.9,6.25,20.95,5.1,4.9,65.0,7.55
the adventures of shuggy,PC,3.26,3.14,9.15,"Platform, Puzzle",Smudged Cat Games,Unknown,2011.0,4.6,7.95,9.23,7.45,4.6,77.0,8.2
the age of decadence,PC,3.72,3.83,37.71,"Role-Playing, Turn-Based",Iron Tower Studio,Iron Tower Studio,2013.0,14.2,19.68,73.27,24.42,14.2,81.0,7.9
the alliance alive,3DS,4.07,3.11,51.35,"Role-Playing, Third-Person, Turn-Based",Cattle Call,Unknown,2018.0,31.1,38.25,30.5,35.73,31.1,74.0,7.8
the ant bully,PC,1.94,2.5,6,"Action, Adventure",Artificial Mind and Movement,Midway Games,2006.0,4.53,6.0,20.95,4.83,4.53,48.75,5.075
the artful escape,PS4,3.3,2.4,7.2,"Adventure, Music/Rhythm, Scrolling, Side",Beethoven & Dinosaur,Annapurna Interactive,2021.0,4.22,4.78,4.58,4.45,4.22,80.0,6.95
the ascent,PC,3.31,3.73,22.9,"Action, Open World, Role-Playing, Shooter, Top-Down",Neon Giant,Curve Digital,2021.0,11.9,19.6,27.02,19.5,11.9,73.0,7.233333333333333
the assembly,PC,3.25,3.33,9.6,"Adventure, Virtual Reality",nDreams,nDreams,2016.0,4.68,6.3,5.83,5.65,4.68,59.333333333333336,5.7666666666666675
the awesome adventures of captain spirit,PC,3.39,1.51,2.59,"Adventure, Third-Person",Dontnod Entertainment,Square Enix,2018.0,1.67,1.95,2.27,1.95,1.67,77.33333333333333,7.433333333333334
the baconing,PC,3.57,2.8,13.9,Unknown,Hothead Games,Valcon Games,2011.0,9.37,10.5,13.93,11.37,9.37,64.0,5.933333333333334
the ball,PC,2.92,2.36,7.64,Puzzle,Teotl Studios,Tripwire Interactive,2010.0,5.87,8.08,13.23,7.33,5.87,68.0,6.3
the banner saga,PS4,3.74,3.6,14.74,"Isometric, Role-Playing, Strategy/Tactical, Turn-Based",Stoic,Stoic Studio,2014.0,10.92,14.25,34.07,13.2,10.92,78.33333333333333,7.933333333333334
the banner saga 2,XONE,3.67,3.71,17.6,"Role-Playing, Strategy",Stoic,Versus Evil,2016.0,11.65,15.73,29.6,14.18,11.65,81.0,7.925
the banner saga 3,PS4,3.93,3.67,13.87,Role-Playing,Stoic,Versus Evil,2018.0,9.83,13.67,20.83,11.78,9.83,83.25,7.725
the bard's tale iv: barrows deep,PC,3.98,3.9,76.25,"Role-Playing, Turn-Based",inXile Entertainment,inXile Entertainment,2018.0,29.75,53.8,66.05,56.07,29.75,71.0,6.5
the beast inside,PC,2.93,2.68,10.93,"Horror, Survival",Illusion Ray Studio,Unknown,2019.0,8.38,10.77,12.6,9.62,8.38,74.0,7.5
the beatles: rock band,PS3,4.12,2.98,25.32,Music/Rhythm,Unknown,MTV Games,2009.0,3.7,7.38,22.83,6.62,3.7,88.66666666666667,8.0
the beginner's guide,PC,3.62,1.16,1.79,"First-Person, Interactive Art, On-Rails",Everything Unlimited,Everything Unlimited,2015.0,1.57,1.73,1.73,1.63,1.57,76.0,7.5
the binding of isaac,MAC,3.86,3.81,20.23,"Action, Role-Playing, Shooter",Unknown,Edmund McMillen,2011.0,11.65,56.12,146.27,59.98,11.65,84.0,8.3
the blackwell deception,PC,3.63,2.86,7.71,Adventure,Wadjet Eye Games,Wadjet Eye Games,2011.0,4.55,5.18,6.43,5.15,4.55,73.0,7.6
the blackwell epiphany,PC,3.97,2.96,7.34,Adventure,Wadjet Eye Games,Wadjet Eye Games,2014.0,6.53,7.78,11.72,7.73,6.53,83.0,7.7
the blind prophet,PC,3.5,2.63,8,"Adventure, Point-And-Click",Ars Goetia,Unknown,2020.0,6.98,7.33,5.45,6.93,6.98,68.0,7.4
the book of unwritten tales,PC,3.85,2.64,16.69,Adventure,King Art,Unknown,2011.0,13.03,16.28,15.43,14.22,13.03,82.0,8.3
the book of unwritten tales 2,PS4,3.55,2.78,17.8,"Adventure, Point-And-Click",KING Art,Nordic Games,2015.0,19.78,26.07,23.88,23.12,19.78,74.75,7.45
the bouncer,PS2,3.39,2.91,12.98,Beat Em Up,Unknown,Unknown,2001.0,1.9,4.25,7.83,2.85,1.9,66.0,7.5
the bug butcher,PC,3.42,3.56,6,Action,Awfully Nice Studios,Awfully Nice Studios,2015.0,2.32,5.92,7.5,4.45,2.32,81.0,7.4
the bunker,PC,3.52,2.42,6.38,Adventure,Unknown,Green Man Gaming Publishing,2016.0,2.08,2.32,3.35,2.47,2.08,61.25,4.725
the bureau: xcom declassified,PC,3.09,3.08,18.07,"Shooter, Third-Person",Unknown,2K Games,2013.0,10.7,14.75,18.1,13.8,10.7,67.66666666666667,6.733333333333333
the caligula effect,VITA,3.32,2.98,53.08,Role-Playing,Aquria,Unknown,2017.0,26.98,31.65,20.95,28.32,26.98,58.0,7.0
the caligula effect 2,NS,3.94,3.13,39.33,Role-Playing,historia,NIS America,2021.0,28.73,42.78,69.1,42.83,28.73,70.5,6.6
the caligula effect: overdose,NS,3.56,2.61,40.59,Unknown,Unknown,NIS America,2019.0,27.45,38.8,76.0,38.0,27.45,62.0,6.449999999999999
the case of the golden idol,PC,4.15,3.67,8,Puzzle,Color Gray Games,Playstack,2022.0,6.07,7.78,8.3,7.47,6.07,86.0,7.9
the cat lady,PC,4.08,2.64,10.7,Adventure,Harvester Games,Screen 7,2012.0,8.07,9.88,12.52,9.67,8.07,81.0,8.7
the centennial case: a shijima story,PS5,3.42,3.33,29.67,Adventure,Square Enix,Square Enix,2022.0,16.77,15.27,15.7,15.68,16.77,74.0,7.0
the charnel house trilogy,PC,3.4,1.69,1.67,Adventure,Owl Cave,Mastertronic,2015.0,1.95,2.32,2.28,2.15,1.95,68.0,5.8
the chronicles of narnia: prince caspian,DS,3.14,2.58,37.18,"Action, Adventure",Traveller,Unknown,2008.0,12.82,18.05,10.45,13.13,12.82,55.333333333333336,5.666666666666667
the chronicles of riddick: assault on dark athena,PC,3.63,3.05,13.88,"Action, Adventure, First-Person, Shooter, Stealth",Unknown,Atari,2009.0,9.2,11.3,22.67,11.12,9.2,80.66666666666667,8.100000000000001
the club,PS3,2.95,3.09,7,Third-Person Shooter,Bizarre Creations,Sega,2008.0,4.33,6.0,15.45,5.25,4.33,71.66666666666667,6.4
the coma 2: vicious sisters,PC,3.44,3.0,9.85,"Horror, Survival",Devespresso Games,Unknown,2020.0,8.07,9.05,11.83,9.3,8.07,74.0,6.8
the coma: recut,PC,3.11,3.39,9.41,"Action, Adventure, Horror, Side",Devespresso Games,Headup,2017.0,4.82,5.52,7.32,5.43,4.82,62.0,6.4
the complex,PC,2.95,1.6,7.8,"Adventure, On-Rails",Unknown,Wales Interactive,2020.0,1.57,2.45,3.75,2.42,1.57,63.333333333333336,6.566666666666666
the con,PSP,3.31,3.18,18.33,Unknown,Think & Feel Inc.,SCEA,2005.0,8.2,7.4,20.95,7.4,8.2,63.0,7.2
the conduit,WII,3.77,3.11,23.79,"First-Person, Shooter",High Voltage Software,Sega,2009.0,6.62,10.23,26.52,9.08,6.62,69.0,8.1
the count lucanor,PS4,3.65,2.38,10.22,"Adventure, Role-Playing, Survival Horror, Top-Down",Baroque Decay,Baroque Decay,2016.0,3.57,4.15,6.02,4.47,3.57,75.0,7.4
the crew,X360,3.31,3.76,31.31,"Driving, Open World, Racing",Unknown,Ubisoft,2014.0,19.0,44.83,137.32,40.98,19.0,65.33333333333333,5.8
the crew 2,PC,2.77,3.1,74.44,"Driving, Open World, Racing",Ivory Tower,Ubisoft,2018.0,21.0,51.6,94.83,58.15,21.0,66.33333333333333,5.300000000000001
the curse of monkey island,PC,4.32,3.15,17.72,"Adventure, Puzzle, Side",LucasArts,LucasArts,1997.0,7.75,9.93,10.08,8.65,7.75,89.0,9.0
the cursed crusade,X360,2.86,3.29,16,"Action, Adventure",Kylotonn Games,Unknown,2011.0,7.95,11.95,17.83,11.7,7.95,46.333333333333336,5.033333333333333
the dark crystal: age of resistance tactics,NS,3.58,3.0,28.67,"Strategy, Turn-Based",BonusXP,En Masse Entertainment,2020.0,18.67,21.43,20.95,20.4,18.67,60.75,5.65
the dark eye: chains of satinav,PC,3.68,3.0,13.3,"Adventure, Point-And-Click",Daedalic Entertainment,Deep Silver,2012.0,10.12,12.08,12.83,11.37,10.12,75.0,7.6
the dark spire,DS,3.81,4.18,61.02,Console Role-Playing,Success,Unknown,2009.0,35.25,42.78,58.6,44.62,35.25,69.0,7.8
the darkness ii,PC,3.66,2.88,11.52,"Action, Shooter",Digital Extremes,2K Games,2012.0,6.08,8.47,15.33,7.72,6.08,78.66666666666667,7.666666666666667
the darkside detective,PC,3.7,1.93,7,Adventure,Spooky Doorway,Spooky Doorway,2017.0,3.77,5.73,6.92,5.57,3.77,79.0,8.149999999999999
the darkside detective: a fumble in the dark,NS,3.79,3.5,12,"Adventure, Point-And-Click",Spooky Doorway,Akupara Games,2021.0,7.85,11.68,10.88,10.05,7.85,84.0,8.1
the deadly tower of monsters,PS4,3.37,2.25,7.93,"Action, Adventure, Multidirectional, Top-Down",ACE Team,ATLUS,2016.0,4.3,5.18,7.43,5.62,4.3,72.5,7.35
the deer god,VITA,1.88,1.86,4.08,Platform,Unknown,Crescent Moon Games,2015.0,3.6,5.18,10.42,6.22,3.6,39.0,2.5
the denpa men 2: beyond the waves,3DS,4.12,3.44,56.67,Role-Playing,Genius Sonority,Genius Sonority,2012.0,29.08,52.13,20.95,34.85,29.08,76.0,6.4
the denpa men 3: the rise of digitoll,3DS,4.33,3.43,65.74,Role-Playing,Genius Sonority,Genius Sonority,2014.0,31.43,13.42,20.95,31.43,31.43,75.0,7.9
the denpa men: they came by wave,3DS,3.98,3.38,34.64,Role-Playing,Genius Sonority,Genius Sonority,2012.0,15.2,22.07,20.95,18.38,15.2,78.0,7.5
the descendant,PC,2.89,1.64,6.8,Adventure,Gaming Corps,Gaming Corps,2016.0,5.63,6.68,10.05,6.7,5.63,61.0,6.9
the detail,PC,2.58,1.6,6,"Adventure, Point-And-Click",Rival Games,Rival Games,2014.0,4.18,6.38,8.73,5.22,4.18,71.0,6.6
the devil inside,PC,3.1,3.85,11.5,Adventure,Cryo Interactive,TalonSoft,2000.0,5.0,13.42,20.95,5.0,5.0,76.0,5.9
the dishwasher: dead samurai,X360,3.93,3.8,9.91,Beat Em Up,Ska Studios,Microsoft Game Studios,2009.0,8.2,12.5,14.1,13.03,8.2,75.0,7.8
the dishwasher: vampire smile,X360,4.12,3.6,11.64,"Action, Platform",Ska Studios,Microsoft Game Studios,2011.0,4.52,6.1,12.52,5.8,4.52,81.0,8.2
the disney afternoon collection,PS4,3.97,3.35,30.38,"Action, Platform",Unknown,Capcom,2017.0,5.92,8.25,11.12,8.42,5.92,76.66666666666667,6.166666666666667
the dream machine,PC,3.83,3.54,11.43,"Adventure, Point-And-Click",Cockroach Inc.,Cockroach Inc.,2010.0,13.27,14.05,18.72,14.75,13.27,75.0,8.4
the dukes of hazzard: return of the general lee,PS2,3.19,3.4,23,"Driving, Racing",Ratbag Games,Ubisoft,2004.0,3.4,13.42,5.2,4.12,3.4,50.5,6.7
the dwarves,PC,3.21,2.8,12,Role-Playing,KING Art,Unknown,2016.0,8.57,9.85,13.9,10.28,8.57,59.666666666666664,5.2
the elder scrolls iii: morrowind,XBOX,4.17,3.4,80.00+,"Action, First-Person, Hack And Slash, Open World, Role-Playing, Third-Person",Bethesda Game Studios,Unknown,2002.0,43.08,109.3,326.42,110.93,43.08,88.0,8.65
the elder scrolls iv: oblivion,MOBI,3.84,2.76,70.89,"Action, First-Person, Open World, Role-Playing, Sandbox",Unknown,Unknown,2006.0,29.3,89.85,188.45,88.97,29.3,93.66666666666667,8.6
the elder scrolls v: skyrim,NS,4.25,3.07,80.00+,"Action, First-Person, Open World, Role-Playing, Third-Person",Bethesda Game Studios,Bethesda Softworks,2011.0,38.33,119.68,261.55,129.63,38.33,91.5,8.0
the elder scrolls v: skyrim vr,PC,3.5,2.83,68.1,"Action, Adventure, First-Person, Open World, Role-Playing, Virtual Reality",Bethesda Game Studios,Bethesda Softworks,2018.0,22.23,83.62,184.5,100.32,22.23,79.0,7.35
the elder scrolls: blades,IOS,1.93,2.22,8.43,"First-Person, Hack And Slash, Real-Time, Role-Playing",Unknown,Bethesda Softworks,2019.0,10.2,15.45,23.55,15.95,10.2,42.0,2.5
the elder scrolls: legends,PC,3.4,3.16,47.69,Card Game,Dire Wolf Digital,Bethesda Softworks,2017.0,5.23,91.83,140.82,51.28,5.23,80.0,5.5
the end is nigh,PC,3.66,4.42,18.15,"Action, Adventure",Unknown,Unknown,2017.0,8.7,16.83,66.47,16.07,8.7,82.0,7.75
the escapists,PC,3.51,3.8,40.53,"Action, Adventure",Mouldy Toof Studios,Team17 Digital,2015.0,19.22,45.13,45.32,31.75,19.22,72.0,6.566666666666666
the escapists 2,PC,3.59,4.05,32.85,Strategy,Unknown,Team17 Digital,2017.0,16.77,34.73,60.1,30.17,16.77,75.0,6.875
the escapists: the walking dead,PC,3.26,4.38,16,Action,Team17,Team17,2015.0,7.53,13.2,27.0,13.1,7.53,65.0,7.7
the evil within,PC,3.56,3.61,20.64,"Horror, Shooter, Survival, Third-Person",Tango Gameworks,Bethesda Softworks,2014.0,15.65,20.62,43.15,18.82,15.65,74.0,8.166666666666666
the evil within 2,PC,3.91,3.01,19.05,"Horror, Survival",Tango Gameworks,Bethesda Softworks,2017.0,13.47,18.87,29.85,18.05,13.47,79.33333333333333,8.533333333333335
the eye of judgment,PS3,3.49,3.08,49,Card Game,SCE Japan Studio,Sony Computer Entertainment,2007.0,20.2,23.75,32.75,25.57,20.2,75.0,7.6
the eye of judgment: legends,PSP,3.79,3.76,55.38,Unknown,SCE Japan,SCEI,2010.0,8.2,25.0,20.95,25.0,8.2,69.0,7.8
the fall,PC,3.69,2.91,5.77,"Action, Adventure",Over The Moon,Over The Moon,2014.0,3.45,4.4,4.85,3.88,3.45,72.66666666666667,7.8
the fall part 2: unbound,PS4,3.94,2.44,9.14,"Action, Adventure, Puzzle",Over The Moon,Over The Moon,2018.0,7.23,7.57,10.45,7.72,7.23,72.0,7.8
the fancy pants adventures,PS3,3.23,2.52,14.33,Platform,Over the Top Games,Electronic Arts,2011.0,1.42,2.43,3.38,1.85,1.42,69.0,7.35
the fidelio incident,PC,3.18,1.63,2.25,Adventure,Act 3 Games,Act 3 Games,2017.0,2.07,2.18,2.5,2.2,2.07,69.0,6.1
the fight: lights out,PS3,3.56,3.36,7.83,Fighting,ColdWood Interactive,Sony Computer Entertainment,2010.0,48.0,13.42,20.95,48.0,48.0,48.0,8.1
the final station,PC,3.61,3.03,6.02,"Action, Adventure",Unknown,tinyBuild,2016.0,4.63,6.17,8.25,5.6,4.63,73.0,7.15
the first templar,PC,2.92,2.29,16.7,Action Adventure,Haemimont Games,Kalypso Media,2011.0,10.03,13.68,21.57,14.25,10.03,54.5,6.1
the flame in the flood,PC,3.35,3.8,15.62,"Roguelike, Survival",The Molasses Flood,The Molasses Flood,2016.0,8.95,14.12,48.35,12.45,8.95,74.0,6.333333333333333
the forest,PS4,3.64,3.67,42,"First-Person, Survival Horror",Endnight Games,Unknown,2014.0,16.28,29.48,61.32,28.97,16.28,78.0,7.5
the friends of ringo ishikawa,PC,3.46,2.91,26.67,Beat Em Up,yeo,yeo,2018.0,7.45,11.53,18.63,10.2,7.45,64.0,6.8
the gardens between,XONE,3.56,2.5,5.68,"Adventure, Puzzle",The Voxel Agents,The Voxel Agents,2018.0,2.5,2.65,2.77,2.63,2.5,78.75,7.05
the getaway,PS2,3.62,3.58,24.71,"Action, Shooter",Team Soho,Sony Computer Entertainment,2003.0,12.82,16.9,16.1,14.32,12.82,72.0,7.0
the getaway: black monday,PS2,3.4,3.07,23.84,"Action, Adventure",SCE London Studio,Sony Computer Entertainment,2005.0,7.98,13.1,19.33,10.33,7.98,57.0,7.7
the godfather ii,PS3,3.65,2.73,26.73,Sandbox,EA Redwood Shores,Electronic Arts,2009.0,11.93,14.1,17.48,14.25,11.93,65.0,6.966666666666667
the godfather: mob wars,PSP,3.76,3.45,40.81,"Action, Adventure",Page 44 Studios,Electronic Arts,2006.0,5.7,6.83,6.5,6.22,5.7,59.0,8.1
the golden compass,MOBI,0.79,1.4,1.14,"Action, Adventure",Shiny Entertainment,Sega,2007.0,6.5,16.5,20.95,7.75,6.5,41.0,5.5
the golf club,XONE,3.8,3.95,30.17,"Simulation, Sports",HB Studios,HB Studios,2014.0,9.83,12.32,14.0,12.05,9.83,66.66666666666667,5.933333333333334
the golf club 2,PS4,3.69,3.88,38.85,"Simulation, Sports",HB Studios,Maximum Games,2017.0,341.0,40.23,122.5,156.55,341.0,72.5,5.800000000000001
the great ace attorney chronicles,PS4,2.66,2.91,52.22,"Adventure, Compilation, Visual Novel",Capcom,Capcom,2021.0,66.65,76.22,79.63,73.25,66.65,83.66666666666667,6.800000000000001
the grim adventures of billy & mandy,GBA,2.9,2.83,11.2,Fighting,Unknown,Midway Games,2006.0,0.83,9.83,22.0,3.85,0.83,65.0,7.3999999999999995
the guest,PC,3.27,3.2,8,Adventure,Team Gotham,505 Games,2015.0,2.38,2.78,3.57,2.75,2.38,68.0,6.8
the guided fate paradox,PS3,3.92,3.62,57.88,Role-Playing,Nippon Ichi Software,NIS America,2013.0,38.73,53.87,143.73,59.17,38.73,74.0,7.8
the guild 2,PC,3.52,3.44,49.33,"City-Building, Simulation",4HEAD Studios,Unknown,2006.0,12.5,48.8,29.0,25.7,12.5,61.0,6.9
the gunstringer,X360,3.44,3.03,9.33,"Adventure, Shooter, Third-Person",Twisted Pixel Games,Microsoft Studios,2011.0,5.8,10.0,20.95,6.85,5.8,77.0,8.1
the guy game,PC,1.25,2.78,13.19,Puzzle,Top Heavy Studios,Gathering of Developers,2004.0,2.5,13.42,6.72,4.6,2.5,47.5,6.05
the hardy boys: the hidden theft,WII,3.47,2.92,18,"Adventure, Point-And-Click, Third-Person",XPEC Entertainment,The Adventure Company,2008.0,5.6,13.42,20.95,5.6,5.6,51.0,3.9
the hardy boys: treasure on the tracks,DS,3.96,3.43,13.67,Adventure,Her Interactive,Sega,2009.0,8.67,13.42,20.95,8.67,8.67,65.0,7.333333333333333
the history channel: battle for the pacific,X360,2.35,1.67,12.88,"First-Person, Shooter",Cauldron HQ,Activision Value,2007.0,2.52,3.92,1.5,2.65,2.52,35.5,3.85
the history channel: civil war - a nation divided,X360,3.19,2.93,21.05,"First-Person, Shooter",Cauldron HQ,Activision Value,2006.0,6.5,9.5,5.7,7.12,6.5,53.0,6.8
the house of the dead 2 & 3 return,WII,3.79,3.76,13.31,"On-Rails, Shooter",Unknown,Sega,2008.0,3.77,8.4,15.5,5.97,3.77,66.0,7.6
the house of the dead 4,ARC,3.48,3.79,4.53,"On-Rails, Shooter",Wow Entertainment,Sega,2005.0,2.4,1.78,3.18,2.33,2.4,73.0,7.7
the house of the dead iii,PS3,3.29,3.11,3.38,"On-Rails, Shooter",Wow Entertainment,Sega,2002.0,0.8,2.07,3.67,1.1,0.8,68.0,7.300000000000001
the house of the dead: overkill,WII,3.99,2.86,9.88,Rail Shooter,Headstrong Games,Sega,2009.0,4.03,6.5,7.63,4.65,4.03,78.0,8.6
the impossible game,PSP,3.37,4.62,28.13,"Action, Scrolling",FlukeDude,Unknown,2009.0,2.25,4.72,6.18,4.28,2.25,64.0,7.099999999999999
the incredible adventures of van helsing,XONE,3.04,3.31,13.6,"Action, Role-Playing",NeocoreGames,NeocoreGames,2013.0,12.97,18.48,40.23,18.82,12.97,65.5,7.7
the incredible adventures of van helsing ii,PS4,3.0,3.43,18.4,"Action, Adventure, Role-Playing",NeocoreGames,NeocoreGames,2014.0,10.4,16.97,40.75,15.77,10.4,71.5,7.25
the incredible adventures of van helsing iii,PC,3.08,3.13,18.71,"Action, Role-Playing",Neocore Games,Neocore Games,2015.0,7.98,10.55,18.98,10.15,7.98,64.0,6.4
the incredible adventures of van helsing: final cut,PC,3.38,2.97,40.79,"Action, Role-Playing",NeocoreGames,NeocoreGames,2015.0,18.97,34.52,39.63,31.0,18.97,79.0,7.1
the incredible hulk: ultimate destruction,PS2,3.73,3.05,26.04,"Action, Sandbox",Radical Entertainment,Sierra Entertainment,2005.0,9.17,15.25,38.9,13.18,9.17,83.66666666666667,8.233333333333333
the incredibles,MOBI,4.25,2.29,14.29,"Action, Adventure, Platform, Third-Person",Unknown,THQ,2004.0,5.38,6.85,6.78,5.82,5.38,61.0,6.475
the incredibles: rise of the underminer,PS2,3.27,2.86,10.67,"Action, Adventure",Heavy Iron Studios,THQ,2005.0,2.83,3.43,20.95,2.88,2.83,63.333333333333336,7.199999999999999
the infectious madness of doctor dekker,NS,3.8,2.65,14.5,"Adventure, On-Rails",D'Avekki Studios,D'Avekki Studios,2017.0,8.03,12.92,20.0,10.95,8.03,62.0,4.7
the inpatient,PS4,2.83,2.1,6.63,Virtual Reality,Sony Interactive Entertainment,Sony Interactive Entertainment,2018.0,2.3,2.28,7.88,2.95,2.3,59.0,6.0
the invisible hours,PC,3.9,1.2,6.4,"Adventure, Virtual Reality",Tequila Works,Game Trust,2017.0,3.22,5.57,7.05,5.65,3.22,71.0,7.333333333333333
the jackbox party pack 5,PS4,3.69,2.31,40.36,Party,Jackbox Games,Jackbox Games,2018.0,8.2,13.42,20.95,11.25,8.2,79.0,7.35
the jackbox party pack 7,PC,3.17,1.75,10.63,Party,Jackbox Games,Jackbox Games,2020.0,8.2,13.42,20.95,11.25,8.2,75.5,7.5
the king of fighters collection: the orochi saga,PS2,3.86,3.5,28.96,"Compilation, Fighting",SNK,SNK,2008.0,4.13,13.42,20.18,6.8,4.13,66.0,7.699999999999999
the king of fighters ex2: howling blood,GBA,3.88,3.22,18.18,Fighting,Marvelous,Atlus,2003.0,0.5,3.25,20.95,1.0,0.5,80.0,8.3
the king of fighters xi,PS2,4.1,3.41,25.06,Fighting,SNK Playmore,Unknown,2007.0,2.63,9.88,120.0,11.23,2.63,75.0,8.6
the king of fighters xii,PS3,3.03,2.86,11.14,Fighting,SNK Playmore,Unknown,2009.0,2.45,13.42,20.95,2.45,2.45,60.0,5.1499999999999995
the king of fighters xiii,PS3,4.0,3.66,23.98,Fighting,SNK Playmore,Unknown,2011.0,2.93,25.53,195.0,15.33,2.93,78.0,8.05
the king of fighters xiv,PC,4.09,3.32,24.94,Fighting,SNK,Unknown,2016.0,1.3,20.53,87.87,9.43,1.3,79.0,8.2
the king of fighters xv,XBSX,3.63,3.2,20.57,Fighting,SNK Corporation,Koch Media,2022.0,1.18,19.93,153.15,16.32,1.18,79.33333333333333,6.6000000000000005
the king of route 66,PS2,3.24,3.27,9.75,"Driving, Racing",Unknown,Sega,2011.0,2.08,10.5,20.95,4.18,2.08,57.0,7.333333333333333
the last campfire,PC,3.25,2.25,6.1,"Action, Puzzle",Hello Games,Hello Games,2020.0,5.3,6.18,6.62,6.27,5.3,81.5,8.049999999999999
the last door: season 2,PC,4.08,2.85,8,"Adventure, Point-And-Click",The Game Kitchen,Phoenix Online Publishing,2016.0,5.97,6.32,8.83,6.7,5.97,85.0,7.3
the last express,PC,4.24,3.87,22.5,"Adventure, Point-And-Click",Smoking Car Productions,Br,1997.0,7.12,8.73,11.1,7.9,7.12,82.0,8.7
the last guardian,PS4,3.91,2.97,14.84,"Action, Adventure, Real-Time, Third-Person",Unknown,Sony Computer Entertainment,2016.0,11.77,13.28,25.22,12.63,11.77,82.0,8.0
the last guy,PS3,3.43,3.84,16,Maze,Sony Computer Entertainment Japan,Sony Computer Entertainment Japan,2008.0,5.85,14.05,20.95,7.9,5.85,77.0,6.8
the last of us,PS3,4.44,3.29,24.11,"Action, Adventure, Horror, Shooter, Survival, Third-Person",Naughty Dog,Sony Computer Entertainment,2013.0,15.52,17.72,23.4,16.68,15.52,95.0,9.2
the last of us part i,PS5,4.07,2.97,22.37,"Action, Adventure, Horror, Shooter, Survival, Third-Person",Naughty Dog,Sony Interactive Entertainment,2022.0,14.52,18.2,25.25,18.05,14.52,88.0,6.4
the last of us part ii,PS4,3.16,2.8,31.04,"Action, Adventure, Horror, Shooter, Survival, Third-Person",Naughty Dog,Sony Interactive Entertainment,2020.0,24.15,29.95,45.45,29.28,24.15,93.0,5.8
the last of us remastered,PS4,4.37,3.25,28.72,"Action, Adventure, Horror, Shooter, Stealth, Survival, Third-Person",Naughty Dog,Sony Computer Entertainment,2014.0,14.75,18.97,38.53,17.77,14.75,95.0,9.2
the last of us: left behind,PS4,3.97,2.99,7.25,"Action, Adventure, Horror, Shooter, Survival, Third-Person",Naughty Dog Software,Sony Computer Entertainment,2014.0,2.3,2.63,3.03,2.47,2.3,88.0,4.8
the last remnant,X360,3.69,3.74,66.02,"Adventure, Role-Playing, Third-Person, Turn-Based",Square Enix,Square Enix,2008.0,61.82,77.48,144.73,86.88,61.82,66.0,7.3999999999999995
the last story,WII,4.12,2.94,37.28,"Action, Role-Playing",Unknown,Nintendo,2012.0,21.55,26.58,38.98,25.6,21.55,80.0,8.5
the last tinker: city of colors,PS4,3.48,2.41,15.67,"Adventure, Platform, Third-Person",Mimimi Productions,Daedalic Entertainment,2014.0,6.4,7.93,11.32,8.55,6.4,69.0,6.35
the legend of alon d'ar,PS2,2.34,3.93,30.55,"Action, Role-Playing",Stormfront Studios,Ubisoft,2001.0,8.2,32.68,25.42,29.05,8.2,43.0,6.3
the legend of dragoon,PS,4.17,3.17,59.25,"Role-Playing, Turn-Based",SCEI,Sony Computer Entertainment,2000.0,46.77,57.28,63.15,55.63,46.77,74.0,8.8
the legend of heroes ii: prophecy of the moonlight witch,PSP,3.59,2.65,36.65,Unknown,Unknown,Namco Bandai Games,2006.0,24.58,28.08,28.57,26.58,24.58,63.0,7.2
the legend of heroes iii: song of the ocean,PSP,3.62,2.93,45.06,Role-Playing,Unknown,Namco Bandai Games,2007.0,43.82,52.08,65.0,49.63,43.82,58.0,7.0
the legend of heroes: a tear of vermillion,PSP,3.69,2.89,40.02,Role-Playing,Unknown,Bandai,2005.0,26.93,39.15,36.78,36.58,26.93,68.0,7.9
the legend of heroes: trails from zero,PS4,4.0,2.9,68.52,"Role-Playing, Top-Down, Turn-Based",Nihon Falcom,Unknown,2022.0,38.2,60.23,80.4,58.78,38.2,85.33333333333333,7.7333333333333325
the legend of heroes: trails in the sky,PC,4.23,3.0,58.02,"Role-Playing, Top-Down, Turn-Based",Nihon Falcom,Unknown,2011.0,40.63,52.8,69.38,52.58,40.63,79.0,8.3
the legend of heroes: trails in the sky sc,PSP,4.24,3.11,72.22,Role-Playing,Nihon Falcom,Unknown,2015.0,50.3,71.53,92.42,70.8,50.3,80.0,8.7
the legend of heroes: trails in the sky the 3rd,PC,4.25,3.11,57.87,Role-Playing,Nihon Falcom,Nihon Falcom,2017.0,33.1,49.65,63.87,49.43,33.1,83.0,8.1
the legend of heroes: trails of cold steel,PC,4.23,2.93,80.00+,"Role-Playing, Third-Person, Turn-Based",Nihon Falcom,Nihon Falcom,2015.0,59.35,79.85,111.63,80.08,59.35,80.75,8.45
the legend of heroes: trails of cold steel ii,PC,4.21,2.92,80.00+,"Role-Playing, Third-Person, Turn-Based",Nihon Falcom Corporation,Nihon Falcom Corporation,2016.0,46.07,72.87,103.78,72.78,46.07,79.0,8.4
the legend of heroes: trails of cold steel iii,NS,4.14,3.11,80.00+,"Role-Playing, Third-Person, Turn-Based",Nihon Falcom Corporation,Unknown,2019.0,59.05,98.73,125.05,99.53,59.05,83.0,8.4
the legend of heroes: trails of cold steel iv,NS,4.05,2.96,80.00+,"Role-Playing, Third-Person, Turn-Based",Nihon Falcom Corporation,Nihon Falcom Corporation,2020.0,61.72,106.02,138.52,108.03,61.72,81.0,8.299999999999999
the legend of kage 2,DS,3.77,3.59,15.06,Unknown,Lancarse,Square Enix,2008.0,4.6,13.42,20.95,4.6,4.6,70.0,7.3
the legend of korra,X360,2.96,2.53,5,"Action, Adventure, Beat Em Up, Third-Person",Platinum Games,Activision,2014.0,4.62,8.03,17.48,8.07,4.62,55.666666666666664,6.866666666666666
the legend of kusakari,3DS,3.88,3.3,12.67,"Action, Adventure",Librage,Nnooo,2016.0,1.85,2.85,7.03,3.73,1.85,69.0,7.333333333333333
the legend of legacy,3DS,3.75,3.99,53.72,Role-Playing,Furyu Grezzo,Unknown,2015.0,32.58,50.92,20.95,39.77,32.58,67.0,7.1
the legend of spyro: a new beginning,XBOX,2.91,2.75,12.94,Action,Unknown,Sierra Entertainment,2006.0,6.25,7.07,7.67,6.7,6.25,67.0,6.475
the legend of spyro: dawn of the dragon,PS3,3.0,2.86,21.43,Action,Unknown,Unknown,2008.0,9.37,11.33,13.8,11.18,9.37,60.5,6.45
the legend of spyro: the eternal night,WII,2.92,3.23,23.59,Action,Unknown,Sierra Entertainment,2007.0,5.88,8.8,9.67,7.07,5.88,57.0,6.050000000000001
the legend of zelda collector's edition,GC,4.57,3.26,64.24,"Action, Adventure",Nintendo,Nintendo,2003.0,77.75,135.97,171.83,117.1,77.75,95.0,8.9
the legend of zelda: a link between worlds,3DS,4.42,2.87,25.91,"Action, Adventure",Nintendo EAD Group No. 3,Nintendo,2013.0,16.27,19.57,24.35,19.53,16.27,91.0,9.0
the legend of zelda: a link to the past,SNES,4.56,3.15,30.33,"Action, Adventure, Open World, Top-Down",Nintendo EAD,Nintendo,1992.0,15.13,17.58,16.82,16.53,15.13,95.0,9.0
the legend of zelda: breath of the wild,WIIU,4.55,3.25,80.00+,"Action, Adventure, Open World, Third-Person",Nintendo EPD,Nintendo,2017.0,50.68,101.65,196.98,100.17,50.68,96.5,8.5
the legend of zelda: four swords adventures,GC,3.86,2.87,22.9,"Action, Adventure, Top-Down",Nintendo EAD,Nintendo,2004.0,15.1,15.3,15.88,15.3,15.1,86.0,7.6
the legend of zelda: four swords anniversary edition,DS,3.73,3.03,13.52,"Action, Adventure",Nintendo,Nintendo,2011.0,3.2,7.32,18.25,6.52,3.2,85.0,7.5
the legend of zelda: majora's mask,N64,4.42,3.39,41.87,"Action, Adventure, Third-Person",Nintendo EAD,Nintendo,2000.0,21.95,31.32,33.55,29.72,21.95,95.0,9.1
the legend of zelda: majora's mask 3d,3DS,4.44,3.26,38.25,"Action, Adventure, Third-Person",Unknown,Nintendo,2015.0,24.95,33.62,38.73,34.0,24.95,89.0,8.9
the legend of zelda: ocarina of time,N64,4.59,3.09,42.7,"Action, Adventure, Third-Person",Nintendo EAD,Nintendo,1998.0,26.65,30.9,37.22,30.98,26.65,99.0,9.1
the legend of zelda: ocarina of time 3d,3DS,4.54,3.09,36.04,"Action, Open World",Unknown,Nintendo,2011.0,25.28,32.57,39.52,31.32,25.28,94.0,9.1
the legend of zelda: phantom hourglass,DS,3.92,2.96,27.82,"Action, Open World",Nintendo EAD,Nintendo,2007.0,17.37,22.4,32.32,21.82,17.37,90.0,7.9
the legend of zelda: skyward sword,WII,4.21,3.07,46.77,"Action, Adventure, Third-Person",Nintendo EAD,Nintendo,2011.0,38.08,47.38,57.95,46.22,38.08,93.0,8.1
the legend of zelda: skyward sword hd,NS,4.06,3.06,44.64,"Action, Adventure, Third-Person",Unknown,Nintendo,2021.0,31.37,39.25,43.15,37.68,31.37,81.0,7.1
the legend of zelda: spirit tracks,DS,3.94,3.02,29.67,"Action, Open World",Nintendo EAD,Nintendo,2009.0,20.22,26.52,33.4,25.0,20.22,87.0,7.9
the legend of zelda: the minish cap,GBA,4.2,2.94,26.83,"Action, Role-Playing, Top-Down",Capcom,Nintendo,2005.0,15.97,19.37,25.42,18.92,15.97,89.0,8.9
the legend of zelda: the wind waker,GC,4.39,2.92,43.06,"Action, Adventure, Open World, Third-Person",Nintendo EAD,Nintendo,2003.0,28.08,34.72,59.67,36.15,28.08,96.0,9.0
the legend of zelda: the wind waker hd,WIIU,4.45,2.92,41.3,"Action, Adventure",Nintendo EAD Group No. 3,Nintendo,2013.0,25.48,34.15,43.53,32.58,25.48,90.0,9.0
the legend of zelda: tri force heroes,3DS,3.76,3.16,38.29,"Action, Adventure, Top-Down",Nintendo EPD,Nintendo,2015.0,14.53,27.07,63.37,24.25,14.53,73.0,7.3
the legend of zelda: twilight princess,WII,4.35,3.01,44.86,"Action, Adventure, Puzzle, Third-Person",Nintendo EAD,Nintendo,2006.0,37.25,45.8,55.93,44.92,37.25,95.5,8.95
the legend of zelda: twilight princess hd,WIIU,4.38,2.99,47.41,"Action, Adventure, Third-Person",Unknown,Nintendo,2016.0,29.93,39.95,45.05,38.37,29.93,86.0,8.6
the legendary starfy,DS,3.82,2.45,18.22,Action,Tose,Nintendo,2009.0,8.9,12.72,17.68,12.33,8.9,75.0,8.4
the lego movie videogame,VITA,3.24,2.14,17.54,"Action, Adventure, Third-Person",Warner Bros. Interactive,TT Games,2014.0,7.85,11.72,18.45,13.15,7.85,69.25,7.1
the liar princess and the blind prince,PS4,3.67,2.26,7.89,Unknown,Nippon Ichi Software,Nippon Ichi Software,2019.0,4.58,5.3,7.12,5.5,4.58,70.5,6.800000000000001
the life and suffering of sir brante,PC,3.85,2.85,17.76,Role-Playing,Sever,101xp,2021.0,9.93,15.88,34.52,14.07,9.93,82.0,8.5
the lion's song,PC,3.67,1.31,5.3,"Adventure, Point-And-Click",Mi'pu'mi Games,Mi'pu'mi Games,2016.0,3.85,5.62,25.8,5.58,3.85,79.0,7.7
the little acre,XONE,2.4,2.89,1.83,"Adventure, Point-And-Click",Pewter Games Studios,Curve Digital,2016.0,1.75,2.18,2.42,2.07,1.75,68.0,6.800000000000001
the long dark,PC,3.53,3.85,41.68,"First-Person, Open World, Simulation",Hinterland Studio,Hinterland Studio,2014.0,22.83,61.15,273.2,65.47,22.83,76.0,6.55
the long reach,PS4,3.25,2.5,3.1,"Action, Adventure",Painted Black Games,Merge Games,2018.0,2.97,3.42,3.48,3.27,2.97,63.5,6.3
the longest journey,PC,4.2,3.17,25.04,"Adventure, Point-And-Click",Funcom,Unknown,2000.0,17.98,20.77,22.82,19.77,17.98,91.0,8.7
the longing,PC,3.75,2.54,49.54,"Adventure, Multidirectional, Puzzle, Side",Studio Seufz,Application Systems Heidelberg,2020.0,19.18,28.13,63.57,39.13,19.18,79.5,7.449999999999999
the lord of the rings: aragorn's quest,PS3,3.09,2.51,20.18,"Action, Adventure",Unknown,Warner Bros. Interactive Entertainment,2010.0,6.82,7.62,13.12,8.47,6.82,58.0,7.15
the lord of the rings: conquest,PC,3.14,2.87,19.32,Action,Pandemic Studios,Electronic Arts,2009.0,5.87,10.3,12.07,8.1,5.87,56.75,7.0
the lord of the rings: tactics,PSP,3.26,2.93,19.18,Role-Playing,Amaze,Unknown,2005.0,8.53,8.7,29.02,14.43,8.53,64.0,8.2
the lord of the rings: the fellowship of the ring,GBA,2.31,3.58,24.76,"Action, Adventure",Unknown,Universal Interactive,2002.0,5.67,6.98,8.75,6.38,5.67,57.0,5.675
the lord of the rings: the return of the king,PC,3.64,3.26,23.38,Action,EA Redwood Shores,Electronic Arts,2003.0,8.1,13.58,20.52,12.02,8.1,81.6,8.2
the lord of the rings: the third age,PS2,3.65,3.02,38.33,Role-Playing,EA Redwood Shores,EA Games,2004.0,22.25,24.9,26.07,24.28,22.25,73.5,8.05
the lord of the rings: war in the north,PC,3.33,2.9,18.42,Role-Playing,Snowblind Studios,Warner Bros. Interactive Entertainment,2011.0,12.32,16.43,30.87,16.32,12.32,63.333333333333336,7.166666666666667
the lord of the rings: war of the ring,PC,3.21,3.0,24.59,"Real-Time, Strategy",Liquid Entertainment,Sierra Entertainment,2003.0,15.67,12.0,20.95,14.75,15.67,67.0,6.9
the lost child,NS,3.71,2.85,58.98,"Adventure, First-Person, Role-Playing, Turn-Based",Crim,Unknown,2018.0,38.05,62.32,94.02,53.5,38.05,62.5,5.8999999999999995
the lost vikings,GEN,3.85,3.5,19.04,"Platform, Puzzle, Scrolling, Side",Silicon & Synapse,Interplay Entertainment,1993.0,10.33,13.88,16.05,11.72,10.33,75.0,8.3
the low road,PC,3.71,2.69,4.92,"Adventure, Point-And-Click",XGen Studios,XGen Studios,2017.0,3.2,4.27,5.53,4.38,3.2,63.0,7.333333333333333
the magic circle,PC,3.72,1.94,5.39,Action,Question,Question,2015.0,3.7,4.68,9.05,5.07,3.7,79.0,8.0
the mark of kri,PS2,3.63,3.31,14.73,"Action, Adventure, Third-Person",SCE San Diego Studio,Sony Computer Entertainment,2002.0,7.02,9.8,16.38,8.27,7.02,80.0,7.6
the marvellous miss take,PC,3.36,3.44,12,Stealth,Wonderstruck,Rising Star Games,2014.0,6.43,8.47,13.18,9.43,6.43,69.0,6.4
the masterplan,PC,3.73,3.75,19.27,"Action, Tactical, Top-Down",Shark Punch,Shark Punch,2015.0,7.0,8.72,18.77,11.38,7.0,68.0,7.3
the matrix: path of neo,XBOX,3.32,3.07,16.74,"Action, Beat Em Up",Shiny Entertainment,Atari,2005.0,9.42,10.68,14.35,10.68,9.42,68.66666666666667,7.800000000000001
the maw,PC,3.39,2.08,5.29,"Action, Adventure, Real-Time, Third-Person",Unknown,Microsoft,2009.0,3.17,4.0,5.1,3.98,3.17,75.0,7.5
the medium,PC,3.21,2.36,12.82,"Adventure, Horror",Bloober Team,Bloober Team,2021.0,8.03,9.02,10.3,8.8,8.03,73.66666666666667,6.9
the metronomicon,PC,4.1,3.44,9.6,"Action, Music/Rhythm, Role-Playing",Puuba,Kasedo Games,2016.0,6.58,8.82,23.37,9.02,6.58,79.0,7.2
the mighty quest for epic loot,PC,3.22,2.76,34.57,"Action, Top-Down",Ubisoft Montreal,Ubisoft,2013.0,8.2,13.42,20.95,11.25,8.2,64.0,5.6
the misadventures of p.b. winterbottom,PC,3.51,3.64,5.05,Puzzle,Unknown,Unknown,2010.0,3.48,4.85,9.47,4.98,3.48,81.0,7.65
the mooseman,IOS,3.56,2.86,5.5,"Adventure, Interactive Art, Side",Unknown,Vladimir Beletsky,2017.0,1.72,2.48,3.13,2.43,1.72,70.0,7.333333333333333
the movies,PC,3.8,2.94,47.74,Simulation,Unknown,Unknown,2005.0,30.33,32.53,20.95,30.93,30.33,84.0,8.2
the mummy demastered,PS4,3.64,3.65,8.76,"Action, Adventure",WayForward,WayForward,2017.0,4.93,5.63,7.58,5.82,4.93,75.0,7.050000000000001
the mummy returns,PS2,2.73,2.96,24.59,"Action, Adventure",Blitz Games,Havas Interactive,2001.0,4.75,3.57,4.42,4.5,4.75,44.0,6.6
the mummy: tomb of the dragon emperor,WII,2.87,3.67,29.2,"Action, Adventure, Third-Person",Eurocom,Sierra Entertainment,2008.0,4.13,4.75,6.05,4.63,4.13,38.5,6.5
the munchables,WII,3.97,2.17,14.7,"Action, Platform",Namco Bandai,Unknown,2009.0,4.75,5.0,20.95,4.87,4.75,71.0,7.4
the muppets: movie adventures,VITA,3.61,2.11,15.5,Platform,Virtual Toys,Sony Computer Entertainment,2015.0,8.2,13.42,8.57,8.57,8.2,48.0,6.7
the mysterious cities of gold: secret paths,3DS,3.8,2.7,16.06,"Action, Adventure",Neko Entertainment,Ynnis Interactive,2013.0,8.2,10.4,21.87,16.13,8.2,60.0,7.7
the night of the rabbit,PC,3.78,3.21,22.16,Adventure,Daedalic Entertainment,Daedalic Entertainment,2013.0,10.02,14.17,15.68,13.87,10.02,75.0,7.6
the ninja saviors: return of the warriors,PS4,3.93,3.6,4.81,"Beat Em Up, Scrolling, Side",Unknown,Unknown,2019.0,2.13,3.88,6.0,2.63,2.13,77.0,7.25
the novelist,PC,3.35,1.72,3.19,"Action, Adventure",Orthogonal Games,Unknown,2013.0,2.37,2.97,3.15,2.65,2.37,66.0,6.2
the old city: leviathan,PC,3.23,1.5,4.17,"Adventure, First-Person",PostMod Softworks,PostMod Softworks,2014.0,1.88,3.5,4.17,2.63,1.88,62.0,5.8
the operative: no one lives forever,PS2,3.36,3.48,18.5,"First-Person, Shooter, Stealth",Monolith Productions,Unknown,2000.0,12.97,15.97,19.73,14.62,12.97,79.0,8.399999999999999
the orange box,PS3,4.21,3.21,40.09,"First-Person Shooter, Puzzle",Valve Corporation,Valve Corporation,2007.0,25.22,31.18,71.83,32.23,25.22,93.66666666666667,8.733333333333333
the order: 1886,PS4,3.22,2.52,9.54,"Action, Adventure, Shooter, Third-Person",Unknown,Sony Computer Entertainment,2015.0,7.37,8.53,10.58,8.53,7.37,63.0,6.8
the outer worlds,PC,3.64,2.59,33.37,"First-Person, Role-Playing",Obsidian Entertainment,Private Division,2019.0,13.62,28.03,43.38,28.48,13.62,79.5,7.325
the outfit,X360,3.15,2.92,20.59,"Shooter, Third-Person",Relic Entertainment,THQ,2006.0,7.97,8.45,20.95,8.1,7.97,70.0,7.6
the park,XONE,2.58,1.18,1.15,"Adventure, Survival Horror",Funcom,Funcom,2015.0,1.52,1.73,1.85,1.7,1.52,61.0,5.8
the past within,PC,3.08,1.6,2.8,"Adventure, Point-And-Click, Puzzle",Rusty Lake,Rusty Lake,2022.0,8.2,13.42,20.95,11.25,8.2,68.0,8.6
the path,PC,3.58,2.51,6.57,Art Game,Tale of Tales,Tale of Tales,2009.0,2.95,3.73,6.02,3.82,2.95,79.0,6.7
the peanuts movie: snoopy's grand adventure,PS4,3.6,2.06,14.43,"Action, Platform",Behaviour Interactive,Activision,2015.0,8.2,2.75,20.95,2.75,8.2,60.0,5.6
the pedestrian,PS5,3.42,2.67,3.67,"Platform, Puzzle",Skookum Arts,Skookum Arts,2020.0,4.22,4.17,4.47,4.35,4.22,82.0,7.55
the perils of man,PC,3.54,2.1,2.88,"Adventure, Point-And-Click",IF Games,Vertigo Games,2015.0,3.55,4.55,4.32,4.08,3.55,61.0,7.3
the pinball arcade,VITA,3.57,3.21,13.58,Pinball,FarSight Studios,Crave Entertainment,2012.0,1.03,3.57,50.0,5.75,1.03,82.0,6.75
the pinball of the dead,GBA,3.71,3.33,17.23,Pinball,Wow Entertainment,Unknown,2002.0,8.52,10.82,20.95,9.83,8.52,79.0,7.3
the polar express,GC,2.38,1.58,10.23,Adventure,Blue Tongue Entertainment,THQ,2004.0,2.68,5.2,5.18,3.48,2.68,39.5,5.45
the political machine 2012,PC,3.39,2.33,4,Strategy,Stardock Entertainment,Stardock Entertainment,2012.0,2.02,2.45,14.4,7.38,2.02,54.0,6.7
the powerpuff girls: mojo jojo a-go-go,GBA,2.91,2.85,4.56,Action,Sennari Interactive,BAM! Entertainment,2001.0,2.17,13.42,20.95,2.17,2.17,60.0,7.8
the procession to calvary,XONE,3.05,2.7,2.72,"Adventure, Point-And-Click",Joe Richardson,Unknown,2020.0,2.38,3.45,3.07,2.93,2.38,78.0,8.0
the punisher: no mercy,PS3,2.41,3.74,6.65,"First-Person, Shooter",Zen Studios,Sony Computer Entertainment,2009.0,0.75,13.42,20.95,0.75,0.75,47.0,6.3
the quarry,PC,3.41,2.4,12.73,"Adventure, Horror",Supermassive Games,2K Games,2022.0,9.28,11.5,33.82,10.68,9.28,77.0,6.666666666666667
the quiet man,PC,1.65,1.57,4.64,"Adventure, Beat Em Up, Third-Person",Unknown,Square Enix,2018.0,3.05,5.28,5.95,3.88,3.05,28.0,1.8
the raven: legacy of a master thief,PS3,2.54,2.88,16,Adventure,Nordic Games,Unknown,2013.0,10.6,11.63,13.77,12.33,10.6,74.0,6.7
the red solstice,PC,3.1,3.88,23.71,"Action, Role-Playing, Strategy",Ironward,Nkidu Games,2014.0,15.13,13.42,20.95,15.13,15.13,74.0,7.4
the red strings club,PC,3.66,1.95,4.19,Adventure,Deconstructeam,Devolver Digital,2018.0,4.0,4.68,7.38,4.57,4.0,80.0,7.55
the revenge of shinobi,GBA,2.61,3.05,14.5,Platform,Sega (AM7),Sega,1989.0,2.42,2.87,1.9,2.45,2.42,51.0,7.333333333333333
the room vr: a dark matter,PC,3.92,2.67,4,Adventure,Fireproof Games,Fireproof Games,2020.0,3.97,4.3,4.3,4.13,3.97,76.5,7.15
the rub rabbits!,DS,3.5,3.15,9.5,Mini-Game Compilation,Sonic Team,Sega,2006.0,2.72,14.43,20.95,5.92,2.72,68.0,7.7
the rumble fish 2,ARC,4.26,3.0,20.76,Action,Unknown,3goo,2022.0,1.0,13.42,20.95,1.0,1.0,68.0,3.3
the saboteur,PS3,3.75,3.05,36.99,"Action, Open World",Pandemic Studios,Electronic Arts,2009.0,11.02,20.55,43.52,21.82,11.02,73.66666666666667,8.033333333333333
the scorpion king: rise of the akkadian,GC,2.86,3.36,19.69,"Action, Adventure",Point of View,Vivendi Games,2002.0,6.93,13.42,20.95,6.93,6.93,48.0,6.25
the scorpion king: sword of osiris,GBA,3.22,3.52,7.78,Action,Unknown,Universal Interactive,2002.0,2.62,13.42,4.12,2.98,2.62,72.0,7.333333333333333
the scourge project: episodes 1 and 2,PC,2.46,3.25,6.4,Action,Tragnarion Studios,BITBOX S.L.,2010.0,6.52,13.42,20.95,6.52,6.52,44.0,4.5
the secret saturdays: beasts of the 5th sun,DS,1.87,1.92,3.4,Action,Unknown,D3 Publisher,2009.0,4.27,13.42,20.95,4.27,4.27,60.0,7.333333333333333
the secret world,PC,3.88,3.35,72.26,"Action, Adventure, Massively Multiplayer, Role-Playing",Funcom,Electronic Arts,2012.0,35.5,218.57,692.07,261.58,35.5,74.0,8.3
the settlers 7: paths to a kingdom,PC,3.53,3.25,53.33,"City-Building Game, Real-Time, Strategy/Tactical",Blue Byte Software,Ubisoft,2010.0,20.38,29.3,42.75,25.15,20.38,79.0,5.3
the settlers: rise of an empire,PC,3.62,2.68,48.75,"Real-Time, Strategy",Blue Byte Software,Ubisoft,2007.0,23.5,42.0,47.5,37.67,23.5,66.0,7.2
the seven deadly sins: knights of britannia,PS4,3.14,2.91,15.63,Action,Bandai Namco Games,Bandai Namco Games,2018.0,7.93,12.0,25.43,11.9,7.93,55.0,6.1
the sexy brutale,PS4,3.77,2.7,9.47,Adventure,Unknown,Tequila Works,2017.0,5.85,7.35,8.83,7.43,5.85,78.25,6.85
the shapeshifting detective,PC,3.29,2.1,4.6,Adventure,Unknown,Wales Interactive,2018.0,3.07,3.97,6.22,3.92,3.07,71.5,5.75
the ship,PC,3.44,2.92,19.13,"First-Person, Shooter",Outerlight,Blazing Griffin,2006.0,2.62,3.18,4.25,2.93,2.62,76.0,7.1
the shoot,PS3,3.18,3.0,5.38,"Light Gun Shooter, Rail Shooter",Cohort Studios,Sony Computer Entertainment,2010.0,2.38,5.0,8.0,3.92,2.38,60.0,6.5
the showdown effect,PC,3.36,3.43,9.21,"Action, Platform",Arrowhead Game Studios,Paradox Interactive,2013.0,10.33,3.35,6.43,6.7,10.33,67.0,7.0
the silver case,PS4,3.6,1.93,22.15,"First-Person, Visual Novel",Grasshopper Manufacture,ASCII Entertainment,2016.0,14.95,16.13,17.42,16.17,14.95,64.0,8.25
the simpsons arcade game,PC,3.5,3.72,5.07,Beat Em Up,Konami,Konami,1991.0,0.85,1.35,1.37,0.92,0.85,68.0,6.4
the simpsons game,WII,3.32,2.49,13.96,Platform,Unknown,Electronic Arts,2007.0,7.68,12.2,16.38,9.83,7.68,67.0,7.216666666666667
the simpsons skateboarding,PS2,2.56,3.14,9.97,"Arcade, Sports",The Code Monkeys,Electronic Arts,2002.0,2.18,13.42,25.0,13.58,2.18,38.0,4.2
the simpsons wrestling,PS,2.57,2.82,9.91,Fighting,Big Ape Productions,Unknown,2001.0,2.2,1.87,2.58,2.28,2.2,32.0,5.6
the sims 2,DS,3.3,2.24,46.78,"Isometric, Real-Time, Simulation",Maxis,Unknown,2004.0,26.0,53.23,135.73,46.62,26.0,72.28571428571429,7.1571428571428575
the sims 2: bon voyage,PC,3.95,2.39,71.02,Simulation,The Sims Division,Electronic Arts,2007.0,5.68,13.42,20.95,5.68,5.68,74.0,7.6
the sims 2: castaway,PSP,3.41,2.89,35.74,"Adventure, Multidirectional, Point-And-Click, Real-Time, Simulation, Survival, Third-Person",The Sims Division,Electronic Arts,2007.0,6.6,10.63,20.82,12.2,6.6,70.0,6.8
the sims 2: freetime,PC,3.96,2.37,69.15,Simulation,The Sims Division,Electronic Arts,2008.0,3.07,13.42,20.95,3.07,3.07,74.0,7.6
the sims 2: nightlife,PC,3.98,2.44,63.03,Simulation,Maxis,EA Games,2005.0,1.12,20.0,20.95,7.4,1.12,76.0,6.8
the sims 2: open for business,PC,3.9,2.47,66.2,Simulation,Maxis,EA Games,2006.0,1.37,20.0,20.95,7.57,1.37,78.0,8.7
the sims 2: pets,DS,2.59,1.92,26.05,Simulation,Unknown,Unknown,2006.0,19.72,27.63,20.95,23.02,19.72,66.4,7.4399999999999995
the sims 3: ambitions,IOS,3.35,2.25,23.33,"Open World, Simulation",The Sims Studio,Electronic Arts,2010.0,8.2,20.0,14.73,17.37,8.2,74.0,7.1
the sims 3: pets,3DS,3.46,2.53,56.14,Simulation,The Sims Studio,Electronic Arts,2011.0,8.0,20.0,20.95,16.0,8.0,73.0,4.566666666666666
the sims 3: world adventures,IOS,3.09,2.07,38.75,"Open World, Puzzle, Simulation",The Sims Studio,Electronic Arts,2009.0,8.2,20.0,20.95,20.0,8.2,81.0,7.7
the sims 4,PS4,3.43,2.49,65.31,Simulation,Unknown,Electronic Arts,2014.0,24.27,147.93,371.53,137.27,24.27,67.33333333333333,3.9333333333333336
the sims bustin' out,GC,3.64,2.56,49.25,Simulation,Maxis,EA Games,2003.0,12.72,21.8,27.47,19.8,12.72,81.0,8.3
the sinking city,PC,3.16,2.96,32.5,Adventure,Frogwares,Bigben Interactive,2019.0,18.78,26.33,33.05,26.62,18.78,67.4,7.06
the sky crawlers: innocent aces,WII,3.89,3.33,25.54,Combat Flight Simulator,Access Games,Unknown,2010.0,7.37,8.38,20.95,7.6,7.37,74.0,8.2
the sly collection,PS3,4.22,2.81,40.35,"Platform, Stealth",Unknown,Sony Computer Entertainment,2010.0,24.95,33.42,38.07,33.97,24.95,85.0,8.7
the smurfs: mission vileaf,PC,3.83,2.8,25.2,Unknown,OSome Studio,Microids,2021.0,6.35,9.5,15.5,9.35,6.35,66.0,7.2
the sopranos: road to respect,PS2,3.18,2.34,10.16,"Action, Adventure, Beat Em Up",7 Studios,THQ,2006.0,4.72,5.3,6.28,5.05,4.72,42.0,5.2
the spectrum retreat,PC,3.09,3.31,7.25,"Adventure, First-Person, Puzzle",Dan Smith Studios,Ripstone,2018.0,5.05,5.25,5.82,5.27,5.05,68.0,5.433333333333334
the spiderwick chronicles,DS,3.2,2.78,16.75,"Action, Adventure",Stormfront Studios,Sierra Entertainment,2008.0,4.48,8.0,10.05,6.63,4.48,61.2,8.0
the spongebob squarepants movie,GBA,3.35,2.76,13.14,"Platform, Third-Person",Heavy Iron Studios,THQ,2004.0,7.75,10.17,11.55,8.88,7.75,73.5,7.75
the stanley parable: ultra deluxe,PC,3.96,1.52,9.03,"Adventure, First-Person",Unknown,Unknown,2022.0,2.2,5.47,15.27,6.75,2.2,89.75,8.25
the starship damrey,3DS,3.68,2.76,4.13,"Action, Adventure, Survival Horror",Level 5,Unknown,2013.0,2.33,2.67,2.95,2.75,2.33,58.0,6.9
the suffering,PS2,3.6,3.19,18,"Action, Horror, Survival",Surreal Software,Unknown,2004.0,8.43,9.08,12.4,9.03,8.43,78.0,8.399999999999999
the suffering: ties that bind,PS2,3.49,3.23,15.64,"Horror, Survival",Surreal Software,Midway Games,2005.0,7.1,9.95,13.55,8.75,7.1,74.66666666666667,7.966666666666667
the suicide of rachel foster,PC,3.43,1.45,4.67,Adventure,One-o-one Games,Daedalic Entertainment,2020.0,3.57,3.9,4.37,3.93,3.57,60.5,6.8
the sum of all fears,PS2,3.1,3.17,24.8,Shooter,Unknown,Ubisoft,2002.0,3.8,5.05,20.95,4.0,3.8,59.0,5.05
the surge,PC,3.52,3.94,32.96,"Action, Role-Playing, Third-Person",Deck13,Focus Home Interactive,2017.0,21.2,29.93,53.57,30.98,21.2,73.0,6.866666666666666
the surge 2,PC,3.55,3.81,32,"Action, Role-Playing",Deck13,Focus Home Interactive,2019.0,20.43,28.47,40.88,28.45,20.43,76.33333333333333,6.666666666666667
the swapper,VITA,3.56,3.38,8.89,"Platform, Puzzle, Scrolling",Facepalm Games,Facepalm Games,2013.0,5.18,5.53,6.13,5.58,5.18,85.0,8.1
the swords of ditto: mormo's curse,PC,3.57,3.0,10.4,"Action, Adventure, Role-Playing",onebitbeyond,Devolver Digital,2018.0,5.72,13.42,26.0,8.62,5.72,76.0,7.1
the takeover,NS,3.88,3.47,16.91,Beat Em Up,Pelikan13,Pelikan13,2016.0,2.62,3.87,4.4,2.82,2.62,73.0,7.7
the talos principle,PC,4.09,3.72,25.28,"Adventure, First-Person, Puzzle",Croteam,Devolver Digital,2014.0,15.78,21.8,30.55,22.38,15.78,85.0,8.6
the technomancer,PC,3.26,3.28,30.09,"Action, Role-Playing",Spiders,Focus Home Interactive,2016.0,19.05,27.58,46.38,29.17,19.05,61.333333333333336,6.8
the temple of elemental evil,PC,3.58,3.41,39.59,Role-Playing,Troika Games,Atari,2003.0,35.8,47.2,94.0,47.32,35.8,71.0,7.7
the terminator: dawn of fate,XBOX,2.92,3.85,10.4,Action,Paradigm Entertainment,Infogrames,2002.0,5.33,7.5,13.5,7.4,5.33,55.5,5.75
the testament of sherlock holmes,X360,3.35,2.95,20.92,"Adventure, Open World",Frogwares,Focus Home Interactive,2012.0,12.37,13.88,13.27,13.07,12.37,67.33333333333333,7.566666666666666
the textorcist: the story of ray bibbia,PC,3.16,4.17,7.09,Unknown,MorbidWare,Headup,2019.0,4.38,6.62,15.77,5.52,4.38,78.0,6.7
the thing,PS2,3.39,3.69,20.17,"Horror, Survival",Computer Artworks,Unknown,2002.0,7.42,9.58,7.53,7.93,7.42,77.66666666666667,7.166666666666667
the three stooges,PS,2.11,3.5,4.83,"Action, Adventure, Scrolling, Side, Top-Down",Unknown,Cinemaware,1987.0,0.57,13.42,20.95,0.57,0.57,53.0,7.5
the tiny bang story,PC,3.39,2.25,6.15,Adventure,Colibri Games,Colibri Games,2011.0,3.62,3.47,3.92,3.73,3.62,63.0,7.0
the tomorrow children,PS4,3.07,3.4,20.07,"Open World, Sandbox",Unknown,Sony Computer Entertainment,2015.0,16.72,13.42,27.0,21.85,16.72,54.0,5.8
the touryst,XONE,3.46,2.64,7.11,Adventure,Shin'en Multimedia,Shin'en Multimedia,2019.0,4.9,5.93,7.05,6.2,4.9,79.0,7.900000000000001
the town of light,PC,3.23,1.89,4.93,"Adventure, First-Person",LKA,LKA,2016.0,3.3,4.15,5.4,4.12,3.3,63.666666666666664,6.833333333333333
the turing test,NS,3.5,3.63,8,"First-Person, Platform, Puzzle",Bulkhead Interactive,Square Enix,2016.0,5.2,5.95,6.5,6.13,5.2,77.0,6.733333333333333
the typing of the dead: overkill,PC,3.66,2.91,6.09,"Educational, On-Rails, Shooter",Modern Dream,Sega,2013.0,3.97,6.7,22.87,5.28,3.97,71.0,7.5
the unfinished swan,PC,3.38,1.92,4.33,Adventure,Giant Sparrow,Sony Computer Entertainment,2012.0,2.5,3.1,4.4,3.02,2.5,79.0,8.1
the urbz: sims in the city,GC,3.31,2.39,43.41,"Isometric, Real-Time, Simulation",Unknown,Electronic Arts,2004.0,13.48,25.55,18.55,20.02,13.48,70.0,7.9
the vanishing of ethan carter,PC,3.53,2.61,7.16,"Adventure, First-Person",The Astronauts,The Astronauts,2014.0,3.77,4.33,4.45,4.17,3.77,80.0,7.866666666666666
the videokid,PC,3.72,3.67,13.8,Arcade,PixelTrip Studios,PixelTrip Studios,2017.0,2.28,5.0,4.58,4.2,2.28,65.0,5.8
the void,PC,3.87,4.4,33.04,Unknown,Ice-Pick Lodge,Unknown,2009.0,24.38,30.62,43.67,29.33,24.38,77.0,8.2
the walking dead: michonne - episode 1: in too deep,PC,3.36,1.53,1.57,"Adventure, Point-And-Click, Third-Person",Telltale Games,Telltale Games,2016.0,1.43,1.68,1.45,1.47,1.43,68.0,6.699999999999999
the walking dead: michonne - episode 2: give no shelter,PS3,3.25,2.6,3.4,"Adventure, Point-And-Click, Third-Person",Telltale Games,Telltale Games,2016.0,1.15,1.17,1.12,1.15,1.15,66.0,6.3
the walking dead: saints & sinners,PS4,3.77,3.25,10.67,"Action, Adventure, First-Person, Shooter, Survival, Virtual Reality",Skydance Interactive,Skydance Interactive,2020.0,10.77,13.83,24.83,13.5,10.77,80.0,8.1
the walking dead: survival instinct,PC,2.53,2.57,13.62,"First-Person, Shooter",Terminal Reality,Activision,2013.0,5.37,7.45,15.05,6.97,5.37,34.666666666666664,3.466666666666667
the walking dead: the telltale definitive series,PC,4.0,1.89,34,"Adventure, Compilation, Point-And-Click, Third-Person",Skybound Games,Skybound Games,2019.0,42.42,47.83,49.75,46.92,42.42,83.5,7.8500000000000005
the ward,PC,3.71,3.29,25.33,"Adventure, Third-Person",Fragile Bits,Unknown,2001.0,8.2,7.5,20.95,7.5,8.2,57.0,7.333333333333333
the warriors,PS4,3.87,3.04,20.8,"Action, Adventure, Beat Em Up",Unknown,Rockstar Games,2005.0,11.03,12.85,16.97,12.12,11.03,83.33333333333333,8.200000000000001
the way,PC,3.88,3.83,14.4,"Platform, Puzzle",Puzzling Dream,PlayWay,2016.0,6.63,7.97,7.95,7.37,6.63,67.0,7.2
the weakest link,PS2,2.93,2.67,1.58,Trivia,Traveller's Tales,Activision,2011.0,20.42,13.42,20.95,20.42,20.42,55.0,8.0
the whispered world,PC,3.79,3.22,19.4,Adventure,Daedalic Entertainment,Deep Silver,2010.0,10.17,13.07,11.48,11.17,10.17,70.0,7.4
the witch and the hundred knight,PS3,3.82,3.29,68.22,"Action, Real-Time, Role-Playing",Nippon Ichi Software,NIS America,2014.0,43.93,45.72,68.37,58.62,43.93,53.0,7.3
the witch and the hundred knight 2,PS4,3.83,3.59,58.52,"Action, Role-Playing",Nippon Ichi Software,Nippon Ichi Software,2018.0,32.95,41.33,55.4,44.4,32.95,61.0,6.3
the witch and the hundred knight: revival edition,PS4,3.87,3.38,68.6,"Action, Role-Playing",Nippon Ichi Software,NIS America,2016.0,45.87,66.73,102.27,70.13,45.87,63.0,6.9
the witcher,PC,3.87,3.12,47.64,"Action, Role-Playing, Third-Person",CD Projekt RED STUDIO,Atari,2007.0,35.48,46.9,65.73,47.87,35.48,81.0,8.7
the witcher 2: assassins of kings,LNX,2.31,3.12,20.3,"Action, Hack And Slash, Role-Playing, Third-Person",CD Projekt RED STUDIO,Unknown,2011.0,24.35,35.38,58.98,35.07,24.35,88.0,8.4
the witcher 3: wild hunt,MAC,3.51,2.97,80.00+,"Action, Open World, Role-Playing, Third-Person",CD Projekt RED,Unknown,2015.0,53.12,107.32,180.55,109.4,53.12,92.0,9.133333333333333
the witcher adventure game,PC,3.36,2.7,20.64,"Adventure, Board Game, Strategy/Tactical, Turn-Based",Unknown,CD Projekt RED,2014.0,6.28,15.87,45.45,18.43,6.28,68.0,5.6
the wizard of oz: beyond the yellow brick road,DS,3.81,2.91,23.06,Role-Playing,Media.Vision,Unknown,2009.0,22.08,21.0,20.95,21.92,22.08,68.0,6.4
the wolf among us,MAC,3.75,1.33,6.5,"Adventure, Point-And-Click, Third-Person",Telltale Games,Telltale Games,2013.0,8.75,9.62,11.42,9.67,8.75,80.0,8.8
the wonderful 101,WIIU,4.09,3.84,29.66,Action,PlatinumGames,Unknown,2013.0,16.9,24.05,78.97,21.83,16.9,78.0,8.6
the wonderful 101: remastered,PC,3.6,3.71,30.57,"Action, Adventure",PlatinumGames,PlatinumGames,2020.0,15.22,19.87,65.0,17.05,15.22,74.0,6.3999999999999995
the world ends with you: final remix,NS,4.21,3.4,53.83,"Action, Role-Playing",Square Enix,Square Enix,2018.0,17.33,27.38,80.7,24.42,17.33,77.0,7.3
the world next door,PC,3.28,2.86,3.6,"Action, Adventure, Top-Down",Rose City Games,VIZ Media,2019.0,3.38,4.22,5.38,4.17,3.38,63.0,6.3
the x-files game,PC,3.82,3.33,16.17,Adventure,HyperBole Studios,Unknown,1998.0,6.13,7.18,7.07,6.48,6.13,56.0,7.7
the x-files: resist or serve,PS2,3.43,3.44,12.85,Survival Horror,Black Ops Entertainment,Vivendi Universal Games,2004.0,6.53,6.47,10.18,6.83,6.53,67.0,8.2
the yakuza remastered collection,PS4,4.21,3.1,80.00+,Compilation,Ryu Ga Gotoku Studio,Sega,2020.0,67.92,130.57,380.97,141.6,67.92,82.0,8.05
the yawhg,PC,3.43,1.53,0.94,Adventure,Unknown,Unknown,2013.0,0.45,1.42,5.28,0.97,0.45,66.0,7.6
thea: the awakening,PC,3.73,3.83,77.14,"Role-Playing, Strategy",MuHa Games,MuHa Games,2015.0,18.25,43.0,53.27,32.35,18.25,72.0,7.8
theatre of war,PC,4.06,3.29,40.4,Strategy,1C Company,Battlefront.com,2007.0,11.12,18.67,20.95,14.88,11.12,66.0,6.3
theatrhythm final fantasy,IOS,3.3,3.33,47,Music/Rhythm,indieszero,Square Enix,2012.0,6.7,23.3,55.65,15.18,6.7,78.0,7.8
theatrhythm final fantasy: curtain call,3DS,4.34,3.12,64.2,Music/Rhythm,indieszero,Square Enix,2014.0,11.72,38.5,109.7,26.22,11.72,83.0,8.2
them's fightin' herds,PC,3.61,3.88,16.65,Fighting,Mane6,Humble Bundle,2018.0,4.5,5.08,20.95,4.62,4.5,80.0,7.333333333333333
theme park,SNES,3.15,2.94,25.5,Simulation,Bullfrog Productions,Electronic Arts,1995.0,17.13,18.8,26.77,20.58,17.13,72.0,7.6
theme park roller coaster,PS2,3.14,2.45,38.94,Management,Bullfrog Productions,Electronic Arts,2000.0,18.5,13.42,20.95,18.5,18.5,82.0,7.9
they are billions,PC,3.45,4.58,46,Tower Defense,Numantian Games,Numantian Games,2017.0,68.62,106.03,146.9,96.03,68.62,74.0,6.266666666666667
they bleed pixels,PC,3.62,4.32,16.8,Platform,Spooky Squid Games,Spooky Squid Games,2012.0,9.25,12.23,23.33,10.9,9.25,74.0,7.4
thief ii: the metal age,PC,4.37,3.4,30.42,"Action, First-Person, Simulation, Stealth",Looking Glass Studios,Eidos Interactive,2000.0,20.38,27.25,35.82,25.23,20.38,87.0,8.9
thief: deadly shadows,XBOX,3.94,3.41,21,"Action, First-Person, Simulation, Stealth, Third-Person",Ion Storm,Eidos Interactive,2004.0,16.82,22.93,30.13,21.38,16.82,83.5,7.75
thief: the dark project,PC,4.25,3.62,32.62,"Action, First-Person, Simulation, Stealth",Looking Glass Studios,Eidos Interactive,1998.0,12.87,21.53,26.05,18.03,12.87,92.0,8.9
thimbleweed park,PS4,3.88,3.8,18.64,"Adventure, Point-And-Click",Terrible Toybox,Terrible Toybox,2017.0,10.7,14.3,16.52,12.85,10.7,84.0,7.849999999999999
things on wheels,X360,2.71,3.5,8.4,Adventure,Load Inc.,Focus Home Interactive,2010.0,8.2,6.8,4.0,5.87,8.2,41.0,5.9
thirty flights of loving,PC,3.03,1.43,0.7,Adventure,Blendo Games,Blendo Games,2012.0,0.33,0.58,0.72,0.47,0.33,88.0,5.0
this is the police,NS,3.12,3.5,24,"Adventure, Strategy",Weappy Studio,EuroVideo Medien,2016.0,19.88,24.27,35.2,23.53,19.88,66.0,7.5
this war of mine,AND,3.5,3.69,13.5,Simulation,11 bit studios,11 bit studios,2014.0,11.33,22.28,49.12,19.25,11.33,83.0,8.3
this war of mine: the little ones,PS4,3.73,3.84,23.77,"Action, Adventure",Deep Silver,Deep Silver,2016.0,10.6,13.25,21.83,13.42,10.6,78.0,7.8999999999999995
thomas was alone,PS4,3.47,2.24,7.38,"Platform, Puzzle",Mike Bithell,Mike Bithell,2012.0,3.53,3.95,4.3,3.95,3.53,78.33333333333333,7.2666666666666675
thor: god of thunder,X360,2.64,3.32,31.14,Action,Unknown,Sega,2011.0,5.77,9.72,8.03,6.87,5.77,50.4,5.98
thrillville,PSP,3.31,2.33,20.81,"Action, Puzzle",Frontier Developments,Unknown,2006.0,5.28,9.87,9.0,8.38,5.28,70.66666666666667,2.733333333333333
thrillville: off the rails,PSP,3.2,1.94,28.5,"Management, Third-Person",Frontier Developments,LucasArts,2007.0,7.45,15.0,12.58,10.87,7.45,71.0,2.82
throne of darkness,PC,3.54,3.54,29,"Action, Role-Playing",Click Entertainment,Sierra Studios,2001.0,15.63,25.93,30.08,23.63,15.63,68.0,8.0
thronebreaker: the witcher tales,NS,3.57,3.17,32.3,Role-Playing,CD Projekt Red,CD Projekt Red,2018.0,27.63,37.35,42.72,38.38,27.63,83.5,7.325
through the darkest of times,PC,2.88,2.29,6.17,"Simulation, Strategy",Paintbucket Games,HandyGames,2020.0,6.77,9.68,15.5,8.15,6.77,71.0,5.7
through the woods,PC,2.5,1.63,5.33,Adventure,Antagonist,1C Company,2016.0,2.97,3.97,4.87,3.65,2.97,64.5,6.5
thumper,PS4,3.51,4.0,15.4,"Action, Music/Rhythm, On-Rails, Third-Person",Drool,Drool,2016.0,7.88,15.07,18.65,10.87,7.88,85.25,7.125
thunder force v,SAT,4.05,3.75,11.61,"Scrolling, Shooter",Technosoft,Technosoft,1998.0,1.22,1.02,20.95,1.18,1.22,70.0,7.4
thunderstrike: operation phoenix,PS2,3.05,4.24,15,Action,Core Design Ltd.,Core Design Ltd.,2001.0,15.0,13.42,20.95,15.0,15.0,65.0,7.4
tiger woods pga tour 13,PS3,3.48,3.07,76.33,Sports,EA Tiburon,EA Sports,2012.0,7.48,13.42,20.95,7.48,7.48,76.0,5.65
tiger woods pga tour 14,X360,3.59,3.05,19.2,Sports,EA Tiburon,EA Sports,2013.0,44.83,13.42,20.95,44.83,44.83,75.5,5.35
tiger woods pga tour 2002,PS2,3.52,2.85,48.29,"Simulation, Sports",EA Sports,EA Sports,2002.0,3.22,13.42,20.95,3.22,3.22,81.5,6.8
tiger woods pga tour 2003,PS2,3.24,3.06,45.06,Sports,EA Sports,EA,2002.0,11.0,46.67,20.95,28.83,11.0,89.5,6.75
tiger woods pga tour 2005,XBOX,3.47,2.94,27.56,Sports,EA Sports,EA,2004.0,8.2,49.18,200.0,86.88,8.2,88.75,6.775
time ace,DS,3.78,2.93,23.09,Aerial Combat,Trainwreck Studios,Konami,2007.0,4.2,13.42,9.0,6.12,4.2,52.0,7.333333333333333
time and eternity,PS3,3.15,2.7,35.79,Role-Playing,Unknown,Unknown,2013.0,23.45,30.33,31.87,28.23,23.45,42.0,5.4
time crisis 3,ARC,3.84,3.62,8.26,"On-Rails, Shooter",Nex Entertainment,Namco,2003.0,1.2,3.83,1.42,1.77,1.2,81.0,8.1
time crisis 4,PS3,3.56,3.21,12.78,"On-Rails, Shooter",Nex Entertainment,Namco,2007.0,1.15,1.0,3.33,1.4,1.15,60.0,7.2
time crisis ii,PS2,3.91,3.14,15.98,"On-Rails, Shooter",Namco,Namco,2001.0,0.83,2.22,4.17,1.15,0.83,81.0,7.9
time crisis: crisis zone,PS2,3.76,3.15,15.33,"On-Rails, Shooter",Namco,Namco,2004.0,0.67,1.27,0.33,0.73,0.67,66.0,7.333333333333333
time crisis: project titan,PS,3.65,3.58,19.33,"Arcade, First-Person, On-Rails, Shooter",Flying Tiger Entertainment,Namco,2001.0,1.17,6.0,20.95,2.05,1.17,71.0,6.5
time crisis: razing storm,PS3,3.82,3.42,25.31,"On-Rails, Shooter",Nex Entertainment,Namco Bandai Games,2010.0,1.72,7.0,20.95,2.08,1.72,58.0,6.4
"time gentlemen, please!",PC,3.5,3.52,6.02,Adventure,Zombie Cow Studios,Size Five Games,2009.0,5.35,6.85,6.07,5.72,5.35,84.0,7.4
time hollow,DS,3.88,2.56,14.5,"Adventure, Visual Novel",Tenky,Konami,2008.0,6.67,7.17,10.15,7.32,6.67,64.0,7.3
time pilot,2600,3.11,3.09,4.64,Shooter,Konami,Unknown,1983.0,1.12,13.42,20.95,1.12,1.12,63.0,7.333333333333333
time recoil,VITA,3.57,3.93,5.14,"Action, Top-Down",10tons,10tons,2017.0,3.4,13.42,20.95,3.4,3.4,70.0,7.8
timelie,PC,2.93,2.63,5,Puzzle,Urnique Studio,Unknown,2020.0,5.22,6.0,7.17,6.1,5.22,77.0,7.5
timeshift,PS3,3.25,3.13,14.44,"First-Person, Shooter",Saber Interactive,Sierra Entertainment,2007.0,7.75,9.2,8.75,7.98,7.75,70.33333333333333,7.2666666666666675
timespinner,XONE,3.5,3.12,28.5,"Action, Adventure",Lunar Ray Games,Lunar Ray Games,2018.0,5.82,8.8,12.42,9.03,5.82,82.5,6.85
timesplitters,PS2,3.57,3.29,20.48,"First-Person, Shooter",Free Radical Design,Eidos Interactive,2000.0,1.58,5.58,7.68,2.42,1.58,81.0,7.9
timesplitters 2,XBOX,4.14,3.33,33.34,"First-Person, Shooter",Free Radical Design,Eidos Interactive,2002.0,7.88,18.23,30.82,13.67,7.88,88.66666666666667,8.233333333333333
timesplitters: future perfect,XBOX,4.19,3.2,37.87,"First-Person, Shooter",Free Radical Design,EA Games,2005.0,6.47,18.92,32.33,11.03,6.47,83.0,8.7
tiny barbarian dx,NS,3.82,3.97,13.63,"Action, Platform",StarQuail Games,StarQuail Games,2013.0,10.57,9.98,10.0,10.25,10.57,77.0,7.7
tiny brains,PS3,1.15,3.5,5.7,Puzzle,Spearhead Games,505 Games,2013.0,2.28,2.75,3.07,2.42,2.28,64.0,6.7
tiny metal,PC,3.66,2.1,8.56,"Strategy, Turn-Based",Area 35,Unknown,2017.0,12.8,24.0,20.95,15.28,12.8,67.0,5.0
tiny tina's wonderlands,PC,3.5,3.25,27.17,"Action, First-Person, Role-Playing, Shooter",Gearbox Software,2K Games,2022.0,16.07,29.38,55.85,30.13,16.07,77.0,5.8
tiny troopers,PC,3.27,2.69,10.67,Action,Kukouri Mobile Entertainment,Unknown,2012.0,3.92,4.63,6.65,5.15,3.92,57.0,5.5
tiny troopers: joint ops,VITA,3.32,2.45,12,"Action, Top-Down",Plunge Interactive,Wired Productions,2014.0,6.33,14.12,16.92,11.38,6.33,62.0,5.3
tinykin,PC,3.88,2.3,9.2,"Action, Platform",Splashteam,tinyBuild,2022.0,6.15,8.03,10.12,8.47,6.15,81.75,8.125
titan attacks!,PS3,3.07,3.13,7.19,"Action, Arcade",Puppy Games,Puppy Games,2012.0,1.7,2.97,4.7,2.95,1.7,63.0,7.333333333333333
titan quest,PS4,3.56,3.76,77.08,"Action, Role-Playing",Unknown,THQ,2006.0,26.17,36.68,56.45,35.45,26.17,65.75,6.95
titan quest: immortal throne,PC,3.95,3.09,52.81,"Action, Role-Playing",Iron Lore Entertainment,THQ,2007.0,16.17,31.02,38.92,27.17,16.17,80.0,8.4
titan souls,PC,3.23,3.97,7.45,"Action, Adventure, Battle Arena, Real-Time, Top-Down",Acid Nerve,Devolver Digital,2015.0,3.25,4.12,7.95,3.97,3.25,73.5,6.3999999999999995
titanfall,PC,3.68,2.96,33.12,"First-Person, Shooter",Respawn Entertainment,Electronic Arts,2014.0,8.2,13.42,20.95,11.25,8.2,85.0,6.366666666666666
titanfall 2,PC,4.07,2.92,12.75,"Action, First-Person, Shooter",Respawn Entertainment,Electronic Arts,2016.0,6.2,8.63,17.2,7.6,6.2,87.33333333333333,8.666666666666666
to the moon,MAC,4.03,1.85,9.4,"Adventure, Role-Playing",Freebird Games,Freebird Games,2011.0,4.23,4.57,4.75,4.45,4.23,82.5,8.549999999999999
toca race driver 3,XBOX,3.74,3.85,43.75,"Driving, Racing",Unknown,Unknown,2006.0,38.17,38.5,20.95,38.22,38.17,83.33333333333333,7.766666666666667
toejam & earl iii: mission to earth,XBOX,3.58,2.89,32,"Action, Platform",Unknown,Unknown,2002.0,4.0,8.5,20.95,7.0,4.0,71.0,6.9
tokobot,PSP,3.33,2.91,12.89,Platform,Tecmo,Tecmo,2005.0,7.7,12.0,20.95,8.42,7.7,72.0,7.1
tokobot plus: mysteries of the karakuri,PS2,3.34,2.89,20,"Platformer, Puzzle",Tecmo,Tecmo,2006.0,8.7,9.4,25.0,10.33,8.7,66.0,8.4
tokyo beat down,DS,3.55,3.35,7.27,Beat Em Up,Unknown,Unknown,2009.0,5.82,13.42,20.95,5.82,5.82,56.0,7.333333333333333
tokyo crash mobs,3DS,3.71,3.32,7.5,"Puzzle, Real-Time, Top-Down",Mitchell,Nintendo,2013.0,2.7,4.55,11.38,4.02,2.7,68.0,7.4
tokyo dark,PC,3.38,2.09,10.44,"Adventure, Point-And-Click, Role-Playing, Side",Cherrymochi,Square Enix,2017.0,5.32,8.17,12.72,7.55,5.32,70.0,7.3
tokyo jungle,PS3,3.83,3.72,32.46,"Action, Survival",Unknown,Sony Computer Entertainment,2012.0,14.58,23.33,21.62,19.27,14.58,74.0,8.1
tokyo mirage sessions #fe,WIIU,3.78,3.03,62.84,"Action, Adventure, Multidirectional, Music/Rhythm, Role-Playing, Third-Person, Turn-Based",Atlus,Nintendo,2016.0,48.52,65.42,110.8,64.9,48.52,80.0,7.8
tokyo mirage sessions #fe encore,NS,3.71,3.01,53.79,"Role-Playing, Third-Person",Atlus,Nintendo,2020.0,38.03,50.62,62.8,49.12,38.03,81.0,6.3
tokyo tattoo girls,VITA,1.66,1.6,5.7,Strategy,Sushi Typhoon Games,NIS America,2017.0,2.0,5.0,20.95,3.5,2.0,36.0,4.1
tokyo twilight ghost hunters,PS3,3.11,3.61,30.73,"Role-Playing, Visual Novel",Toybox Inc.,Unknown,2015.0,15.57,18.27,25.0,17.25,15.57,63.5,6.75
tokyo xanadu,VITA,4.14,2.81,58,"Action, Role-Playing, Third-Person",Nihon Falcom,Nihon Falcom,2017.0,37.82,46.0,71.05,46.07,37.82,74.0,8.1
tokyo xanadu ex+,PC,3.84,2.94,65.38,"Action, Role-Playing, Third-Person",Nihon Falcom,Aksys Games,2017.0,44.53,58.92,97.95,59.62,44.53,75.0,7.8
tokyo xtreme racer 2,DC,3.8,3.56,51.24,"Driving, Racing",Genki,Crave,2000.0,12.42,55.0,20.95,26.6,12.42,79.0,7.9
tokyo xtreme racer 3,PS2,4.15,3.18,57.11,"Driving, Racing",Genki,Crave Entertainment,2003.0,21.0,23.38,34.45,29.78,21.0,63.0,8.6
tom clancy's ghost recon 2,GC,3.11,3.36,11.5,"Tactical Shooter, Third-Person Shooter",Red Storm Entertainment,Ubisoft,2004.0,8.78,10.02,16.0,9.67,8.78,64.0,5.300000000000001
tom clancy's ghost recon advanced warfighter,PS2,3.21,3.33,22.33,"Shooter, Third-Person",Unknown,Ubisoft,2006.0,9.58,10.75,17.45,10.55,9.58,70.0,6.4
tom clancy's ghost recon: future soldier,PC,3.49,2.97,14.9,"Shooter, Third-Person",Unknown,Ubisoft,2012.0,10.77,13.43,19.15,11.93,10.77,76.33333333333333,6.466666666666667
tom clancy's ghost recon: island thunder,XBOX,3.75,3.74,23.29,"Tactical Shooter, Third-Person Shooter",Red Storm Entertainment,Ubisoft,2003.0,3.62,4.27,3.48,3.68,3.62,81.5,7.3
tom clancy's ghost recon: jungle storm,PS2,3.54,3.24,28.22,Unknown,Red Storm Entertainment,Ubisoft,2004.0,14.0,14.75,18.5,15.75,14.0,70.0,6.0
tom clancy's ghost recon: shadow wars,3DS,3.82,3.19,37.48,"Strategy/Tactical, Turn-Based",Ubisoft Sofia,Ubisoft,2011.0,26.05,39.22,56.42,29.77,26.05,77.0,7.9
tom clancy's rainbow six,PS,2.9,3.51,18.56,Shooter,Red Storm Entertainment,Red Storm Entertainment,1998.0,10.92,12.63,15.5,11.37,10.92,85.0,8.0
tom clancy's rainbow six 3: black arrow,XBOX,3.81,3.39,39.29,First-Person Shooter,Ubisoft Milan Studio,Ubisoft,2005.0,5.12,13.42,20.95,5.12,5.12,84.0,8.1
tom clancy's rainbow six 3: raven shield,PC,3.78,3.77,26.82,"First-Person, Shooter, Strategy/Tactical",Unknown,Ubisoft,2003.0,15.67,12.7,20.95,14.8,15.67,83.0,8.6
tom clancy's rainbow six extraction,XBSX,2.83,3.3,21.14,"Action, First-Person, Shooter",Ubisoft Montreal,Ubisoft,2022.0,15.02,47.92,63.3,39.42,15.02,71.66666666666667,5.333333333333333
tom clancy's rainbow six siege,PC,3.69,3.86,68.14,"First-Person, Shooter, Strategy/Tactical",Ubisoft Montreal,Ubisoft,2015.0,3.63,34.0,206.82,71.23,3.63,75.33333333333333,7.066666666666666
tom clancy's rainbow six: covert ops essentials,PC,3.68,3.73,13,First-Person Shooter,Magic Lantern Playware,Red Storm Entertainment,2000.0,1.22,13.42,20.95,1.22,1.22,62.0,5.5
tom clancy's rainbow six: lockdown,PC,2.82,2.93,8.5,Tactical Shooter,Red Storm Entertainment,Ubisoft,2005.0,8.52,7.72,15.67,9.43,8.52,68.75,6.85
tom clancy's rainbow six: rogue spear,GBA,3.45,3.89,15.85,"First-Person, Shooter",Red Storm Entertainment,Red Storm Entertainment,1999.0,11.23,30.0,25.0,13.27,11.23,75.5,7.35
tom clancy's rainbow six: vegas,PC,3.6,3.24,12.31,"First-Person, Shooter, Strategy/Tactical",Ubisoft Montreal,Ubisoft,2006.0,8.37,12.45,39.6,10.97,8.37,85.0,7.6
tom clancy's rainbow six: vegas 2,PC,3.75,3.18,20.63,"Shooter, Strategy/Tactical, Third-Person",Ubisoft Montreal,Ubisoft,2008.0,8.33,12.07,34.83,11.02,8.33,78.0,7.4
tom clancy's splinter cell 3d,3DS,3.26,3.14,13.13,"Action, Adventure, Stealth",UbiSoft,Ubisoft,2011.0,12.03,17.42,15.0,14.32,12.03,53.0,5.7
tom clancy's splinter cell: blacklist,PC,3.85,3.07,22.46,"Action, Adventure, Stealth, Third-Person",Unknown,Ubisoft,2013.0,10.87,18.35,28.62,15.68,10.87,82.66666666666667,7.633333333333333
tom clancy's splinter cell: chaos theory,DS,3.16,3.29,14.22,"Action, Stealth, Third-Person",Unknown,Ubisoft,2005.0,12.88,14.42,20.13,14.3,12.88,71.0,7.95
tom clancy's splinter cell: conviction,PC,3.67,2.92,14.66,"Stealth, Third-Person",Ubisoft Montreal,Ubisoft,2010.0,7.43,11.65,18.53,9.27,7.43,84.0,6.65
tom clancy's splinter cell: pandora tomorrow,GBA,3.65,3.69,15.24,"Action, Adventure, Stealth",Ubisoft Shanghai,Ubisoft,2004.0,10.1,12.57,14.87,11.32,10.1,87.0,7.900000000000001
tom clancy's the division,PC,3.45,3.04,57.16,"Massively Multiplayer, Open World, Shooter, Third-Person",Unknown,Ubisoft,2016.0,24.38,51.3,91.17,49.53,24.38,79.66666666666667,6.666666666666667
tom clancy's the division 2,PC,3.58,3.2,71.75,"Action, Open World, Role-Playing, Shooter, Third-Person",Massive Entertainment,Ubisoft,2019.0,26.12,51.27,100.93,47.43,26.12,82.66666666666667,5.6
tomb raider: anniversary,X360,3.76,3.08,19.98,"Action, Adventure, Platform",Unknown,Unknown,2007.0,12.45,15.42,21.18,14.47,12.45,77.75,8.1
tomb raider: legend,DS,2.91,2.71,13.57,"Action, Adventure",Unknown,Eidos Interactive,2006.0,7.38,9.15,15.1,8.78,7.38,75.16666666666667,7.733333333333334
tomb raider: underworld,PS2,3.19,3.06,17.32,"Action, Adventure, Platform, Third-Person",Unknown,Eidos Interactive,2008.0,9.77,12.28,18.7,11.48,9.77,74.2,7.46
tomodachi life,3DS,4.02,2.15,65.36,"Point-And-Click, Real-Time, Sandbox, Simulation",Nintendo SPD Group 1,Nintendo,2014.0,24.32,65.7,184.22,66.63,24.32,71.0,7.6
tony hawk's american sk8land,GBA,3.0,3.26,10.71,Sports,Vicarious Visions,Activision,2005.0,7.75,15.13,15.0,13.0,7.75,74.0,5.85
tony hawk's american wasteland,X360,3.53,2.71,20.83,Sports,Neversoft,Unknown,2005.0,9.72,12.2,15.88,11.35,9.72,74.8,7.66
tony hawk's downhill jam,WII,3.13,2.84,26.33,"Driving, Racing, Sports",Various,Activision,2006.0,7.4,11.75,29.62,13.3,7.4,68.0,6.566666666666666
tony hawk's pro skater,GBC,2.36,3.0,12.31,Sports,Unknown,Unknown,1999.0,4.23,9.8,14.07,6.98,4.23,92.0,8.7
tony hawk's pro skater 1 + 2,PS5,3.94,3.39,27.59,"Arcade, Sports",Vicarious Visions,Activision,2020.0,6.82,13.15,39.67,14.9,6.82,88.16666666666667,7.5
tony hawk's pro skater 2,GBC,2.6,3.25,10.93,"Arcade, Sports",Unknown,Activision,2000.0,8.72,14.03,62.85,17.43,8.72,93.0,7.48
tony hawk's pro skater 3,GBC,2.77,3.3,10.29,"Sports, Third-Person",Neversoft,Activision,2001.0,7.38,14.92,39.72,13.62,7.38,91.33333333333333,7.516666666666667
tony hawk's pro skater 4,GBA,3.23,2.93,12.03,Sports,Unknown,Activision,2002.0,10.15,15.67,25.33,14.52,10.15,89.6,7.680000000000001
tony hawk's pro skater 5,XONE,1.85,1.71,4.96,"Arcade, Sports",Robomodo Disruptive Games,Activision,2015.0,4.28,11.93,10.0,7.58,4.28,35.5,1.8
tony hawk's pro skater hd,PC,3.06,3.05,16.67,Sports,Robomodo,Activision,2012.0,4.25,9.53,15.62,9.4,4.25,66.5,6.05
tony hawk's project 8,XBOX,3.23,2.54,15.11,"Sports, Third-Person",Unknown,Activision,2006.0,12.63,19.32,67.05,20.58,12.63,72.2,6.52
tony hawk's proving ground,PS2,3.17,2.95,19.74,Sports,Unknown,Activision,2007.0,8.07,13.53,9.0,11.72,8.07,70.25,5.825
tony hawk's underground,GBA,3.11,3.11,22.05,Sports,Unknown,Activision,2003.0,6.88,10.35,17.7,9.48,6.88,87.5,7.85
tony hawk's underground 2,GBA,3.03,2.95,17.77,Sports,Neversoft,Activision,2004.0,7.08,11.63,19.73,10.17,7.08,83.25,7.95
too human,X360,3.56,3.1,32.19,"Action, Role-Playing",Silicon Knights,Microsoft Game Studios,2008.0,13.05,22.93,77.93,18.42,13.05,65.0,7.0
tooth and tail,PC,3.1,3.47,10.56,"Real-Time, Strategy",Pocketwatch Games,Pocketwatch Games,2017.0,8.53,11.17,19.67,11.7,8.53,80.0,7.9
top gun: combat zones,GBA,3.0,3.9,24.71,Unknown,Digital Integration,Titus Software,2001.0,7.18,13.42,20.95,7.18,7.18,61.0,4.8
top spin,PS2,3.23,3.31,40,Sports,PAM Development,Unknown,2003.0,10.0,18.0,20.95,15.33,10.0,78.0,7.7
torchlight,PC,3.78,2.82,29.74,"Hack And Slash, Role-Playing",Runic Games,Runic Games,2009.0,14.47,22.7,56.97,21.58,14.47,82.0,7.800000000000001
torchlight ii,PS4,3.74,2.59,60.31,"Action, Role-Playing",Runic Games,Runic Games,2012.0,21.42,32.35,86.73,31.4,21.42,81.75,7.325
torchlight iii,PS4,3.15,3.0,58.67,"Action, Role-Playing",Echtra,Perfect World Entertainment,2020.0,16.03,25.08,49.43,21.8,16.03,64.5,4.375
toren,PC,2.88,2.14,2.24,Adventure,Swordtales,Versus Evil,2015.0,2.18,2.58,2.92,2.53,2.18,56.5,5.6
tork: prehistoric punk,XBOX,3.13,3.27,8,Platform,Tiwak SAS,Ubisoft,2005.0,11.67,13.42,20.95,11.67,11.67,62.0,6.2
torment: tides of numenera,XONE,3.54,2.78,33.29,Role-Playing,inXile Entertainment,inXile Entertainment,2017.0,25.4,35.18,52.02,37.1,25.4,78.66666666666667,6.833333333333333
tormented souls,PC,3.83,3.63,16,"Horror, Survival, Third-Person",Unknown,PQube,2021.0,9.42,10.62,13.87,10.47,9.42,75.33333333333333,7.2666666666666675
tormentum - dark sorrow,PC,3.61,2.12,4.9,"Adventure, Interactive Art, Point-And-Click",OhNoo Studio,OhNoo Studio,2015.0,3.28,4.1,5.57,4.1,3.28,72.0,8.0
total annihilation,PC,4.16,3.4,55.19,"Real-Time, Strategy/Tactical",Cavedog Entertainment,GT Interactive,1997.0,24.1,37.27,85.43,35.53,24.1,86.0,8.8
total annihilation: kingdoms,PC,3.8,3.14,52.31,"Real-Time, Strategy/Tactical",Cavedog Entertainment,GT Interactive,1999.0,24.97,13.42,19.55,23.88,24.97,74.0,8.4
total immersion racing,PS2,3.03,3.0,15.14,"Driving, Racing",Razorworks,Unknown,2002.0,12.02,24.38,20.95,19.75,12.02,59.5,7.8
total war: attila,PC,3.84,3.43,71.73,"Real-Time, Strategy",The Creative Assembly,Sega,2015.0,51.0,246.33,200.0,141.8,51.0,80.0,7.4
total war: rome ii,PC,3.52,3.06,59.94,"Strategy/Tactical, Turn-Based",The Creative Assembly,Sega,2013.0,48.42,112.0,310.58,93.63,48.42,76.0,4.4
total war: shogun 2 - fall of the samurai,PC,4.06,3.44,52.16,"Strategy, Tactical, Turn-Based",The Creative Assembly,Sega,2012.0,20.93,34.0,143.12,35.23,20.93,86.0,8.4
total war: three kingdoms,PC,3.99,3.21,67.92,"Strategy/Tactical, Turn-Based",Creative Assembly,Sega,2019.0,55.4,81.83,622.9,104.3,55.4,85.0,7.6
totaled!,XBOX,3.09,3.17,12.8,"Driving, Racing",Rage Software,Majesco,2002.0,8.2,13.42,2.82,2.82,8.2,55.0,7.333333333333333
touch detective,DS,3.71,3.01,21.42,Adventure,BeeWorks,Unknown,2006.0,6.37,7.93,8.53,7.4,6.37,60.0,6.6
touch detective 2 1/2,DS,3.89,2.92,24.05,Adventure,BeeWorks,Unknown,2007.0,6.13,8.35,7.98,7.08,6.13,67.0,7.0
touch my katamari,VITA,3.46,2.86,15.15,"Action, Third-Person",Namco Bandai,Namco Bandai,2012.0,2.65,4.37,11.93,3.72,2.65,69.0,7.4
touch the dead,DS,3.15,3.81,10.75,"First-Person, On-Rails, Shooter, Survival Horror",Dream On Studio,Eidos Interactive,2007.0,2.93,13.42,20.95,2.93,2.93,56.0,5.8
touchmaster,DS,3.5,2.7,23.04,"Compilation, Puzzle",Midway Games,Midway Games,2007.0,8.2,13.42,11.25,11.25,8.2,71.0,5.8
touhou genso rondo: bullet ballet,PS4,3.52,3.4,8.33,"Fighting, Shooter",NIS America,NIS America,2016.0,1.38,13.0,20.95,3.32,1.38,55.0,5.3
touhou genso wanderer,PS4,3.92,3.81,80.00+,"Roguelike, Role-Playing",Mediascape,NIS America,2017.0,8.0,268.68,20.95,138.33,8.0,70.0,6.7
touhou kobuto v: burst battle,VITA,1.7,3.94,12,"Scrolling, Shooter",CUBETYPE,NIS America,2017.0,1.27,4.55,20.95,2.9,1.27,40.0,4.3
touhou spell bubble,NS,3.43,3.45,10.57,Puzzle,Taito Corporation,Taito Corporation,2020.0,4.67,10.0,20.95,5.43,4.67,77.0,6.6
toukiden: the age of demons,VITA,4.12,3.08,72.17,Action,Omega Force,Koei Tecmo Games,2014.0,26.23,63.38,67.5,46.7,26.23,71.0,8.4
tourist trophy,PS2,3.97,3.41,47.81,"Driving, Racing, Simulation, Sports",Polyphony Digital,Sony Computer Entertainment,2006.0,23.68,26.57,36.5,26.98,23.68,74.0,8.5
tournament of legends,WII,2.92,3.0,10.44,Fighting,High Voltage Software,Sega,2010.0,0.37,13.42,2.02,1.18,0.37,45.0,7.2
tower of fantasy,AND,3.38,2.8,32.25,Role-Playing,Hotta Studio,Level Infinite,2022.0,8.2,13.42,20.95,11.25,8.2,65.0,3.7999999999999994
tower of guns,PS4,2.8,3.58,12.78,"Action, Shooter",Terrible Posture Games,Terrible Posture Games,2014.0,2.7,5.53,11.43,5.78,2.7,72.0,6.466666666666666
tower of time,PC,3.25,3.0,32.2,"Real-Time, Role-Playing, Top-Down",Event Horizon,Event Horizon,2018.0,32.67,43.33,58.87,45.5,32.67,77.0,7.8
towerfall ascension,PS4,3.6,3.96,16.18,Battle Arena,Matt Thorson,Matt Makes Games Inc,2013.0,3.83,11.25,43.78,9.85,3.83,84.66666666666667,7.066666666666666
toy soldiers,PC,3.17,3.08,10.67,Action,Signal Studios,Microsoft Game Studios,2010.0,6.33,11.68,21.35,9.1,6.33,81.0,8.5
toy soldiers: cold war,X360,3.6,3.15,8.53,"Action, Arcade, Shooter, Strategy/Tactical, Third-Person, Top-Down, Tower Defense",Signal Studios,Microsoft Studios,2011.0,4.13,8.17,11.57,5.78,4.13,81.0,8.5
toy soldiers: war chest,PS4,3.03,3.25,14,"Action, Strategy",Unknown,Ubisoft,2015.0,10.0,31.0,20.95,20.5,10.0,61.0,7.3999999999999995
toy stunt bike,X360,3.81,2.67,14,"Arcade, Driving, Racing, Real-Time, Side",Unknown,Wobbly Tooth,2014.0,1.83,13.42,4.0,3.27,1.83,58.0,7.400000000000001
toybox turbos,X360,3.7,3.4,10,"Arcade, Driving, Racing, Top-Down",Codemasters,Codemasters,2014.0,2.83,4.58,4.67,4.13,2.83,69.0,6.2
trackmania ds,DS,3.66,3.61,46.83,"Driving, Puzzle, Racing",Firebrand Games,Unknown,2009.0,3.0,10.5,6.75,5.5,3.0,75.0,7.2
trackmania united,PC,4.18,3.88,60.44,"Driving, Racing",Nadeo,Various,2006.0,21.9,44.72,58.38,43.08,21.9,80.0,8.8
trackmania: build to race,WII,4.0,3.19,61.56,"Driving, Racing",Firebrand Games,City Interactive,2010.0,8.2,6.0,20.0,13.0,8.2,74.0,7.5
train fever,PC,3.87,2.92,37,Simulation,Urban Games,Gambitious Digital Entertainment,2014.0,15.0,42.63,102.47,51.83,15.0,67.0,6.9
traitors gate,PC,3.3,3.57,15.2,Adventure,Daydream Software,IncaGold,2000.0,8.2,9.0,20.95,9.0,8.2,63.0,6.7
trajectile,DS,3.92,3.4,21.14,Puzzle,Q-Games Ltd.,Nintendo,2010.0,8.2,10.0,20.95,10.0,8.2,77.0,7.333333333333333
transference,XONE,3.93,2.5,2.54,Adventure,Unknown,Ubisoft,2018.0,1.52,2.23,2.12,1.83,1.52,72.0,6.066666666666666
transformers animated: the game,DS,3.16,2.38,11.3,Action,A2M,Activision,2008.0,8.2,13.42,4.0,4.0,8.2,69.0,7.333333333333333
transformers: cybertron adventures,WII,4.21,4.22,73.27,"Shooter, Third-Person",Next Level Games,Activision,2010.0,4.17,13.42,35.0,10.33,4.17,41.0,6.3
transformers: dark of the moon - stealth force edition,3DS,2.81,3.18,36.94,Vehicular Combat,Behaviour Ineractive,Activision,2011.0,4.0,13.42,20.95,4.0,4.0,32.0,2.8
transformers: devastation,XONE,3.74,3.13,22,"Action, Hack And Slash",Platinum Games,Activision,2015.0,5.5,9.2,18.98,6.73,5.5,75.33333333333333,7.766666666666667
transformers: fall of cybertron,PC,3.9,3.02,19.35,"Shooter, Third-Person",Unknown,Activision,2012.0,7.58,10.7,18.37,8.78,7.58,78.0,8.066666666666666
transformers: revenge of the fallen,WII,2.83,3.0,11.07,Third-Person Shooter,Unknown,Activision,2009.0,6.33,8.02,23.47,8.15,6.33,58.75,5.95
transformers: revenge of the fallen - autobots,DS,3.52,3.17,22.26,"Action, Adventure",Vicarious Visions,Activision,2009.0,4.75,5.18,6.5,5.27,4.75,64.0,4.3
transformers: revenge of the fallen - decepticons,DS,3.58,3.17,16.57,"Action, Adventure",Vicarious Visions,Activision,2009.0,6.0,13.42,20.95,6.0,6.0,66.0,2.8
transformers: rise of the dark spark,PC,3.27,3.33,34.59,"Shooter, Third-Person",Edge of Reality,Activision,2014.0,6.43,8.67,23.52,8.43,6.43,45.75,4.75
transformers: the game,PSP,2.9,3.19,28.33,"Shooter, Third-Person",Traveller,Activision,2007.0,6.28,12.28,19.12,8.85,6.28,52.833333333333336,5.6
transformers: war for cybertron,PC,3.78,2.98,18.31,"Shooter, Third-Person",High Moon Studios,Activision,2010.0,8.7,10.73,17.23,9.55,8.7,76.0,8.100000000000001
transport fever,PC,3.89,3.42,23.33,Simulation,Urban Games,Gambitious Digital Entertainment,2016.0,25.3,50.52,96.83,52.77,25.3,71.0,7.6
trapped dead,PC,2.5,3.0,10.4,"Action, Strategy",Unknown,Meridian4,2011.0,11.27,13.12,10.32,11.25,11.27,50.0,4.6
trapt,PS2,3.69,3.15,24.29,"Action, Strategy",Tecmo,Tecmo,2005.0,4.98,7.73,6.25,6.0,4.98,60.0,7.9
trauma center: new blood,WII,3.96,3.75,22.63,"Medical Simulation, Visual Novel",Unknown,Unknown,2007.0,10.22,17.02,20.95,11.92,10.22,77.0,7.8
trauma center: second opinion,WII,3.89,3.73,18.91,"Simulation, Visual Novel",Atlus,Unknown,2006.0,8.93,11.05,19.18,9.82,8.93,80.0,7.9
trauma center: under the knife,DS,3.84,4.09,16.73,Unknown,Atlus,Atlus,2005.0,8.07,11.37,10.28,8.67,8.07,81.0,8.1
trauma center: under the knife 2,DS,4.2,3.81,22.23,"Simulation, Visual Novel",Unknown,Atlus,2008.0,11.52,12.57,20.95,11.63,11.52,79.0,7.8
trauma team,WII,4.23,3.29,32.33,"Simulation, Visual Novel",Atlus,Atlus,2010.0,24.03,25.23,26.0,24.53,24.03,82.0,8.3
travis strikes again: no more heroes,NS,3.69,3.02,14.89,Hack And Slash,Grasshopper Manufacture,Unknown,2019.0,9.38,11.97,16.65,11.08,9.38,67.0,7.8
travis strikes again: no more heroes - complete edition,PS4,2.5,3.33,16,"Action, Hack And Slash",Grasshopper Manufacture,Marvelous,2019.0,9.87,14.22,26.23,13.43,9.87,63.0,7.7
treasure planet: battle at procyon,PC,4.04,3.29,8,"Real-Time, Strategy",Barking Dog Studios,Disney Interactive,2002.0,7.7,9.35,20.95,9.02,7.7,73.0,8.4
trek to yomi,XBSX,3.04,3.0,7.63,"Action, Adventure, Isometric, Real-Time, Side",Unknown,Devolver DIgital,2022.0,5.03,6.48,12.65,5.92,5.03,70.66666666666667,6.633333333333333
trials evolution,X360,4.15,3.97,25,"Driving, Platform, Racing",RedLynx,Microsoft Studios,2012.0,9.43,24.65,27.75,17.18,9.43,90.0,8.0
trials evolution: gold edition,PC,4.01,4.2,23.23,"Driving, Platform, Puzzle, Racing, Real-Time, Sports, Third-Person",Unknown,Ubisoft,2013.0,10.28,31.97,49.73,20.87,10.28,85.0,6.9
trials fusion,PS4,3.55,3.95,31.27,"Driving, Platform, Racing",RedLynx,Ubisoft,2014.0,6.9,23.58,124.05,16.73,6.9,79.66666666666667,7.033333333333334
trials hd,X360,3.94,3.93,25.77,"Driving, Puzzle, Racing",RedLynx,Microsoft Game Studios,2009.0,5.53,8.1,19.47,8.93,5.53,86.0,8.5
trials of the blood dragon,PC,3.33,3.3,9.71,"Action, Arcade, Driving, Platform, Racing, Third-Person",RedLynx,Ubisoft,2016.0,3.37,4.8,12.98,3.93,3.37,55.333333333333336,6.2666666666666675
tribes 2,PC,3.74,3.55,46.84,First-Person Shooter,Dynamix,Sierra,2001.0,1.22,13.42,12.67,3.12,1.22,88.0,8.3
tribes of midgard,PS4,2.8,3.57,52,"Action, Role-Playing",Norsfell,Gearbox Publishing,2021.0,17.37,30.48,62.13,27.25,17.37,72.0,7.15
tribes: ascend,PC,3.6,3.73,62.27,"First-Person, Shooter",Hi-Rez Studios,Hi-Rez Studios,2012.0,8.2,13.42,20.95,11.25,8.2,86.0,7.8
tribes: vengeance,PC,3.48,3.2,21.23,First-Person Shooter,Irrational Games,VU Games,2004.0,9.33,13.0,12.0,11.28,9.33,83.0,7.7
tricky towers,PS4,3.38,3.92,18.56,Puzzle,WeirdBeard,WeirdBeard,2016.0,10.9,19.18,33.32,14.5,10.9,72.0,6.966666666666666
trigger witch,NS,3.63,4.2,52,"Shooter, Top-Down",Rainbite,EastAsiaSoft,2021.0,8.45,8.92,10.88,9.6,8.45,75.5,7.0
triggerheart exelica,X360,3.8,3.89,4.17,"Scrolling, Shooter",Unknown,Unknown,2008.0,0.93,4.0,20.95,1.12,0.93,63.0,8.2
trillion: god of destruction,PC,3.34,3.54,39.75,"Role-Playing, Strategy, Tactical, Turn-Based, Visual Novel",Compile Heart,Idea Factory,2016.0,17.3,27.88,93.0,26.58,17.3,65.0,7.4
trine 2: complete story,PS4,3.46,3.08,21.21,"Action, Adventure, Platform, Scrolling, Side",Frozenbyte,Unknown,2013.0,9.25,13.88,36.23,15.67,9.25,84.0,7.599999999999999
trine 3: the artifacts of power,PC,3.14,2.3,8.37,"Platform, Puzzle, Real-Time, Side",Frozenbyte,Frozenbyte,2015.0,4.82,6.2,7.2,6.32,4.82,68.0,7.0
trine 4: the nightmare prince,PS4,3.69,2.67,18.33,"Platform, Puzzle, Scrolling, Side",Frozenbyte,Modus Games,2019.0,10.37,13.23,16.1,13.47,10.37,80.25,7.575
trinity universe,PS3,3.69,2.9,53.7,Role-Playing,Unknown,Unknown,2010.0,41.0,13.42,72.4,56.7,41.0,62.0,7.5
trinity: souls of zill o'll,PS3,3.78,3.1,64.03,Unknown,Omega Force,Tecmo Koei,2011.0,33.23,48.87,99.0,40.7,33.23,55.0,7.7
troll and i,PC,1.29,1.76,12.17,Adventure,Spiral House,Maximum Games,2017.0,9.42,13.12,16.08,11.73,9.42,39.0,4.4
tron 2.0,PC,3.98,3.28,18.96,"First-Person, Shooter",Monolith Productions,Buena Vista Interactive,2003.0,11.53,12.9,14.35,12.53,11.53,84.0,8.3
tron 2.0: killer app,GBA,3.24,3.82,12.6,"Action, Shooter, Top-Down",Digital Eclipse,Buena Vista Interactive,2004.0,8.82,13.42,12.08,9.9,8.82,68.5,4.5
tron run/r,XONE,3.5,3.67,12.08,"Action, Driving, Racing",Sanzaru Games,Disney Interactive,2015.0,5.07,5.83,22.0,7.28,5.07,64.0,6.599999999999999
tropico,PC,3.69,3.38,41.93,"Simulation, Strategy",PopTop Software,Unknown,2001.0,55.47,27.08,114.58,60.2,55.47,85.0,8.4
tropico 2: pirate cove,PC,3.56,3.0,39.68,"Simulation, Strategy",PopTop Software,Unknown,2003.0,38.03,26.72,20.95,34.65,38.03,75.0,7.8
tropico 3,X360,3.7,3.15,36.2,"City-Building, Simulation",HaeTmimont Games,Kalypso Media,2009.0,26.03,29.27,43.05,31.47,26.03,77.0,7.5
tropico 4,X360,3.7,3.1,44.41,"Simulation, Strategy",Haemimont Games,Unknown,2011.0,41.1,65.42,110.5,66.65,41.1,77.5,7.65
tropico 5,PS4,3.54,3.28,35.38,"City-Building, Simulation",Haemimont Games,Kalypso Media,2014.0,23.77,41.95,97.4,37.07,23.77,75.5,7.0
tropico 6,PC,3.19,3.18,28.8,Unknown,Limbic Entertainment,Kalypso Media,2019.0,37.52,61.02,77.95,53.65,37.52,77.33333333333333,6.466666666666666
trover saves the universe,PC,2.81,2.0,7.2,"Action, Adventure, Virtual Reality",Squanch Games,Squanch Games,2019.0,5.13,6.67,8.72,6.6,5.13,78.0,7.849999999999999
true crime: new york city,XBOX,3.1,3.07,24.67,Third-Person Shooter,Luxoflux,Unknown,2005.0,6.78,17.85,30.52,16.78,6.78,58.25,7.475
true crime: streets of la,PC,3.17,3.15,19.52,Sandbox,Luxoflux,Activision,2003.0,8.98,12.67,15.03,11.37,8.98,74.75,7.4
true swing golf,DS,3.54,3.0,19.36,Sports,T&E Soft,Nintendo,2006.0,8.2,20.0,20.95,20.0,8.2,66.0,7.7
tsioque,PC,3.68,2.38,3.33,"Adventure, Point-And-Click",Unknown,OhNoo Studio,2018.0,2.98,2.95,3.68,3.2,2.98,68.0,8.3
tsugunai: atonement,PS2,3.46,3.52,45.26,Role-Playing,Cattle Call,Unknown,2001.0,21.77,28.47,33.23,27.92,21.77,67.0,8.8
tube slider,GC,3.72,4.14,30.17,"Driving, Racing",Nd Cube,NEC Interchannel,2003.0,3.98,4.65,20.95,4.25,3.98,62.0,8.8
tumbleseed,NS,3.55,4.26,11.25,"Action, Adventure",Unknown,aeiowu,2017.0,6.33,5.5,7.15,6.4,6.33,78.0,7.5
tumblestone,XONE,3.22,3.59,14.63,Puzzle,The Quantum Astrophysicists Guild,The Quantum Astrophysicists Guild,2016.0,25.13,35.0,24.5,26.17,25.13,71.0,6.0
tunic,PS5,3.31,3.14,18.86,"Action, Adventure, Isometric",Andrew Shouldice,Finji,2022.0,12.6,17.08,22.08,17.18,12.6,86.0,7.95
turbo turtle adventure,GBA,3.46,3.2,14,"Action, Puzzle",Iridon Interactive,Majesco,2002.0,8.2,13.42,5.48,5.48,8.2,70.0,7.333333333333333
turn it around,DS,2.77,1.75,7.64,"Action, Puzzle",Majesco,Majesco,2007.0,8.2,13.42,1.0,1.0,8.2,39.0,7.333333333333333
turning point: fall of liberty,PC,2.28,2.91,8,"First-Person, Shooter",Spark Unlimited,Codemasters,2008.0,4.32,4.23,7.83,4.7,4.32,41.333333333333336,5.433333333333334
turnip boy commits tax evasion,XONE,3.27,2.27,3.25,"Action, Adventure",Snoozy Kazoo,Graffiti Games,2021.0,2.25,2.75,3.43,2.93,2.25,73.0,7.3500000000000005
turok 2: seeds of evil,GBC,2.83,3.73,8.06,"First-Person, Shooter",Unknown,Unknown,1998.0,10.93,15.6,17.95,14.27,10.93,86.0,8.2
turok 3: shadow of oblivion,GBC,3.21,4.05,18.69,"Action, Adventure, First-Person, Shooter",Acclaim Studios Austin,Acclaim Entertainment,2000.0,4.7,5.9,9.73,5.73,4.7,77.0,7.1
turok: dinosaur hunter,N64,3.62,3.49,20.48,"First-Person, Shooter",Iguana Entertainment,Acclaim Entertainment,1997.0,7.85,8.8,10.95,8.92,7.85,85.0,8.2
turtle tale,3DS,3.54,2.33,9,Platform,Saturnine Games,Saturnine Games,2014.0,2.0,13.42,20.95,2.0,2.0,41.0,7.333333333333333
tv show king,PS3,3.05,2.5,14.44,Puzzle,Gameloft,Unknown,2008.0,8.2,8.0,30.0,22.67,8.2,65.0,7.8
tv superstars,PS3,2.53,2.25,5.67,Party,SCE Cambridge Studio,Sony Computer Entertainment,2010.0,1.43,13.42,20.95,1.43,1.43,56.0,4.9
twelve minutes,XONE,2.92,2.11,7.5,"Adventure, Point-And-Click, Puzzle, Top-Down",Luis Antonio,Annapurna Interactive,2021.0,4.33,5.85,7.77,5.37,4.33,73.0,5.433333333333334
twin breaker: a sacred symbols adventure,VITA,3.0,3.4,8,Unknown,Lillymo Games,Lillymo Games,2020.0,2.92,5.08,9.37,6.15,2.92,69.0,7.4
twin mirror,PC,2.83,1.88,8,Adventure,Dontnod Entertainment,Bandai Namco Entertainment,2020.0,6.22,7.35,11.6,7.18,6.22,62.333333333333336,5.633333333333333
twisted metal: black,PS4,3.51,3.67,16.33,Vehicular Combat,Incog Inc. Entertainment,Sony Computer Entertainment America,2001.0,4.33,11.22,13.2,7.38,4.33,91.0,8.4
twisted metal: head-on,PSP,3.72,3.12,17.34,Vehicular Combat,Unknown,SCEA,2005.0,4.5,11.62,20.95,6.28,4.5,79.0,8.1
two point hospital,XONE,3.22,3.13,33.33,Simulation,Two Point Studios,Sega,2018.0,40.47,76.3,125.77,73.12,40.47,83.5,7.324999999999999
two worlds,X360,2.89,3.05,49.38,Role-Playing,Reality Pump,SouthPeak Interactive,2007.0,18.52,27.38,68.7,33.35,18.52,57.5,6.1
two worlds ii,PS3,3.3,2.94,40.83,"Action, Role-Playing",Reality Pump,Topware Interactive,2011.0,29.2,40.67,50.13,39.53,29.2,70.66666666666667,6.6000000000000005
txk,VITA,3.44,3.97,13.1,Shooter,Llamasoft,Unknown,2014.0,5.0,13.42,20.95,5.0,5.0,84.0,7.4
ty the tasmanian tiger,XBOX,3.69,2.75,28.13,"Action, Platform",Krome Studios,EA Games,2002.0,9.03,11.5,15.35,12.33,9.03,69.0,8.566666666666668
ty the tasmanian tiger 2: bush rescue,GBA,3.28,2.46,17.33,Platform,Krome Studios,Electronic Arts,2004.0,8.13,11.87,16.37,11.52,8.13,68.25,8.025
ty the tasmanian tiger 3: night of the quinkan,GBA,3.29,2.3,19,Platform,Krome Studios,Unknown,2005.0,6.95,13.63,10.42,9.25,6.95,67.33333333333333,7.6
typoman,WIIU,3.46,3.29,15.82,Platform,Brainseed Factory,Headup Games,2015.0,4.07,4.85,11.62,5.52,4.07,57.0,7.3
tyranny,PC,3.79,2.99,37.68,"Real-Time, Role-Playing, Top-Down",Obsidian Entertainment,Paradox Interactive,2016.0,21.08,36.68,61.95,36.97,21.08,80.0,7.8
ubersoldier,PC,2.71,2.89,10.33,"First-Person, Shooter",Burut CT,CDV,2006.0,5.83,5.5,12.9,7.08,5.83,57.0,6.3
ufc undisputed 2010,IOS,2.27,3.5,22.9,Sports,Yuke's,THQ,2010.0,19.57,22.67,62.43,27.75,19.57,81.0,7.0
ufc undisputed 3,X360,3.79,3.27,28.49,Fighting,Yuke's,THQ,2012.0,12.82,24.0,18.67,15.37,12.82,85.5,7.5
ufo: afterlight,PC,3.59,3.76,50,Unknown,Altar Games,TopWare Interactive,2007.0,36.35,31.67,60.52,40.63,36.35,71.0,7.6
ufo: aftermath,PC,3.45,3.5,28,"Real-Time, Strategy/Tactical",ALTAR Interactive,Unknown,2003.0,21.33,33.6,33.5,27.8,21.33,67.0,6.1
ufo: aftershock,PC,3.47,3.4,40,"Real-Time, Strategy",Altar Interactive,Unknown,2005.0,47.95,53.0,77.5,58.55,47.95,67.0,7.8
ultimate band,DS,3.36,2.33,11.14,Music/Rhythm,Fall Line Studios,Disney Interactive Studios,2008.0,15.0,13.42,20.95,15.0,15.0,64.0,6.2
ultimate fighting championship,PS,1.62,3.74,6.96,"Fighting, Sports",Unknown,Crave Entertainment,2000.0,0.63,13.42,0.3,0.52,0.63,88.0,7.400000000000001
ultimate fighting championship: throwdown,GC,2.97,2.78,15.33,Sports,Opus,Crave,2002.0,1.95,13.42,20.95,1.95,1.95,67.5,8.0
ultimate general: gettysburg,PC,4.06,3.88,16.67,"Real-Time, Strategy",Game-Labs,Game-Labs,2014.0,7.52,8.77,34.35,15.35,7.52,84.0,7.8
ultimate ghosts 'n goblins,PSP,3.69,4.24,15.16,"Action, Platform, Scrolling",TOSE,Capcom,2006.0,3.43,6.0,11.72,4.8,3.43,72.0,8.2
ultimate mortal kombat,DS,3.75,3.95,15.4,"Fighting, Puzzle, Scrolling, Side",Other Ocean Interactive,Midway,2007.0,0.4,2.0,0.67,1.02,0.4,73.0,8.3
ultimate mortal kombat 3,IOS,3.09,3.43,10.05,Fighting,Midway,Midway,1995.0,1.07,10.03,13.02,4.28,1.07,70.0,6.599999999999999
ultimate nes remix,3DS,3.79,3.32,26.09,"Action, Platform",Unknown,Nintendo,2014.0,7.63,13.18,16.75,11.7,7.63,69.0,7.4
ultimate spider-man,DS,3.64,3.1,17.46,"Action, Beat Em Up",Unknown,Activision,2005.0,5.08,8.48,12.32,6.62,5.08,76.0,8.02
ultra kaiju monster rancher,NS,3.5,3.6,80.00+,Role-Playing,Koei Tecmo Games,Bandai Namco Games,2022.0,27.83,37.32,58.22,41.12,27.83,75.0,9.4
ultra street fighter ii: the final challengers,NS,3.97,3.18,27.2,"Fighting, Side",Capcom,Unknown,2017.0,1.37,2.87,35.23,3.55,1.37,66.0,6.6
ultra street fighter iv,ARC,3.71,3.45,46.56,Fighting,Capcom,Capcom,2014.0,3.05,21.45,168.77,19.87,3.05,79.33333333333333,7.033333333333333
ultratron,PS3,3.28,3.64,23.08,Action,Puppy Games,Puppy Games,2013.0,2.35,5.38,5.25,4.02,2.35,73.0,7.3
umbrella corps,PC,1.63,3.09,12.38,Shooter,Capcom,Capcom,2016.0,4.57,12.0,4.75,4.88,4.57,37.0,2.0999999999999996
umurangi generation,PC,3.75,3.11,5.5,First-Person,ORIGAME DIGITAL,PLAYISM,2020.0,2.62,3.78,4.93,3.55,2.62,81.0,6.9
unavowed,PC,3.84,2.9,10.63,"Adventure, Point-And-Click",Wadjet Eye Games,Wadjet Eye Games,2018.0,9.75,11.75,20.63,11.3,9.75,89.0,8.05
unbound saga,PSP,2.68,2.64,4,Unknown,Vogster Entertainment,Vogster Entertainment,2009.0,2.4,3.25,2.0,2.57,2.4,53.5,7.3
unbox: newbie's adventure,PS4,3.3,2.5,8.5,"Adventure, Platform, Third-Person",Prospect Games,Prospect Games,2016.0,5.93,8.17,12.98,8.9,5.93,62.0,6.099999999999999
uncanny valley,VITA,2.08,2.67,6.72,Survival Horror,Cowardly Creations,Cowardly Creations,2015.0,1.6,2.97,4.87,2.63,1.6,58.666666666666664,4.7
unchained blades,PSP,3.93,3.58,66.59,"First-Person, Role-Playing, Turn-Based",FuRyu,Unknown,2012.0,40.52,72.95,333.13,119.95,40.52,63.0,7.25
uncharted 2: among thieves,PS3,4.44,3.1,20.73,"Action, Adventure, Platform, Shooter, Third-Person",Naughty Dog,Sony Computer Entertainment,2009.0,10.5,12.58,21.83,11.87,10.5,96.0,8.8
uncharted 3: drake's deception,PS3,4.2,3.12,19.1,"Action, Adventure, Platform, Shooter, Third-Person",Naughty Dog,Sony Computer Entertainment,2011.0,9.18,11.03,19.9,10.4,9.18,92.0,8.4
uncharted 4: a thief's end,PS4,4.3,3.01,21.81,"Action, Adventure, Platform, Shooter, Third-Person",Naughty Dog,Sony Computer Entertainment,2016.0,15.18,18.48,32.67,17.08,15.18,93.0,8.8
uncharted: drake's fortune,PS3,4.07,3.17,17.97,"Adventure, Platform, Shooter, Third-Person",Naughty Dog,SCE,2007.0,8.15,9.82,18.33,9.33,8.15,88.0,7.9
uncharted: fight for fortune,VITA,3.15,3.07,14.96,Card Game,Unknown,Sony Computer Entertainment,2012.0,4.25,6.67,15.65,7.85,4.25,67.0,5.9
uncharted: golden abyss,VITA,3.85,3.03,19.87,"Action, Adventure, Platform",SCE Bend Studio,Sony Computer Entertainment,2012.0,9.92,11.75,29.53,11.98,9.92,80.0,7.5
uncharted: legacy of thieves collection,PC,3.89,3.06,32.27,"Action, Adventure, Platform, Shooter, Third-Person",Unknown,Unknown,2022.0,20.75,25.92,55.53,26.5,20.75,87.5,6.699999999999999
uncharted: the lost legacy,PS4,4.05,2.97,12.62,"Shooter, Third-Person",Naughty Dog,Sony Interactive Entertainment,2017.0,7.18,8.8,17.57,8.55,7.18,84.0,8.0
uncharted: the nathan drake collection,PS4,4.22,3.13,45.9,"Action, Adventure, Compilation, Third-Person",Bluepoint Games,Sony Computer Entertainment,2015.0,27.75,34.27,65.55,32.48,27.75,86.0,8.6
undead knights,PSP,3.65,3.28,35.17,"Action, Adventure",Unknown,Tecmo Koei,2009.0,7.03,8.42,20.95,7.27,7.03,63.0,8.4
under night in-birth exe:late[cl-r],PC,3.62,3.09,42.08,"Fighting, Side",Unknown,Unknown,2018.0,4.25,23.42,47.07,15.97,4.25,81.0,6.8500000000000005
under night in-birth exe:late[st],VITA,3.25,2.7,27.81,"Fighting, Side",French Bread,Aksys Games,2018.0,2.5,9.88,10.73,6.67,2.5,78.0,8.1
under the skin,PS2,3.46,2.73,22.77,"Action, Adventure",Capcom Production Studio 4,Capcom,2004.0,3.65,5.5,20.95,4.27,3.65,55.0,7.3
undercover: operation wintersun,PC,3.71,3.29,14,"Adventure, Point-And-Click",Sproing Interactive Media,Lighthouse Interactive,2007.0,5.95,13.42,20.95,5.95,5.95,57.0,7.333333333333333
undertale,LNX,3.33,2.93,24.13,"Role-Playing, Top-Down, Turn-Based",Tobyfox,Tobyfox,2015.0,7.15,11.9,21.32,11.23,7.15,92.33333333333333,7.966666666666666
undertow,X360,2.88,3.0,8.25,Shooter,Chair Entertainment,Chair Entertainment,2007.0,4.07,1.87,11.18,4.62,4.07,76.0,7.6
unison: rebels of rhythm & dance,PS2,3.78,2.4,34.4,"Action, Music/Rhythm",Tecmo,Tecmo,2001.0,2.85,13.42,20.95,2.85,2.85,68.0,7.333333333333333
unit 13,VITA,3.63,3.38,26.68,"Shooter, Third-Person",Zipper Interactive,Sony Computer Entertainment,2012.0,9.52,14.15,39.23,14.55,9.52,71.0,7.0
universal studios theme parks adventure,GC,1.95,2.4,13.53,Party,Kemco,Kemco,2001.0,4.27,4.48,3.42,4.17,4.27,39.0,3.2
universe at war: earth assault,X360,3.36,3.41,21.71,"Real-Time, Strategy/Tactical",Petroglyph Games,Sega,2007.0,14.25,13.42,20.95,14.25,14.25,71.5,8.5
unlimited saga,PS2,2.65,4.32,65.89,Role-Playing,Square,Unknown,2003.0,29.45,48.53,151.27,58.63,29.45,45.0,4.7
unmechanical,PC,3.7,2.22,10.71,Puzzle,Talawa Games,Teotl Studios,2012.0,2.73,3.47,4.3,3.5,2.73,74.0,7.7
unravel,PS4,3.67,2.86,9.72,"Platform, Puzzle",Coldwood Interactive,Electronic Arts,2016.0,6.27,8.37,14.17,8.0,6.27,78.0,7.933333333333333
unravel two,PC,3.46,2.67,8.34,"Platform, Puzzle",Coldwood Interactive,Electronic Arts,2018.0,5.2,7.57,15.87,6.22,5.2,79.0,7.35
unreal championship,XBOX,3.74,3.08,18.57,First-Person Shooter,Unknown,Atari,2002.0,6.17,9.0,8.0,7.1,6.17,83.0,8.2
unreal championship 2: the liandri conflict,XBOX,4.07,3.18,22.74,"First-Person, Shooter",Epic Games,Midway Games,2005.0,4.02,10.0,20.95,5.52,4.02,85.0,8.2
unreal ii: the awakening,XBOX,2.97,2.74,12,"First-Person, Shooter",Legend Entertainment,Atari,2003.0,8.43,10.02,11.78,9.12,8.43,69.5,6.05
unreal tournament 2003,PC,3.86,3.11,34.59,First-Person Shooter,Unknown,Atari,2002.0,12.0,16.83,18.9,14.15,12.0,86.0,7.8
unrest,PC,3.71,2.44,26.33,"Adventure, Role-Playing",Pyrodactyl Games,KISS,2014.0,3.12,3.92,5.55,3.82,3.12,65.0,6.1
unruly heroes,PC,3.0,3.5,6.8,Unknown,Magic Design Studios,Magic Design Studios,2019.0,9.42,11.5,17.43,10.43,9.42,77.0,6.675
unsolved crimes,DS,3.56,2.61,12.67,Adventure,Now Production,Empire Interactive,2008.0,6.23,7.0,9.03,7.12,6.23,66.0,8.3
until dawn,PS4,3.99,2.61,12.97,"Adventure, Horror, Third-Person",Unknown,Sony Computer Entertainment,2015.0,8.02,9.78,19.3,9.98,8.02,79.0,8.3
until dawn: rush of blood,PS4,3.79,3.16,12.01,"Survival, Virtual Reality",Supermassive Games,Sony Interactive Entertainment,2016.0,2.3,3.68,7.53,2.82,2.3,72.0,7.9
untold legends: brotherhood of the blade,PSP,3.42,2.85,29.06,"Action, Role-Playing",Sony Online Entertainment,Sony Online Entertainment,2005.0,16.42,22.48,8.67,17.45,16.42,68.0,7.9
untold legends: dark kingdom,PS3,3.2,3.08,21.43,Hack And Slash,Sony Online Entertainment,Sony Online Entertainment,2006.0,9.53,17.9,22.82,16.63,9.53,58.0,6.8
untold legends: the warrior's code,PSP,3.48,2.91,29.66,"Action, Role-Playing",Sony Online Entertainment,Sony Online Entertainment,2006.0,21.25,28.77,21.0,23.07,21.25,65.0,8.3
urban chaos: riot response,XBOX,3.84,3.2,22.36,"First-Person, Shooter",Rocksteady Studios,Eidos Interactive,2006.0,7.65,15.13,13.92,9.63,7.65,72.5,8.350000000000001
urban reign,PS2,3.86,3.67,25.88,Beat Em Up,Namco,Namco,2005.0,8.08,32.15,55.0,16.9,8.08,60.0,8.7
urban trial freestyle,VITA,3.39,3.14,11.81,"Action, Driving, Platform, Racing, Scrolling, Side",Unknown,Tate Multimedia,2013.0,3.98,5.75,29.62,8.1,3.98,62.0,6.9
urban trial freestyle 2,3DS,4.15,2.72,20.29,"Driving, Racing",Teyon,Tate Multimedia,2017.0,2.23,5.12,20.95,3.68,2.23,67.0,6.3
urban trial playground,NS,3.75,2.83,15.2,Sports,Teyon,Tate Multimedia,2018.0,2.65,4.27,20.95,3.1,2.65,67.0,6.4
uru: ages beyond myst,PC,3.58,3.76,31.47,"First-Person Adventure, Puzzle",Cyan Worlds,Ubisoft,2003.0,12.77,13.42,20.95,12.77,12.77,79.0,7.2
utawarerumono zan,PS4,3.65,2.89,23.88,Action,Aqua Plus,NIS America,2019.0,7.12,14.67,23.2,14.52,7.12,59.0,3.8
utawarerumono: mask of deception,PC,3.95,2.6,35.56,"Role-Playing, Visual Novel",Aquaplus,Atlus,2017.0,30.95,39.93,50.63,36.47,30.95,68.0,8.2
utawarerumono: mask of truth,VITA,4.17,3.03,67.11,"Role-Playing, Visual Novel",Aquaplus,Atlus,2017.0,48.43,64.7,92.2,60.62,48.43,75.0,8.8
utawarerumono: prelude to the fallen,VITA,4.03,2.73,40.14,"Strategy/Tactical, Turn-Based",Aqua Plus,NIS America,2020.0,32.8,40.7,50.68,38.78,32.8,76.0,7.5
v-rally 3,PS2,3.44,3.61,42.5,"Driving, Racing",Unknown,Atari,2002.0,5.75,6.17,20.95,5.8,5.75,80.0,8.0
va-11 hall-a: cyberpunk bartender action,NS,3.77,1.81,20.53,"Simulation, Visual Novel",Unknown,Ysbryd Games,2014.0,11.07,13.77,18.73,13.85,11.07,81.0,7.733333333333333
vader immortal: a star wars vr series,PS4,3.04,2.5,5.25,Compilation,ILMxLab,Disney Interactive Studios,2020.0,2.37,2.98,21.13,3.53,2.37,69.0,5.9
vagrant story,PS,4.12,3.79,47.35,"Role-Playing, Turn-Based",Square Product Development Division 4,Square,2000.0,23.82,33.63,72.8,30.45,23.82,92.0,9.0
valdis story: abyssal city,PC,3.91,3.88,25.36,"Platform, Role-Playing",Unknown,Endlessfluff Games,2013.0,10.9,16.62,24.1,15.05,10.9,83.0,7.7
valfaris,PC,3.44,4.0,7.39,"Action, Platform, Scrolling, Shooter, Side",Steel Mantis,Big Sugar,2019.0,7.43,9.48,15.53,8.25,7.43,81.25,7.7
valhalla knights,PSP,3.25,3.46,57.19,Role-Playing,Unknown,Unknown,2007.0,40.0,80.0,58.0,64.5,40.0,53.0,7.7
valhalla knights 2,PSP,3.51,3.7,52,Role-Playing,K2 LLC,Unknown,2008.0,8.2,82.73,20.95,82.73,8.2,50.0,5.8
valhalla knights: eldar saga,WII,3.31,3.37,67.68,"Action, Role-Playing",Unknown,Unknown,2009.0,30.58,13.42,115.0,72.78,30.58,35.0,6.5
valiant hearts: the great war,XONE,3.76,2.55,9.86,"Adventure, Scrolling, Side",Ubisoft Montpellier,Ubisoft,2014.0,6.7,7.62,9.43,7.55,6.7,78.5,8.175
valkyria chronicles,NS,3.97,3.73,46.86,"Action, Role-Playing, Shooter, Third-Person, Top-Down, Turn-Based",Sega,Sega,2008.0,30.7,39.05,61.75,38.43,30.7,85.0,8.366666666666667
valkyria chronicles 4,XONE,3.98,3.81,67.27,"Action, Role-Playing, Strategy, Third-Person, Turn-Based",Sega,SEGA,2018.0,37.62,51.18,74.23,51.13,37.62,83.33333333333333,8.233333333333334
valkyria chronicles ii,PSP,4.11,3.19,58.57,Tactical Role-Playing,Sega,Sega,2010.0,38.33,63.17,155.03,62.72,38.33,83.0,8.3
valkyria revolution,PS4,3.1,2.68,51.93,"Hack And Slash, Role-Playing",Media.Vision,Sega,2017.0,31.33,48.35,60.78,43.53,31.33,55.0,5.3
valkyrie drive: bhikkhuni,PC,3.72,2.78,47.29,Beat Em Up,PQUBE,Marvelous,2016.0,18.93,32.72,65.73,30.68,18.93,72.0,8.1
valkyrie elysium,PS5,2.96,2.56,16.72,"Action, Role-Playing",Soleil,Square Enix,2022.0,12.47,19.42,31.92,18.77,12.47,65.0,5.1
valkyrie profile,PS,4.25,3.35,52.32,Role-Playing,Unknown,Unknown,2000.0,31.58,37.47,61.27,38.63,31.58,81.0,8.7
valkyrie profile 2: silmeria,PS2,4.07,3.63,65.22,Role-Playing,Unknown,Square Enix,2006.0,43.9,54.35,83.77,56.93,43.9,84.0,8.9
valkyrie profile: covenant of the plume,DS,3.78,3.68,36.04,Tactical Role-Playing,tri-Ace,Square Enix,2009.0,15.85,27.12,47.82,25.6,15.85,74.0,7.3
valorant,PC,3.17,3.68,65.12,"First-Person, Shooter",Riot Games,Riot Games,2020.0,8.2,13.42,20.95,11.25,8.2,80.0,4.8
vampire moon: the mystery of the hidden sun,DS,3.73,2.78,9.33,Puzzle,Unknown,City Interactive,2010.0,2.27,13.42,20.95,2.27,2.27,50.0,7.333333333333333
vampire rain,X360,2.12,4.44,16.36,"Action, Stealth",Artoon,Unknown,2007.0,11.05,12.0,20.95,11.22,11.05,38.0,3.1
vampire survivors,PC,3.98,2.96,31.94,"Action, Roguelike, Top-Down",Poncle,Poncle,2022.0,16.35,29.67,54.15,38.4,16.35,87.0,8.2
vampire: the masquerade - bloodlines,PC,4.22,3.1,38.53,"Action, Role-Playing",Troika Games,Activision,2004.0,22.95,29.2,40.25,29.62,22.95,80.0,8.9
vampire: the masquerade - coteries of new york,PC,3.08,1.92,8,"First-Person, Horror, Role-Playing, Text, Visual Novel",Draw Distance,Draw Distance,2019.0,5.95,7.17,11.47,7.82,5.95,70.0,7.3
vampire: the masquerade - redemption,PC,3.68,3.35,35.94,Role-Playing,Nihilistic Software,Activision,2000.0,17.97,23.05,27.35,22.17,17.97,74.0,8.3
vampire: the masquerade - shadows of new york,PC,3.14,1.67,7.56,"Adventure, Point-And-Click, Text",Draw Distance,Draw Distance,2020.0,5.07,7.4,7.08,6.23,5.07,64.0,6.1
vampyr,PC,3.42,3.25,27.84,"Action, Role-Playing, Third-Person",Dontnod Entertainment,Focus Home Interactive,2018.0,16.77,29.88,43.22,29.55,16.77,70.25,7.15
van helsing,GBA,2.59,3.64,10.55,Third-Person Shooter,Saffire,VU Games,2004.0,4.08,6.08,20.95,4.47,4.08,53.333333333333336,7.300000000000001
vandal hearts: flames of judgment,PS3,3.24,2.73,19.27,Tactical Rpg,Hijinx Studios,Konami Digital Entertainment,2010.0,10.28,14.2,13.27,12.62,10.28,69.0,7.550000000000001
vanishing point,DC,3.16,3.61,19,"Driving, Racing",Clockwork Games,Acclaim Entertainment,2000.0,15.0,13.42,16.17,15.58,15.0,74.0,7.85
vanquish,PC,3.64,3.17,10.9,"Shooter, Third-Person",Platinum Games,Sega,2010.0,6.17,8.22,17.82,6.85,6.17,82.0,9.333333333333334
vaporum,PC,3.28,3.57,14.18,"Adventure, Role-Playing",Fatbot Games,Fatbot Games,2017.0,12.53,15.87,21.88,16.07,12.53,71.33333333333333,6.266666666666667
velocity 2x,PS4,3.69,3.57,22.68,"Platform, Scrolling, Shooter",FuturLab,Unknown,2014.0,5.7,10.3,27.22,8.62,5.7,87.66666666666667,7.4
velocity ultra,VITA,3.88,3.63,12.9,"Puzzle, Shooter",FuturLab,FuturLab,2013.0,4.57,5.23,13.62,6.18,4.57,87.0,7.900000000000001
velvet assassin,PC,2.99,3.2,12,Stealth,Replay Studios,SouthPeak Games,2009.0,9.9,12.37,12.73,11.0,9.9,58.5,6.65
venetica,PS3,3.21,2.9,26.93,Role-Playing,Deck13 Interactive,Unknown,2011.0,18.87,22.22,29.1,22.63,18.87,50.0,7.133333333333334
verdun,PC,3.47,3.76,62,"First-Person, Real-Time, Shooter",Unknown,Unknown,2013.0,8.2,13.42,20.95,11.25,8.2,58.0,6.550000000000001
vessel,PS3,2.77,3.14,11.2,"Action, Strategy",Strange Loop Games,IndiePub,2012.0,9.82,14.13,12.85,12.13,9.82,81.0,7.8
vexx,PS2,3.32,3.73,16.8,"Adventure, Third-Person",Acclaim Entertainment,Acclaim Entertainment,2003.0,13.8,13.42,13.12,13.48,13.8,68.0,7.7666666666666675
victor vran,PC,3.57,3.22,29.01,"Action, Role-Playing",Haemimont Games,EuroVideo Medien,2015.0,10.53,23.33,78.65,17.08,10.53,75.0,7.6
victoria ii,PC,3.93,3.7,72.19,"Real-Time, Strategy",Paradox Interactive,Paradox Interactive,2010.0,26.75,113.03,376.85,92.72,26.75,75.0,8.3
victoria: an empire under the sun,PC,3.83,3.64,52.28,"Grand Strategy, Real-Time, Strategy/Tactical",Paradox Interactive,Unknown,2003.0,22.57,33.67,283.5,90.57,22.57,58.0,8.7
victorious boxers: ippo's road to glory,PS2,3.63,3.4,20.17,"Fighting, Sports",New Corporation,Unknown,2001.0,8.2,13.42,13.5,13.5,8.2,75.0,8.0
vietcong 2,PC,3.14,3.44,19.09,Unknown,Pterodon Illusion Softworks,2K Games,2005.0,4.9,8.6,8.92,6.32,4.9,61.0,6.0
vietcong: purple haze,XBOX,2.73,3.7,7.6,"Action, Shooter",Illusion Softworks,Gathering of Developers,2004.0,11.65,13.42,29.0,15.98,11.65,52.5,6.699999999999999
viewtiful joe,PS2,3.81,3.67,15.96,Action,Capcom Production Studio 4,Capcom,2003.0,7.88,12.4,22.53,9.0,7.88,91.5,8.3
viewtiful joe 2,PS2,3.67,3.49,14.19,"Action, Beat Em Up",Clover Studio,Capcom,2004.0,7.32,8.0,16.75,8.0,7.32,85.5,7.85
viewtiful joe: double trouble!,DS,3.31,2.89,12.41,"Action, Beat Em Up",Clover Studio,Capcom,2005.0,5.07,13.42,20.95,5.07,5.07,73.0,7.5
viewtiful joe: red hot rumble,GC,3.14,3.08,20.37,"Beat Em Up, Fighting",Clover Studio,Unknown,2005.0,4.32,17.0,20.95,8.53,4.32,62.5,7.0
vigil: the longest night,NS,3.15,3.22,28,"Action, Role-Playing",Glass Heart Games,Another Indie,2020.0,12.5,17.6,34.53,19.1,12.5,75.0,7.7
vigor,PS4,3.0,4.0,73.5,"First-Person, Shooter, Third-Person",Bohemia Interactive,Bohemia Interactive,2019.0,8.2,13.42,20.95,11.25,8.2,61.0,7.2
viking: battle for asgard,PC,2.74,2.89,16.87,"Action, Adventure",The Creative Assembly,Sega,2008.0,13.67,16.6,20.45,16.97,13.67,66.5,7.699999999999999
vikings: wolves of midgard,PC,3.0,3.0,21,"Hack And Slash, Role-Playing",Games Farm,Kalypso Media Digital,2017.0,17.43,27.42,41.28,25.72,17.43,65.66666666666667,6.7
violett,NS,2.98,4.0,15.55,Adventure,Forever Entertainment,Forever Entertainment,2013.0,6.17,8.5,10.33,8.33,6.17,61.0,7.0
virginia,PC,3.23,1.38,3.18,Adventure,Variable State,505 Games,2016.0,1.93,2.3,3.82,2.43,1.93,77.0,5.433333333333334
virtua fighter 4,PS2,3.77,3.42,27.06,Versus Fighting,Sega-AM2,Sega,2002.0,0.78,2.97,2.0,1.1,0.78,94.0,8.0
virtua fighter 4: evolution,PS2,4.09,3.63,33.74,"Action, Fighting",Sega-AM2,Sega,2003.0,0.48,6.48,55.0,4.28,0.48,93.0,8.7
virtua fighter 5,ARC,3.42,2.75,27.69,Fighting,Sega-AM2,Sega,2007.0,1.32,9.88,2.83,3.7,1.32,85.0,7.3
virtua quest,GC,3.49,3.48,42.53,"Fighting, Role-Playing",Unknown,Sega,2005.0,12.1,13.42,20.95,12.1,12.1,54.0,6.4
virtua tennis 2009,WII,2.76,3.75,12.8,Sports,Sumo Digital,Sega,2009.0,30.0,34.15,72.0,39.07,30.0,70.25,6.625
virtua tennis 3,PC,3.52,3.12,43.75,Sports,Unknown,Sega,2007.0,14.18,17.0,32.0,18.57,14.18,79.66666666666667,7.566666666666666
virtua tennis: world tour,PSP,3.51,2.85,16.32,Sports,Sumo Digital,Sega,2005.0,8.5,13.42,30.0,12.8,8.5,84.0,8.1
visage,XONE,2.75,3.71,12,"First-Person, Horror, Real-Time, Survival",SadSquare Studio,SadSquare Studio,2020.0,9.03,12.07,14.1,11.72,9.03,79.66666666666667,4.666666666666667
viviette,NS,3.38,3.14,5.3,"Adventure, Horror, Multidirectional, Puzzle, Top-Down",DYA Games,DYA Games,2018.0,4.08,4.22,5.53,4.42,4.08,58.0,6.8
voez,AND,3.81,3.82,22.29,"Music/Rhythm, Real-Time, Scrolling, Top-Down",Rayark International,Unknown,2016.0,14.5,21.67,50.0,19.25,14.5,81.0,8.0
voice of cards: the isle dragon roars,PC,3.46,3.0,16,"Strategy/Tactical, Turn-Based",A-lim,Square Enix,2021.0,13.25,15.15,19.58,15.88,13.25,75.5,7.8
void bastards,PC,3.27,3.32,16.69,"Action, First-Person, Roguelike, Shooter, Strategy, Survival",Blue Manchu,Humble Bundle,2019.0,8.65,14.17,32.0,12.52,8.65,78.0,7.3500000000000005
void trrlm(); //void terrarium,PS4,3.93,3.4,22.6,Role-Playing,Nippon Ichi Software,Nippon Ichi Software,2020.0,25.37,33.93,51.35,30.28,25.37,74.0,7.0
volgarr the viking,XONE,2.97,4.53,17.18,"Action, Adventure, Platform",Crazy Viking Studios,Adult Swim Games,2013.0,9.65,12.08,23.05,12.05,9.65,76.0,7.8
voodoo vince,XBOX,3.66,3.2,14.67,Platform,Beep Industries,Microsoft Game Studios,2003.0,8.23,11.03,10.6,9.85,8.23,73.0,8.1
vostok inc.,VITA,3.67,3.92,10.86,"Action, Arcade, Multidirectional, Scrolling, Shooter, Top-Down",Nosebleed Interactive,Badland Games,2017.0,12.8,25.97,170.0,36.12,12.8,65.0,7.1
vroom in the night sky,NS,2.21,3.92,5.17,Sports,Poisoft,Poisoft,2017.0,1.5,13.42,2.17,1.83,1.5,17.0,3.3
vvvvvv,PS4,3.73,4.32,19.6,"Adventure, Platform, Side",Terry Cavanagh,Unknown,2010.0,2.48,3.7,5.47,3.18,2.48,81.33333333333333,7.966666666666667
wacky races: crash & dash,DS,3.65,2.86,15,"Driving, Racing",Eidos Interactive,Eidos Interactive,2008.0,2.0,3.0,20.95,2.5,2.0,40.0,6.1
wade hixton's counter punch,GBA,3.5,3.94,11.29,Sports,Destination Software,Inferno Games,2004.0,2.2,5.08,20.95,2.77,2.2,78.0,8.5
wallace & gromit in project zoo,PS2,3.35,3.0,19.76,Platform,Frontier Developments,BAM! Entertainment,2003.0,6.72,11.0,20.0,10.08,6.72,65.33333333333333,3.0666666666666664
wallachia: reign of dracula,NS,3.73,4.08,7.1,"Action, Platform",Migami Games,Unknown,2020.0,6.6,13.42,7.5,7.05,6.6,68.0,7.333333333333333
walt disney world quest: magical racing tour,DC,2.93,2.77,18,"Driving, Racing",Unknown,Eidos Interactive,2000.0,2.25,6.68,5.28,3.82,2.25,65.0,8.0
wanted: a wild western adventure,PC,3.63,3.27,29,"Adventure, Third-Person",Revistronic,Planeta DeAgostini Interactive,2003.0,11.0,13.42,20.95,11.0,11.0,66.0,7.0
wanted: weapons of fate,PC,3.07,2.72,7.25,Unknown,GRIN,Universal Studios,2009.0,4.87,5.35,12.1,5.82,4.87,61.666666666666664,7.1
war for the overworld,PC,3.88,2.68,35.47,"Real-Time, Strategy",Subterranean Games,Unknown,2015.0,14.75,29.57,48.8,21.38,14.75,65.0,7.8
war of the monsters,PS4,3.6,3.31,17.29,"Action, Fighting",Incognito Entertainment,Sony Computer Entertainment,2003.0,2.72,3.17,6.97,3.72,2.72,80.0,8.7
war of the roses,PC,3.02,3.0,19.2,Unknown,Fatshark,Paradox Interactive,2012.0,8.2,10.93,50.0,20.02,8.2,73.0,5.8
war thunder,PS4,3.36,3.78,57.35,Flight Combat,Gaijin Entertainment,Gaijin Entertainment,2012.0,8.2,13.42,20.95,11.25,8.2,78.5,5.45
warcraft iii: reign of chaos,MAC,4.29,3.49,50.96,"Real-Time, Strategy/Tactical",Blizzard Entertainment,Blizzard Entertainment,2002.0,22.07,28.47,36.35,27.07,22.07,92.0,9.2
warface,PC,3.07,3.2,62.16,"First-Person, Shooter",Crytek Kiev,My.games,2013.0,8.2,13.42,20.95,11.25,8.2,62.0,4.2
wargame: airland battle,PC,3.95,4.08,54.86,"Real-Time, Tactical",Eugen Systems,Focus Home Interactive,2013.0,39.78,13.42,32.6,38.33,39.78,80.0,8.1
wargame: european escalation,PC,3.72,4.05,16.33,"Real-Time, Strategy/Tactical",Eugen Systems,Focus Home Interactive,2012.0,31.67,43.3,59.13,44.43,31.67,81.0,8.2
wargame: red dragon,PC,4.07,4.06,66.05,"Real-Time, Strategy",Eugen Systems,Focus Home Interactive,2014.0,54.87,79.82,20.95,65.57,54.87,78.0,7.9
"warhammer 40,000: armageddon",PC,2.73,2.8,15.5,Strategy,Unknown,Slitherine,2014.0,28.0,58.78,74.03,44.4,28.0,68.0,6.7
"warhammer 40,000: battlesector",PC,3.42,3.0,12.9,"Strategy/Tactical, Turn-Based",Black Lab Games,Slitherine,2021.0,24.13,24.35,31.17,24.78,24.13,72.0,7.6
"warhammer 40,000: darktide",PC,2.95,3.0,37,"First-Person, Shooter",Fatshark,Fatshark,2022.0,8.2,13.42,20.95,11.25,8.2,74.0,4.7
"warhammer 40,000: dawn of war",PC,3.95,3.02,25.97,"Real-Time, Strategy/Tactical",Relic Entertainment,THQ,2004.0,12.2,14.73,17.18,13.22,12.2,86.0,8.7
"warhammer 40,000: dawn of war - soulstorm",PC,3.78,3.14,33.91,"Real-Time, Strategy/Tactical",Unknown,THQ,2008.0,13.92,25.88,53.32,24.25,13.92,73.0,8.2
"warhammer 40,000: dawn of war - winter assault",PC,3.79,3.06,20.91,"Real-Time, Strategy/Tactical",Relic Entertainment,THQ,2005.0,10.85,12.98,18.3,12.18,10.85,85.0,8.4
"warhammer 40,000: dawn of war ii",PC,3.92,3.08,32.5,"Real-Time, Strategy/Tactical",Relic Entertainment,THQ,2009.0,15.32,23.85,54.05,22.38,15.32,85.0,8.1
"warhammer 40,000: dawn of war ii - chaos rising",PC,3.9,3.03,25.92,"Real-Time, Strategy/Tactical",Relic Entertainment,THQ,2010.0,10.63,14.8,17.13,12.78,10.63,84.0,8.6
"warhammer 40,000: dawn of war ii - retribution",PC,3.72,3.01,29.21,"Real-Time Tactics, Tactical Role-Playing",Relic Entertainment,THQ,2011.0,9.45,16.37,63.05,15.78,9.45,80.0,7.7
"warhammer 40,000: dawn of war iii",PC,3.2,2.97,22.44,"Real-Time, Strategy, Top-Down",Relic Entertainment,Sega,2017.0,17.58,21.57,42.1,19.92,17.58,77.0,4.6
"warhammer 40,000: fire warrior",PC,2.69,2.78,10.71,"First-Person, Shooter",Kuju Entertainment,THQ,2003.0,7.57,8.1,20.95,7.62,7.57,55.5,7.6000000000000005
"warhammer 40,000: gladius - relics of war",PC,3.19,3.33,25.6,Turn-Based,Proxy Studios,Slitherine,2018.0,12.32,24.98,50.38,17.47,12.32,71.0,7.4
"warhammer 40,000: inquisitor - martyr",PC,3.0,2.63,38.42,"Action, Adventure, Role-Playing",NeocoreGames,NeocoreGames,2018.0,24.55,34.27,99.62,36.3,24.55,67.66666666666667,6.133333333333334
"warhammer 40,000: mechanicus",PC,3.44,2.96,27.19,"Strategy, Turn-Based",Bulwark Studios,Kasedo Games,2018.0,20.1,31.27,53.05,29.92,20.1,72.33333333333333,7.466666666666666
"warhammer 40,000: space marine",PC,3.55,3.03,13.91,"Shooter, Third-Person",Relic Entertainment,THQ,2011.0,7.7,9.58,25.93,8.68,7.7,73.33333333333333,7.6000000000000005
"warhammer 40,000: squad command",DS,3.21,3.57,17.77,Turn-Based Tactics,RedLynx,THQ,2007.0,9.47,13.42,8.0,9.17,9.47,62.0,8.15
warhammer online: age of reckoning,PC,3.84,2.81,73.47,"Massively Multiplayer, Role-Playing",Mythic Entertainment,Electronic Arts,2008.0,8.2,13.42,20.95,11.25,8.2,86.0,7.9
warhammer: battle march,X360,3.44,3.29,22,"Action, Real-Time, Strategy/Tactical",Black Hole Entertainment,Namco Bandai Games,2008.0,15.73,25.0,20.95,17.27,15.73,55.0,7.0
warhammer: chaosbane,PC,2.88,2.55,13.3,"Adventure, Role-Playing",Eko Software,Bigben Interactive,2019.0,10.28,18.58,45.05,17.75,10.28,68.0,5.15
warhammer: end times - vermintide,XONE,3.21,3.63,29.2,"First-Person, Shooter",Fatshark,Fatshark,2015.0,8.52,29.52,156.8,23.37,8.52,76.33333333333333,6.7333333333333325
warhammer: mark of chaos,PC,3.36,3.17,32.13,Real-Time Tactics,Black Hole Entertainment,Unknown,2006.0,15.5,19.23,19.22,17.35,15.5,73.0,7.1
warhammer: vermintide 2,XONE,3.63,3.09,23.2,Action,Fatshark,Fatshark,2018.0,11.53,32.48,136.7,33.78,11.53,82.5,7.050000000000001
wario land 4,GBA,3.97,3.05,16.87,"Action, Adventure, Scrolling, Side",Nintendo R&D1,Nintendo,2001.0,5.82,6.95,8.97,6.75,5.82,88.0,8.7
wario land: shake it!,WII,3.83,3.01,19.31,Platform,Good-Feel,Nintendo,2008.0,6.63,11.18,25.2,9.82,6.63,78.0,8.5
wario world,GC,3.55,2.72,14.2,Platform,Treasure,Nintendo,2003.0,5.67,6.8,8.47,6.95,5.67,71.0,7.6
wario: master of disguise,DS,3.36,3.1,18.19,Platforming,Suzak,Nintendo,2007.0,9.68,13.15,50.0,12.95,9.68,60.0,7.4
warioware d.i.y.,DS,3.96,2.79,38.93,Action,Unknown,Nintendo,2010.0,3.08,11.23,25.97,10.28,3.08,82.0,8.2
warioware d.i.y. showcase,WII,3.7,2.68,9.54,Party,Unknown,Nintendo,2010.0,0.87,13.42,3.05,1.3,0.87,73.0,8.4
warioware gold,3DS,4.18,2.93,21.45,"Action, Arcade, Puzzle",Unknown,Nintendo,2018.0,2.47,7.52,30.25,4.83,2.47,78.0,8.2
"warioware, inc.: mega microgame$!",GBA,4.1,2.9,14.99,Action,Nintendo R&D1,Nintendo,2003.0,2.2,4.72,13.33,3.73,2.2,89.0,8.7
warioware: get it together!,NS,3.89,2.98,15.38,Party,Unknown,Nintendo,2021.0,2.6,5.0,31.32,4.62,2.6,76.0,7.6
warioware: smooth moves,WII,3.88,2.69,13.13,Party,Unknown,Nintendo,2007.0,2.67,5.15,9.5,4.28,2.67,83.0,7.6
warioware: snapped!,DS,2.75,2.31,4.31,Action,Unknown,Nintendo,2009.0,0.42,1.2,0.4,0.5,0.42,53.0,4.7
warioware: touched!,DS,3.91,2.73,15.22,Action,Unknown,Nintendo,2005.0,1.93,4.88,10.12,4.18,1.93,81.0,8.2
warioware: twisted!,GBA,4.1,3.07,16.18,"Action, Arcade, Party",Unknown,Nintendo,2005.0,1.97,7.07,22.0,4.28,1.97,88.0,8.8
warlock 2: the exiled,PC,3.34,2.88,23.38,"Strategy, Turn-Based",Ino-Co Plus,Paradox Interactive,2014.0,21.17,40.7,226.0,58.8,21.17,73.0,7.1
warlock: master of the arcane,PC,3.43,2.98,29.23,"Strategy, Turn-Based",1C:Ino-Co Plus,Paradox Interactive,2012.0,10.75,21.52,45.02,17.7,10.75,71.0,7.9
warlords battlecry,PC,3.68,3.2,33.67,Turn-Based,SSG,Mattel Interactive,2000.0,17.35,13.42,20.95,17.35,17.35,82.0,7.7
warlords battlecry ii,PC,4.01,3.15,43.15,"Real-Time, Strategy/Tactical",SSG,Ubisoft,2002.0,45.17,48.33,55.0,47.58,45.17,82.0,8.4
warlords battlecry iii,PC,4.04,3.35,58.42,Real-Time,Infinite Interactive,Enlight Software,2004.0,19.7,15.3,35.53,19.4,19.7,73.0,8.5
warp,PS3,3.35,3.26,7.56,Action,Trapdoor,Electronic Arts,2012.0,5.52,7.35,12.42,7.1,5.52,75.33333333333333,6.833333333333333
warriors all-stars,PS4,3.6,2.92,51.38,Unknown,Omega Force,Koei Tecmo,2017.0,7.87,20.45,59.05,16.08,7.87,70.0,7.1
warriors orochi,X360,3.79,2.97,38.84,Hack And Slash,Unknown,Koei,2007.0,6.52,21.73,48.8,20.6,6.52,55.25,7.4
warriors orochi 2,X360,4.07,2.92,51.63,Hack And Slash,Unknown,Koei,2008.0,13.38,25.15,65.0,26.42,13.38,50.666666666666664,8.233333333333333
warriors orochi 3,X360,4.22,2.95,46.3,Hack And Slash,Omega Force,Tecmo Koei,2012.0,27.63,46.18,120.38,55.45,27.63,70.5,8.0
warriors orochi 3 hyper,WIIU,4.05,2.97,55.03,Hack And Slash,Omega Force,Tecmo Koei,2012.0,10.62,31.68,20.95,17.63,10.62,64.0,7.5
warriors orochi 3 ultimate,XONE,3.9,3.08,61.86,Hack And Slash,Unknown,Tecmo Koei,2014.0,37.83,80.65,212.87,88.97,37.83,75.0,7.1499999999999995
warriors orochi 4,PC,3.48,2.78,70,Hack And Slash,Koei Tecmo Games,Koei Tecmo Games,2018.0,17.72,45.27,71.92,29.93,17.72,66.66666666666667,7.233333333333333
warriors orochi 4 ultimate,PS4,3.75,3.06,76.79,"Hack And Slash, Third-Person",Omega Force,Koei Tecmo Games,2020.0,32.08,70.67,132.8,70.75,32.08,70.0,7.099999999999999
warriors: legends of troy,X360,3.11,3.38,36.5,Hack And Slash,Koei Canada,Tecmo Koei,2011.0,7.92,10.25,20.95,8.33,7.92,49.0,7.35
wars and warriors: joan of arc,PC,3.64,3.27,18.67,"Action, Real-Time, Strategy",Enlight,Enlight,2004.0,21.3,17.93,19.52,19.75,21.3,60.0,7.5
warship gunner 2,PS2,4.27,3.38,73.76,Vehicle Simulation,Micro Cabin,Koei,2006.0,46.47,141.7,44.03,59.72,46.47,62.0,8.2
wartech: senko no ronde,X360,3.46,3.52,22.23,"Fighting, Shooter",G.rev,Sega,2007.0,0.87,2.67,101.0,14.05,0.87,60.0,6.1
wasteland 2,PC,3.91,3.16,56.81,"Role-Playing, Survival, Top-Down, Turn-Based",InXile Entertainment,InXile Entertainment,2014.0,41.88,67.25,105.32,69.3,41.88,81.0,7.2
wasteland 3,XONE,3.67,3.27,35.41,Role-Playing,InXile Entertainment,inXile Entertainment,2020.0,36.67,50.53,76.53,51.73,36.67,82.66666666666667,7.366666666666666
watch dogs,PC,3.32,2.9,34.88,"Action, Adventure, Open World, Sandbox, Shooter, Stealth, Third-Person",Ubisoft Montreal,Ubisoft,2014.0,19.6,34.2,65.18,31.53,19.6,74.25,6.550000000000001
watch dogs 2,PC,3.54,2.89,35.72,"Action, Open World, Shooter, Third-Person",Ubisoft Montreal,Ubisoft,2016.0,19.58,32.88,48.35,31.57,19.58,79.33333333333333,7.633333333333334
watch dogs: legion,PC,3.01,2.21,37.48,"Action, Adventure, Open World, Shooter, Third-Person",Ubisoft Toronto,Ubisoft,2020.0,18.3,34.1,52.32,31.55,18.3,72.66666666666667,5.733333333333333
wattam,PS4,3.42,1.31,6,Adventure,Funomena,Annapurna Interactive,2019.0,3.35,3.9,6.93,4.1,3.35,73.0,6.55
wave race 64,N64,3.76,3.06,19.01,"Driving, Racing",Nintendo EAD,Nintendo,1996.0,3.68,7.72,16.08,6.67,3.68,92.0,8.3
wave race: blue storm,GC,3.53,3.4,17.9,"Driving, Racing",NST,Nintendo,2001.0,4.07,9.33,24.5,7.97,4.07,80.0,8.0
wave rally,PS2,2.97,3.5,22.64,Unknown,Opus Studio,Eidos Interactive,2001.0,3.0,13.42,20.95,3.0,3.0,62.0,4.5
waveform,PC,2.8,3.44,6.8,"Action, Puzzle",Eden Industries,Eden Industries,2012.0,6.68,7.83,55.3,9.82,6.68,81.0,7.2
way of the samurai,PS2,3.89,3.25,26.7,"Action, Adventure, Role-Playing",Acquire,Unknown,2002.0,4.17,12.95,40.0,8.2,4.17,74.0,8.0
way of the samurai 2,PS2,3.83,3.29,40.28,"Action, Adventure",Acquire,Capcom,2004.0,4.43,10.7,20.95,8.1,4.43,59.0,8.8
way of the samurai 3,PC,3.61,3.0,21.92,Action Adventure,Acquire,Unknown,2009.0,5.97,22.2,74.88,19.58,5.97,56.5,7.55
way of the samurai 4,PC,3.94,3.06,46.44,"Action, Adventure",Acquire,Unknown,2012.0,11.7,36.28,69.83,32.38,11.7,65.0,7.25
wayward sky,PS4,3.14,2.5,5.33,Adventure,Uber Entertainment,Uber Entertainment,2016.0,3.25,4.0,5.43,4.27,3.25,72.0,6.9
we happy few,PC,3.01,3.1,25.57,"First-Person, Survival, Survival Horror",Compulsion Games,Gearbox Publishing,2018.0,21.07,42.53,67.68,38.07,21.07,64.33333333333333,5.6000000000000005
we love katamari,PS2,4.23,2.95,25.26,"Action, Puzzle",Unknown,Unknown,2005.0,6.88,9.95,18.42,8.52,6.88,86.0,8.8
we were here too,PC,3.5,2.94,4,"Adventure, Puzzle",Total Mayhem Games,Total Mayhem Games,2018.0,8.2,13.42,20.95,11.25,8.2,69.0,6.9
weeping doll,PS4,0.74,1.42,0.61,Adventure,Oasis Games,Oasis Games,2016.0,1.0,13.42,0.97,0.98,1.0,32.0,2.7
werewolf: the apocalypse - earthblood,PC,2.7,2.57,7.67,"Action, Role-Playing, Third-Person",Cyanide,Bigben Interactive,2021.0,8.42,10.32,15.65,10.45,8.42,52.5,4.275
west of loathing,PC,4.07,2.63,21.04,Role-Playing,Asymmetric,Asymmetric,2017.0,7.97,12.65,21.2,12.2,7.97,86.0,7.800000000000001
westerado: double barreled,PC,3.69,2.97,7.04,Unknown,Ostrich Banditos,Adult Swim Games,2015.0,2.53,4.82,19.05,4.52,2.53,80.0,7.7
wet,PS3,3.27,3.06,15.41,"Shooter, Third-Person",Artificial Mind and Movement,Bethesda Softworks,2009.0,6.75,9.07,9.33,7.27,6.75,69.5,6.85
whacked!,XBOX,3.7,2.86,21.33,Party,Presto Studios,Microsoft Game Studios,2002.0,5.0,13.42,20.0,12.5,5.0,59.0,7.2
what remains of edith finch,NS,3.91,1.37,5.83,Adventure,Giant Sparrow,Annapurna Pictures,2017.0,2.23,2.57,2.95,2.52,2.23,89.25,8.075
what the golf?,PC,3.56,2.69,5.56,Sports,Triband,Fig Publishing,2019.0,3.85,5.97,9.17,6.82,3.85,83.5,7.949999999999999
what's cooking with jamie oliver,DS,3.79,2.6,21.56,Simulation,Keen Games,Atari,2008.0,10.37,13.42,20.95,10.37,10.37,47.0,7.333333333333333
wheels of aurelia,PC,2.87,1.88,4.06,Adventure,Santa Ragione,Santa Ragione,2016.0,0.55,1.27,5.65,1.25,0.55,63.0,4.5
when the past was around,PC,3.81,2.36,3.08,Hidden Object,Mojiken,Toge Productions,2020.0,1.73,2.1,2.05,1.93,1.73,78.0,7.8
where the water tastes like wine,PC,2.31,1.28,24.62,"Adventure, Role-Playing",Unknown,Good Shepherd Entertainment,2018.0,11.62,14.58,24.47,14.7,11.62,71.5,4.7
where the wild things are,PS3,2.34,1.85,5.27,Platform,Unknown,Warner Bros. Games,2009.0,4.48,7.0,10.25,7.32,4.48,52.0,5.75
whipseey and the lost atlas,NS,3.13,3.0,2.6,Unknown,Daniel A. Ramirez,Blowfish Studios,2019.0,1.83,1.5,1.15,1.48,1.83,54.0,6.6
whirl tour,PS2,2.79,2.43,18,Sports,Papaya Studio,Vivendi Games,2002.0,2.73,3.03,5.0,3.25,2.73,59.5,7.2
whispering willows,PC,3.52,1.9,3.82,Adventure,Night Light Interactive,Night Light Interactive,2014.0,2.72,2.9,3.1,2.92,2.72,63.5,6.65
whispers of a machine,PC,3.58,3.0,8.44,"Adventure, Point-And-Click",Unknown,Raw Fury,2019.0,6.05,8.0,9.43,7.0,6.05,77.0,7.6
white day: a labyrinth named school,PS4,3.63,3.8,16.19,"First-Person, Horror, Real-Time, Stealth, Survival",Unknown,Unknown,2015.0,9.0,15.57,12.85,10.92,9.0,67.0,7.0
white knight chronicles ii,PS3,3.84,3.25,66.27,Role-Playing,Unknown,Unknown,2011.0,37.7,108.42,552.13,169.8,37.7,60.0,7.1
white night,PC,2.92,4.32,9.5,Adventure,OSome Studio,Activision,2015.0,6.02,6.78,8.35,6.75,6.02,65.33333333333333,6.9
who's that flying?!,PSP,3.39,4.2,5.14,Action,Mediatonic,Kalypso Media Digital,2011.0,1.57,4.75,12.47,3.22,1.57,76.0,6.15
wii fit,WII,3.63,2.49,35.19,Fitness,Nintendo EAD,Nintendo,2008.0,4.2,19.83,39.25,13.65,4.2,80.0,7.7
wii fit plus,WII,3.73,2.68,39.94,Fitness,Nintendo EAD Group No. 5,Nintendo,2009.0,3.8,69.78,48.33,36.13,3.8,80.0,7.5
wii fit u,WIIU,3.89,2.94,56.74,Fitness,Nintendo EAD Group No. 5 Ganbarion,Nintendo,2013.0,3.17,78.0,120.0,47.58,3.17,72.0,7.8
wii music,WII,3.26,1.76,18.58,Music,Nintendo EAD,Nintendo,2008.0,4.48,41.5,13.77,14.18,4.48,63.0,4.8
wii party,WII,3.66,2.54,21.24,Party,Unknown,Nintendo,2010.0,4.53,61.8,50.83,36.73,4.53,68.0,7.9
wii party u,WIIU,3.57,2.6,23.9,Party,Unknown,Nintendo,2013.0,9.83,16.35,15.22,11.68,9.83,65.0,7.1
wii play,WII,3.14,2.24,11.35,Party,Nintendo EAD,Nintendo,2007.0,3.7,9.07,18.5,6.23,3.7,58.0,6.6
wii play: motion,WII,3.56,2.6,12.8,Party,Unknown,Nintendo,2011.0,1.27,12.0,15.07,5.18,1.27,60.0,6.4
wii sports,WII,3.62,2.39,22.4,"Party, Sports",Nintendo EAD,Nintendo,2006.0,5.17,23.03,35.48,16.15,5.17,76.0,8.1
wii sports club,WIIU,3.54,2.74,37.21,"Party, Sports",Namco Bandai Studios,Nintendo,2013.0,3.77,3.35,20.17,6.43,3.77,68.0,7.0
wii sports resort,WII,3.94,2.61,28.68,Sports,Nintendo EAD,Nintendo,2009.0,9.57,45.92,74.25,31.63,9.57,80.0,8.3
wild arms 3,PS4,3.86,3.07,57.38,"Role-Playing, Steampunk, Western",Media.Vision,Sony Computer Entertainment,2002.0,32.48,49.68,79.15,49.57,32.48,78.0,8.4
wild arms 4,PS2,3.71,2.91,45.24,Role-Playing,Media.Vision,Unknown,2006.0,28.57,32.92,44.03,30.65,28.57,69.0,7.6
wild arms alter code: f,PS2,4.05,3.0,59.19,Role-Playing,Media.Vision,Unknown,2005.0,41.43,54.93,87.0,52.5,41.43,73.0,8.2
wild earth: african safari,WII,3.56,3.31,11.65,Unknown,Super X Studios,Majesco,2008.0,8.2,4.05,20.95,4.05,8.2,60.0,7.2
wild guns reloaded,PS4,3.58,4.0,8.52,"Action, Shooter",Natsume,Natsume,2016.0,1.73,1.98,7.5,2.05,1.73,74.0,7.0
wild west guns,WII,3.7,2.8,8.6,Shooter,Gameloft,Unknown,2008.0,0.57,4.0,20.95,1.7,0.57,65.0,6.8
wild wild racing,PS2,3.15,3.44,11.43,"Driving, Racing",Rage Software,Interplay,2000.0,3.8,3.57,6.53,4.37,3.8,64.0,7.333333333333333
wildermyth,PC,3.85,3.0,35.71,Role-Playing,Worldwalker Games,Unknown,2019.0,29.8,45.15,91.57,45.18,29.8,86.0,7.6
wildlife park,PC,3.8,2.25,52,Simulation,b-alive,b-alive,2015.0,22.5,13.42,20.95,22.5,22.5,62.0,6.3
wildstar,PC,3.62,3.05,70.64,"Massively Multiplayer, Role-Playing",Carbine Studios,NCSOFT,2014.0,8.2,13.42,20.95,11.25,8.2,82.0,7.6
will rock,PC,3.1,3.06,16.55,"First-Person, Shooter",Saber Interactive,Ubisoft,2003.0,10.32,12.0,14.0,10.63,10.32,63.0,7.2
winback 2: project poseidon,PS2,2.9,3.33,18.69,"Shooter, Third-Person",Cavia,Koei,2006.0,10.9,13.42,20.95,10.9,10.9,50.0,7.333333333333333
winback: covert operations,PS2,3.51,3.63,27.13,"Shooter, Third-Person",Omega Force,Koei,1999.0,11.12,13.4,18.5,12.25,11.12,66.0,7.8
windward,PC,3.28,2.48,26.73,"Adventure, Role-Playing",Tasharen Entertainment,Tasharen Entertainment,2015.0,16.17,19.95,41.15,26.7,16.17,61.0,7.3
wing commander: prophecy,GBA,3.29,4.1,36,Simulation,Unknown,Unknown,1997.0,17.32,12.33,15.95,16.57,17.32,70.0,8.3
winnie the pooh's rumbly tumbly adventure,GC,3.4,1.53,17.65,"Action, Adventure",Phoenix Studio,Ubisoft,2005.0,3.17,13.42,2.47,2.88,3.17,59.0,7.333333333333333
winter sports 2: the next challenge,DS,3.19,2.13,33.13,Sports,49 Games,Unknown,2008.0,8.2,10.0,20.95,10.0,8.2,41.0,7.333333333333333
winter stars,X360,3.58,2.36,30.22,Sports,Deep Silver,Unknown,2011.0,14.0,18.0,23.0,18.33,14.0,46.0,6.5
wipeout 2048,VITA,3.82,3.83,37.08,"Driving, Racing",SCE Studio Liverpool,SCEE,2012.0,5.1,15.32,37.03,11.47,5.1,79.0,8.2
wipeout fusion,PS2,3.77,3.41,30.79,"Driving, Racing",Sony Studio Liverpool,Sony Computer Entertainment,2002.0,5.85,18.38,20.0,10.15,5.85,83.0,8.4
wipeout hd,PS3,3.83,3.81,40.21,"Driving, Racing",SCE Studio Liverpool,SCEE,2008.0,13.25,17.42,95.7,27.68,13.25,87.0,8.1
wipeout pulse,PS2,3.88,3.39,32.18,"Driving, Racing",Sony Studio Liverpool,Sony Computer Entertainment,2008.0,9.25,10.87,53.43,21.88,9.25,82.0,8.5
wipeout pure,PSP,3.83,3.4,28.49,"Driving, Racing",Sony Studio Liverpool,Sony Computer Entertainment,2005.0,7.52,16.6,33.97,12.02,7.52,88.0,8.0
wizard of legend,PS4,3.65,4.33,33.8,"Action, Adventure",Contingent99,Contingent99,2018.0,9.33,17.68,28.22,19.18,9.33,74.5,7.45
wizardry 8,PC,4.3,3.87,71.57,"First-Person, Role-Playing",Sir-Tech,Sir-Tech,2001.0,90.63,94.43,179.38,109.05,90.63,85.0,8.3
wizardry: tale of the forsaken land,PS2,3.8,3.35,58.64,Role-Playing,Racjin,Atlus,2001.0,41.88,55.38,20.95,52.68,41.88,70.0,7.9
wizorb,PSP,3.08,2.91,7.2,"Action, Adventure",Tribute Games,Tribute Games,2012.0,4.57,6.93,17.12,7.12,4.57,79.0,5.599999999999999
woah dave!,VITA,2.9,4.24,8.33,Action,MiniVisions,Choice Provisions,2014.0,0.93,6.55,13.98,2.37,0.93,71.0,5.8
wolcen: lords of mayhem,PC,2.76,3.07,29.78,"Action, Role-Playing",WOLCEN Studio,WOLCEN Studio,2016.0,18.38,34.85,52.75,27.28,18.38,60.0,5.6
wolf of the battlefield: commando 3,PS3,3.34,3.29,6.75,Shooter,Backbone Entertainment,Capcom,2008.0,1.22,2.0,20.95,1.42,1.22,66.0,7.4
wolfenstein 3d,SNES,3.2,3.24,14.96,"First-Person, Shooter",id Software,Unknown,1992.0,6.22,10.17,11.32,7.93,6.22,61.5,7.300000000000001
wolfenstein ii: the new colossus,XONE,3.66,3.47,24.78,"First-Person, Shooter",Machine Games,Bethesda Softworks,2017.0,11.02,17.92,34.67,14.68,11.02,85.0,7.275
wolfenstein: cyberpilot,PS4,2.14,2.2,21.6,Virtual Reality,Unknown,Bethesda Softworks,2019.0,1.88,2.18,6.18,2.35,1.88,50.0,3.8
wolfenstein: the new order,PS3,3.83,3.15,19.79,"First-Person, Shooter",MachineGames,Bethesda Softworks,2014.0,11.57,15.65,25.4,14.48,11.57,79.66666666666667,8.166666666666666
wolfenstein: the old blood,PC,3.65,2.99,9.52,"First-Person, Shooter",Machine Games,Bethesda Softworks,2015.0,6.0,8.95,16.72,7.85,6.0,75.66666666666667,8.133333333333333
wonder boy: asha in monster world,NS,3.74,2.89,7.78,"Action, Platform, Scrolling, Side",Studio Artdink,ININ Games,2021.0,4.42,6.25,6.92,5.57,4.42,66.5,6.2
wonder world amusement park,WII,2.21,2.25,15.33,Party,Majesco Games,Coyote Console,2008.0,2.0,4.82,20.95,3.4,2.0,37.0,4.5
wonderbook: book of spells,PS3,3.12,1.52,3.69,Interactive Art,SCE London Studio,Unknown,2012.0,4.48,13.42,5.7,5.2,4.48,72.0,6.7
wooden sen'sey,WIIU,3.5,3.63,9.6,"Action, Platform",Upper Byte Studio,Neko Entertainment,2013.0,2.32,4.87,8.1,3.22,2.32,62.0,7.8
woody woodpecker racing,PS,3.07,2.93,9.5,"Driving, Racing",Syrox Developments,Konami,2000.0,2.1,13.42,2.93,2.52,2.1,46.0,7.333333333333333
world destruction league: thunder tanks,PS,2.82,2.94,7.78,Action,3DO,3DO,2000.0,8.75,13.42,20.95,8.75,8.75,65.0,5.5
world driver championship,N64,3.84,4.0,54.19,"Driving, Racing",Boss Game Studios,Midway,1999.0,35.0,39.25,44.0,40.3,35.0,75.0,8.2
world end syndrome,PS4,3.69,1.88,30.77,Visual Novel,TOYBOX,Arc System Works,2019.0,12.3,20.75,26.25,21.55,12.3,79.0,8.0
world heroes anthology,PS2,3.65,3.36,30.7,Fighting,Prosoft,Unknown,2008.0,3.0,13.42,20.95,3.0,3.0,53.0,7.333333333333333
world in conflict,PC,4.1,3.03,28.35,"Real-Time, Strategy/Tactical",Massive Entertainment,Massive Entertainment,2007.0,11.93,15.23,17.95,13.63,11.93,89.0,8.1
world in conflict: soviet assault,PC,3.82,2.82,13.44,"Real-Time, Strategy/Tactical",Massive Entertainment,Ubisoft,2009.0,5.15,10.52,24.65,10.08,5.15,72.0,8.4
world of final fantasy,PC,3.89,2.68,57.24,"Role-Playing, Third-Person, Top-Down",Square Enix,Square Enix,2016.0,35.55,50.35,85.18,50.8,35.55,77.0,7.7
world of goo,NS,3.78,3.76,13.47,Puzzle,2D Boy,2D Boy,2008.0,5.98,8.03,14.88,7.52,5.98,89.33333333333333,8.266666666666666
world of tanks,PS4,3.4,3.49,75.28,"Role-Playing, Simulation",Wargaming.net,Unknown,2011.0,1046.73,589.9,4048.0,1795.1,1046.73,78.66666666666667,4.533333333333333
world of van helsing: deathtrap,XONE,3.56,3.47,15,"Role-Playing, Tower Defense",NeocoreGames,NeocoreGames,2015.0,7.45,18.22,58.65,13.98,7.45,80.0,6.9
world of warcraft,MAC,3.95,2.98,80.00+,"Massively Multiplayer, Role-Playing",Blizzard Entertainment,Blizzard Entertainment,2004.0,660.62,1569.35,5628.62,1989.68,660.62,93.0,7.4
world of warcraft classic,PC,3.56,3.81,70.23,"Massively Multiplayer, Third-Person",Blizzard Entertainment,Blizzard Entertainment,2019.0,272.4,250.0,1250.0,410.45,272.4,81.0,6.1
world of warplanes,PC,3.27,4.0,80.00+,Flight Combat,Unknown,Unknown,2013.0,8.2,13.42,20.95,11.25,8.2,69.0,5.2
world of warships,PC,3.65,3.6,65.62,"Action, Massively Multiplayer",Unknown,Wargaming Group Limited,2017.0,8.2,144.0,20.95,144.0,8.2,81.0,5.8
world series baseball,GG,3.26,2.7,18.8,Sports,Blue Sky Software,Sega,1994.0,4.02,13.42,30.0,9.22,4.02,85.0,7.3
world series baseball 2k1,DC,2.99,3.0,32.9,"Simulation, Sports",Wow Entertainment,Sega,2001.0,8.2,13.42,250.0,250.0,8.2,48.0,7.2
world series of poker,PSP,2.75,3.38,8.25,Card Game,Left Field Productions,Activision,2005.0,3.68,13.42,20.95,3.68,3.68,49.0,8.2
world to the west,PC,3.86,3.1,11.11,Adventure,Rain Games,Rain Games,2017.0,11.77,13.95,19.18,15.98,11.77,75.0,6.65
world tour soccer,PSP,3.07,2.88,10.4,Sports,SCEE,SCEE,2005.0,8.0,13.42,20.95,8.0,8.0,70.0,6.5
world's end club,IOS,2.06,1.94,10.94,"Adventure, Puzzle, Visual Novel",Unknown,IzanagiGames,2020.0,11.42,14.08,16.02,14.3,11.42,62.0,6.7
world's scariest police chases,PS,3.54,3.1,20.69,"Action, Third-Person, Vehicular Combat",Unique Development Studios,Activision,2001.0,4.4,10.05,7.48,5.78,4.4,54.0,7.5
worms 3d,PC,3.22,3.04,27.26,Artillery,Unknown,Unknown,2004.0,15.58,17.5,21.02,17.87,15.58,70.5,7.75
worms 4: mayhem,PS2,3.23,3.13,31.48,"Action, Turn-Based",Team17,Majesco Games,2005.0,9.53,16.48,22.28,14.9,9.53,70.0,7.6000000000000005
worms battlegrounds,XONE,3.3,2.89,38.67,Strategy,Team17,Team17,2014.0,14.68,15.6,10.08,14.48,14.68,66.0,6.0
worms blast,GC,2.97,3.43,17.33,"Action, Puzzle",Team 17,Team 17,2002.0,12.92,12.5,14.0,12.98,12.92,69.0,7.1
worms forts: under siege,PS2,3.03,3.83,18,Strategy,Team17,Sega,2004.0,10.6,26.0,20.0,14.73,10.6,63.333333333333336,7.699999999999999
worms w.m.d,PC,3.7,3.11,26.74,"Action, Strategy",Team17 Digital,Team17 Digital,2016.0,14.8,25.87,53.27,21.98,14.8,78.0,7.375
worms world party,GBA,2.71,3.11,8.07,Unknown,Team17,Titus Software,2001.0,9.02,19.75,29.1,16.18,9.02,77.0,8.0
worms: a space oddity,WII,3.11,3.0,15.27,Artillery,Team17,THQ,2008.0,8.2,10.0,20.95,10.0,8.2,64.0,4.3
worms: battle islands,PSP,2.9,3.12,9.57,"Strategy, Turn-Based",Team17,Unknown,2010.0,8.2,7.0,20.95,7.0,8.2,65.0,7.1
worms: open warfare,DS,2.92,2.7,14.81,"Side, Strategy/Tactical, Turn-Based",Unknown,THQ,2006.0,3.3,13.42,5.5,4.03,3.3,67.0,6.75
worms: open warfare 2,PSP,3.35,2.85,15.5,"Side, Strategy/Tactical, Turn-Based",Unknown,THQ,2007.0,10.05,13.42,28.0,16.03,10.05,80.5,8.149999999999999
wreckfest,PS5,3.5,2.93,31.02,"Driving, Racing, Vehicular Combat",Bugbear,Bugbear,2018.0,17.87,28.28,36.45,26.08,17.87,81.25,7.175
wreckless: the yakuza missions,GC,2.38,3.67,5.8,"Driving, Racing",Bunkasha,Activision,2002.0,3.97,1.72,3.5,3.7,3.97,64.0,6.2
wtf: work time fun,PSP,3.57,2.95,41,Action,SCEI,Unknown,2006.0,30.0,26.03,20.95,27.35,30.0,63.0,7.8
wulverblade,PC,4.0,4.39,8,Beat Em Up,Fully Illustrated,Darkwind Media,2017.0,4.12,7.67,20.95,4.83,4.12,76.33333333333333,7.1000000000000005
wwe '12,X360,3.68,2.96,32.23,Fighting,Yuke's,THQ,2011.0,12.08,18.03,35.12,17.0,12.08,71.5,6.6000000000000005
wwe '13,X360,3.91,2.84,32.54,Fighting,Yukes,THQ,2012.0,6.77,15.77,13.32,11.83,6.77,77.0,8.049999999999999
wwe 2k battlegrounds,PS4,2.13,2.76,6.25,"Fighting, Sports",Saber Interactive,2K Sports,2020.0,8.8,9.77,17.97,12.37,8.8,58.0,4.8
wwe 2k14,X360,3.78,2.96,38.38,Fighting,Unknown,2K Sports,2013.0,9.77,42.6,303.08,48.55,9.77,74.5,7.65
wwe 2k15,X360,2.9,2.63,20.43,Sports,Unknown,2K Sports,2014.0,20.1,43.68,130.0,37.83,20.1,59.0,5.25
wwe 2k16,XONE,3.44,2.96,39.28,"Action, Sports",Unknown,2K Sports,2015.0,14.02,39.8,83.67,29.53,14.02,72.5,6.3
wwe 2k17,PC,3.41,3.0,51.27,"Action, Sports",Unknown,2K Sports,2016.0,14.72,72.2,153.75,60.08,14.72,68.5,5.55
wwe 2k18,NS,2.27,2.61,58.5,"Fighting, Sports",Unknown,2k,2017.0,30.1,61.73,55.0,42.33,30.1,66.5,5.1
wwe 2k19,PC,2.8,2.6,39.88,"Fighting, Sports",Unknown,2k,2018.0,18.1,36.57,60.0,26.92,18.1,76.5,5.95
wwe 2k20,PC,1.18,2.07,10.42,Unknown,Visual Concepts,2k,2019.0,26.8,36.15,40.5,30.97,26.8,44.0,1.5
wwe 2k22,XBSX,2.94,3.33,43.11,"Action, Arcade, Fighting",Visual Concepts,2K Games,2022.0,6.47,38.7,174.78,60.72,6.47,75.66666666666667,6.633333333333334
wwe all stars,WII,3.46,2.7,12.83,Fighting,Unknown,THQ,2011.0,4.37,14.27,22.03,12.0,4.37,72.25,7.075
wwe crush hour,GC,2.85,2.73,26.59,Sports,Pacific Coast Power & Light,THQ,2003.0,2.82,5.0,20.95,3.18,2.82,55.5,6.15
wwe day of reckoning,GC,3.88,3.06,25.53,"Fighting, Sports",Yuke's,THQ,2004.0,7.95,9.9,12.0,9.22,7.95,79.0,8.7
wwe day of reckoning 2,GC,3.9,3.12,30.8,"Fighting, Sports",Yuke's,THQ,2005.0,17.23,24.0,20.95,20.62,17.23,76.0,6.1
wwe legends of wrestlemania,IOS,3.1,2.57,2.17,Fighting,Yuke's,THQ,2009.0,6.15,7.0,14.67,10.65,6.15,70.5,6.3999999999999995
wwe raw 2,XBOX,3.27,2.78,28.87,"Fighting, Wrestling",Anchor Inc.,THQ,2003.0,15.68,13.42,82.0,28.95,15.68,68.0,7.4
wwe road to wrestlemania x8,GBA,2.98,2.86,18.19,"Fighting, Sports",Natsume,THQ,2002.0,0.55,13.42,20.95,0.55,0.55,73.0,7.6
wwe smackdown vs. raw 2007,X360,3.63,2.81,34.33,"Fighting, Professional Wrestling",Yuke's,THQ,2006.0,11.03,22.83,56.97,21.85,11.03,79.66666666666667,8.233333333333333
wwe smackdown vs. raw 2008,DS,2.52,2.75,13.75,Fighting,Unknown,THQ,2007.0,11.47,19.65,50.02,23.0,11.47,67.33333333333333,7.1
wwe smackdown vs. raw 2009,DS,2.99,2.8,9.58,Fighting,Unknown,THQ,2008.0,7.78,15.22,34.18,13.72,7.78,74.0,7.2666666666666675
wwe smackdown vs. raw 2011,X360,3.79,2.69,34.13,Fighting,Yuke's,THQ,2010.0,21.2,29.1,55.42,32.05,21.2,73.66666666666667,7.766666666666667
wwe smackdown! here comes the pain,PS2,4.07,2.96,43.06,Fighting,Yuke's,THQ,2003.0,15.15,31.55,168.33,62.72,15.15,85.0,8.9
wwe smackdown! shut your mouth,PS2,3.87,2.83,38.94,Fighting,Yuke's,Unknown,2002.0,9.93,20.3,44.5,18.27,9.93,82.0,8.6
wwe smackdown! vs. raw,PS2,3.61,2.8,31.06,Fighting,Yuke's,THQ,2004.0,8.78,35.25,63.58,25.35,8.78,80.0,8.6
wwe smackdown! vs. raw 2006,PSP,3.73,2.91,25.04,Fighting,Yuke's,THQ,2005.0,8.45,24.35,53.57,23.3,8.45,82.5,8.25
wwe survivor series,GBA,3.03,2.83,13.61,"Action, Sports",Natsume,THQ,2004.0,7.32,13.42,20.95,7.32,7.32,55.0,8.2
wwe wrestlemania 21,XBOX,2.66,2.92,17.97,"Action, Sports",Studio Gigante,THQ,2005.0,6.43,13.42,20.95,6.43,6.43,56.0,6.8
wwe wrestlemania x8,GC,3.04,2.99,23.07,"Fighting, Third-Person",THQ,THQ,2002.0,3.0,6.78,7.0,5.58,3.0,64.0,6.9
wwe wrestlemania xix,GC,3.75,3.17,28.84,"Fighting, Sports",Yuke's,Unknown,2003.0,5.05,7.0,20.95,5.38,5.05,76.0,8.7
wwf no mercy,N64,4.25,3.1,46.1,Fighting,Unknown,THQ,2000.0,6.33,29.93,31.02,20.1,6.33,89.0,8.5
wwf raw,GB,2.22,3.06,3.33,"Fighting, Sports",Unknown,Unknown,1994.0,1.55,13.42,20.95,1.55,1.55,68.0,5.599999999999999
wwf smackdown! 2: know your role,PS,3.92,2.86,40.22,"Fighting, Sports",Yuke's,Yuke's,2000.0,13.17,12.27,34.25,20.37,13.17,90.0,8.4
wwf smackdown! just bring it,PS2,3.28,2.7,23.5,Fighting,Yuke's,Unknown,2001.0,2.47,7.5,21.33,7.57,2.47,76.0,7.3
x rebirth,PC,2.79,3.33,65.33,"Flight Combat, Simulation",Egosoft,Unknown,2013.0,8.2,118.43,20.95,118.43,8.2,33.0,3.2
x-blades,PS3,2.96,2.87,17.39,Beat Em Up,Gaijin Entertainment,Unknown,2009.0,6.7,8.43,10.78,7.75,6.7,51.333333333333336,6.0
x-com: enforcer,PC,2.7,2.57,21.5,"Action, Shooter, Third-Person",Infogrames,Infogrames,2001.0,4.57,5.88,8.67,5.5,4.57,65.0,6.8
x-men legends ii: rise of apocalypse,PS2,3.81,2.99,30.19,Action,Unknown,Activision,2005.0,20.77,23.5,24.18,22.42,20.77,82.4,7.879999999999999
x-men origins: wolverine,PS2,3.07,2.9,30.03,"Action, Adventure, Hack And Slash, Third-Person",Raven Software,Activision,2009.0,9.1,12.7,17.55,11.53,9.1,66.6,7.680000000000001
x-men: destiny,WII,2.52,2.67,13.14,Action,Silicon Knights,Activision,2011.0,5.47,7.92,10.12,7.47,5.47,44.333333333333336,4.633333333333334
x-men: mutant academy,GBC,2.56,2.86,7.19,Fighting,Unknown,Activision,2000.0,0.45,2.32,1.28,1.28,0.45,75.0,7.6
x-men: mutant academy 2,PS,3.66,3.17,15.54,Fighting,Paradox Development,Activision,2001.0,0.6,2.83,8.2,2.1,0.6,72.0,8.3
x-men: next dimension,XBOX,2.95,3.17,15.33,Versus Fighting,Paradox Development,Unknown,2002.0,3.12,4.03,20.95,3.35,3.12,60.0,8.200000000000001
x-men: reign of apocalypse,GBA,2.88,3.04,9.44,Beat Em Up,Digital Eclipse Software,Activision,2001.0,1.68,2.0,2.17,1.75,1.68,61.0,7.0
x-men: the official game,X360,2.68,2.76,11.59,Action,Unknown,Activision,2006.0,8.85,8.85,11.7,9.45,8.85,52.0,7.171428571428571
x-morph: defense,PC,3.18,4.0,9.06,Tower Defense,EXOR Studios,EXOR Studios,2017.0,12.03,17.6,31.82,15.28,12.03,75.0,8.0
x-squad,PS2,2.85,3.2,11.5,Action,Electronic Arts Square,EA Games,2000.0,6.33,13.0,20.95,8.0,6.33,64.0,7.333333333333333
x2: the threat,PC,3.63,3.55,67.93,Simulation,Unknown,Unknown,2003.0,37.77,73.38,481.5,194.58,37.77,72.0,7.2
x2: wolverine's revenge,PC,3.0,3.78,20.36,Unknown,GenePool Software,Activision,2003.0,10.8,8.07,10.33,9.92,10.8,61.0,6.4
x3: reunion,PC,3.83,3.77,72.63,Simulation,Egosoft,Unknown,2005.0,24.77,202.4,20.95,151.65,24.77,71.0,6.8
x3: terran conflict,PC,4.2,3.88,76.63,Simulation,Egosoft,Unknown,2009.0,47.83,116.17,211.0,109.18,47.83,73.0,7.9
x4: foundations,PC,4.04,3.3,80.00+,Simulation,Egosoft,Egosoft,2018.0,44.82,402.17,161.0,199.37,44.82,59.0,6.3
x: beyond the frontier,PC,3.59,3.59,53.15,Simulation,Egosoft,Unknown,1999.0,31.85,36.82,97.6,39.92,31.85,67.0,7.5
xcom 2,LNX,3.6,3.6,64,"Strategy/Tactical, Turn-Based",Unknown,2K Games,2016.0,34.03,50.82,94.7,49.18,34.03,87.33333333333333,7.333333333333333
xcom: chimera squad,PC,3.47,3.08,28.26,"Strategy/Tactical, Turn-Based",Firaxis Games,2K Games,2020.0,21.63,27.57,63.92,27.35,21.63,77.0,4.7
xcom: enemy unknown,LNX,3.81,3.71,56.67,"Strategy/Tactical, Turn-Based",Firaxis Games,2K Games,2012.0,27.33,40.48,76.58,37.15,27.33,89.33333333333333,8.2
xcom: enemy unknown plus,VITA,3.65,3.91,67.86,"Compilation, Role-Playing, Tactical",Firaxis Games,Unknown,2016.0,8.25,32.17,20.95,26.18,8.25,82.0,8.3
xcom: enemy within,AND,3.98,3.74,32.71,"Strategy/Tactical, Turn-Based",Firaxis Games,2K Games,2013.0,28.1,38.95,51.37,36.65,28.1,87.0,7.9
xenoblade chronicles,WII,4.54,3.16,80.00+,"Action, Role-Playing, Third-Person",Unknown,Nintendo,2012.0,58.07,86.02,146.17,81.88,58.07,92.0,9.1
xenoblade chronicles 2,NS,4.23,3.13,80.00+,"Action, Role-Playing, Third-Person",Monolith Soft,Nintendo,2017.0,63.0,110.38,263.13,105.22,63.0,83.0,8.5
xenoblade chronicles 3,NS,4.23,3.0,80.00+,"Action, Role-Playing, Third-Person",Monolith Soft,Nintendo,2022.0,63.57,104.55,177.73,105.73,63.57,89.0,8.5
xenoblade chronicles x,WIIU,4.34,3.34,80.00+,"Action, Open World, Role-Playing, Third-Person",Unknown,Nintendo,2015.0,67.95,111.95,278.65,119.15,67.95,84.0,9.1
xenogears,PS,4.36,3.19,70.04,Role-Playing,Square Product Development Division 3,Unknown,1998.0,56.5,66.23,81.08,64.3,56.5,84.0,9.1
xenonauts,PC,3.59,4.02,50.2,"Strategy, Turn-Based",Goldhawk Interactive,Unknown,2014.0,33.42,56.03,93.05,52.7,33.42,77.0,7.8
xenosaga episode i: der wille zur macht,PS2,3.97,3.21,53.99,Role-Playing,Monolith Soft,Namco,2003.0,37.7,42.25,57.37,41.93,37.7,83.0,8.5
xenosaga episode ii: jenseits von gut und bose,PS2,3.68,3.36,49.56,Role-Playing,Monolith Soft,Unknown,2005.0,26.72,35.02,58.47,33.7,26.72,73.0,7.7
xenosaga episode iii: also sprach zarathustra,PS2,4.2,3.05,57.28,Role-Playing,Monolith Soft,Namco Bandai Games,2006.0,35.53,42.47,56.77,42.23,35.53,81.0,9.0
xeodrifter,PS4,3.25,3.61,3.92,Platform,Renegade Kid,Renegade Kid,2014.0,3.12,3.3,3.83,3.4,3.12,73.66666666666667,6.133333333333333
xevious,NES,3.11,3.6,9.13,"Arcade, Scrolling, Shooter, Top-Down",Namco,Namco,1983.0,1.85,1.33,5.0,2.03,1.85,56.0,7.333333333333333
xgiii: extreme g racing,GC,3.41,3.72,15.65,"Driving, Racing",Acclaim Studios Cheltenham,Acclaim,2001.0,5.97,6.47,6.0,6.07,5.97,82.0,7.9
xgra: extreme-g racing association,XBOX,3.5,3.14,14.4,"Driving, Racing",Acclaim Studios Cheltenham,Acclaim Entertainment,2003.0,4.78,6.0,20.95,5.08,4.78,67.66666666666667,7.566666666666666
xiaolin showdown,PSP,2.66,2.56,20.5,"Adventure, Beat Em Up",Unknown,Konami,2006.0,6.0,13.42,16.38,9.45,6.0,46.666666666666664,5.9
xpand rally,PC,3.96,3.36,26.67,"Driving, Racing",Techland,Unknown,2006.0,6.42,10.98,12.75,10.1,6.42,82.0,7.3
xtype plus,WIIU,3.72,3.6,14.27,Shooter,PhobosLab,PhobosLab,2014.0,8.2,13.42,0.17,0.17,8.2,76.0,8.1
xxx,GBA,2.44,3.36,9.63,"Action, Adventure",Unknown,Activision,2002.0,3.58,13.42,3.5,3.55,3.58,50.0,5.0
yaiba: ninja gaiden z,X360,2.66,3.98,14.87,"Action, Hack And Slash, Third-Person",Unknown,Tecmo Koei,2014.0,6.2,7.63,10.82,6.65,6.2,46.5,5.05
yakuza 0,XONE,4.12,3.05,53.4,"Action, Adventure",Unknown,Sega,2017.0,32.0,66.93,147.78,63.58,32.0,87.0,8.433333333333332
yakuza 3,PS3,4.14,3.09,46.12,"Action, Open World",CS1 Team,Sega,2010.0,17.15,33.48,104.07,29.63,17.15,79.0,8.0
yakuza 4,PS3,4.24,3.0,54.17,"Action, Adventure",Ryu Ga Gotoku Studio,Sega,2011.0,21.15,40.9,94.83,35.1,21.15,78.0,8.1
yakuza 5,PS3,4.38,2.97,76.36,"Action, Adventure, Beat Em Up, Role-Playing, Third-Person",Ryu Ga Gotoku Studio,Sega,2015.0,36.58,67.12,156.0,63.18,36.58,83.0,8.6
yakuza 6: the song of life,PC,3.95,2.97,43.29,"Action, Adventure, Beat Em Up, Role-Playing, Third-Person",Ryu Ga Gotoku Studio,Sega,2018.0,18.37,32.93,56.37,30.58,18.37,84.0,7.833333333333333
yakuza kiwami,PC,3.94,3.11,46.94,"Action, Adventure, Third-Person",Ryu Ga Gotoku Studio,Sega,2017.0,18.27,34.33,85.37,32.62,18.27,80.0,7.900000000000001
yakuza kiwami 2,PC,4.13,2.94,54.87,"Action, Adventure, Beat Em Up",Sega,Sega,2018.0,18.97,37.83,80.52,37.1,18.97,83.5,8.3
yakuza: dead souls,PS3,3.74,3.04,44.17,"Action, Adventure",Sega,Sega,2012.0,13.13,30.63,87.22,24.73,13.13,64.0,7.5
yanya caballista: city skater,PS2,3.0,3.46,25.56,"Action, Platform",Cave,Koei,2001.0,2.25,13.42,20.95,2.25,2.25,58.0,5.7
year walk,PC,3.8,2.73,5.31,"Adventure, First-Person",Simogo,Unknown,2014.0,1.65,2.17,2.62,2.08,1.65,84.5,7.349999999999999
"yes, your grace",PC,3.47,2.53,8.24,Simulation,Brave At Night,No More Robots,2020.0,6.77,8.6,13.55,8.2,6.77,74.5,7.35
yesterday,PC,3.64,2.71,6.24,"Adventure, Point-And-Click",Pendulo Studios,Focus Home Interactive,2012.0,4.33,4.77,4.62,4.48,4.33,65.0,6.900000000000001
yggdra union: we'll never fight alone,GBA,3.82,3.96,38.9,"Strategy/Tactical, Turn-Based",Sting,Unknown,2006.0,26.38,44.88,20.95,32.82,26.38,73.0,8.2
yo-kai watch,3DS,4.03,2.92,48.6,Role-Playing,Level-5,Unknown,2015.0,19.25,35.63,116.38,31.45,19.25,76.0,8.0
yo-kai watch 2: psychic specters,3DS,4.37,2.99,70.85,Role-Playing,Level-5,Unknown,2017.0,31.28,86.67,645.0,75.42,31.28,73.0,8.5
yo-kai watch 3,3DS,4.42,3.01,80.00+,Role-Playing,Level-5,Unknown,2019.0,44.68,90.75,253.22,94.65,44.68,80.0,8.5
yoku's island express,PC,3.87,3.06,10.98,Platform,Villa Gorilla,Team17 Digital,2018.0,5.7,8.13,11.47,8.4,5.7,83.0,7.8999999999999995
yomawari: night alone,PC,3.4,2.95,14.15,"Strategy, Survival Horror",Nippon Ichi Software,NIS America,2016.0,5.4,8.02,31.33,8.88,5.4,75.0,8.1
yomawari: the long night collection,NS,4.0,3.5,17.14,Unknown,Nippon Ichi Software,NIS America,2018.0,14.0,13.42,20.95,14.0,14.0,73.0,7.2
yonder: the cloud catcher chronicles,NS,3.63,2.04,35.43,"Adventure, Open World",Prideful Sloth,Prideful Sloth,2017.0,9.93,13.58,25.45,15.92,9.93,71.5,7.325
yono and the celestial elephants,PC,3.65,2.2,11.78,Adventure,Neckbolt,Plug In Digital,2017.0,5.17,6.1,9.08,6.42,5.17,73.0,7.3
yooka-laylee,PS4,3.41,3.09,29.22,"Action, Adventure, Platform",Playtonic Games,Team17,2017.0,15.65,20.98,24.95,21.68,15.65,72.25,6.375
yooka-laylee and the impossible lair,PC,3.71,3.33,16.88,"Action, Adventure, Platform, Side",Playtonic Games,Team17,2019.0,12.97,16.42,22.43,17.27,12.97,82.0,6.925
yoshi topsy-turvy,GBA,3.22,2.83,12.08,Platform,Unknown,Nintendo,2005.0,3.6,5.08,6.28,4.2,3.6,60.0,7.1
yoshi touch & go,DS,3.01,2.69,11.38,"Platform, Puzzle",Nintendo EAD,Nintendo,2005.0,1.87,3.75,3.17,2.27,1.87,73.0,6.8
yoshi's crafted world,NS,3.81,2.5,22.46,"Platform, Side",Good-Feel,Nintendo,2019.0,8.55,18.02,36.1,16.45,8.55,79.0,7.9
yoshi's island ds,DS,3.66,3.18,21.4,Platform,Unknown,Nintendo,2006.0,8.88,15.95,31.3,12.72,8.88,81.0,7.5
yoshi's island: super mario advance 3,GBA,4.23,3.19,22.35,"Action, Adventure",Nintendo EAD,Nintendo,2002.0,10.22,13.73,18.93,12.87,10.22,91.0,8.9
yoshi's new island,3DS,3.35,2.64,14.84,"Platform, Scrolling, Side",Arzest,Nintendo,2014.0,7.5,12.23,28.42,10.73,7.5,64.0,6.1
yoshi's story,N64,3.54,2.43,13.33,Platform,Nintendo EAD,Nintendo,1998.0,2.22,8.4,10.82,4.22,2.22,65.0,7.4
yoshi's woolly world,WIIU,4.12,2.82,26.39,"Platform, Scrolling",Unknown,Nintendo,2015.0,11.97,18.28,31.97,18.05,11.97,78.0,8.4
you are empty,PC,3.12,2.75,14.5,"First-Person, Shooter",Unknown,Unknown,2007.0,5.05,6.3,4.35,5.22,5.05,34.0,5.8
young thor,PSP,3.16,3.27,8.5,"Action, Adventure",Frima Studio,Sony Computer Entertainment,2010.0,8.2,6.0,20.95,6.0,8.2,71.0,7.8
your shape: fitness evolved,X360,3.39,3.17,40.06,Fitness,Ubisoft,Ubisoft,2010.0,8.2,13.42,11.57,11.57,8.2,73.0,8.1
youropa,PC,3.71,2.8,8,"Platform, Puzzle",frecle ApS,frecle ApS,2018.0,5.52,7.45,8.85,7.15,5.52,80.0,7.6
ys ix: monstrum nox,PC,3.84,2.87,47.83,"Action, Role-Playing",Nihon Falcom,Unknown,2021.0,27.93,40.2,55.62,41.7,27.93,78.0,8.0
ys origin,NS,3.86,3.3,20.73,"Action, Adventure, Role-Playing",Nihon Falcom Corporation,Unknown,2012.0,11.98,22.7,38.27,18.68,11.98,79.0,7.85
ys seven,PC,4.0,3.21,36.41,"Action, Role-Playing",Nihon Falcom Corporation,Unknown,2010.0,22.33,27.58,40.02,26.65,22.33,79.5,8.15
ys vi: the ark of napishtim,PC,3.96,3.35,21.07,"Action, Role-Playing",Unknown,Unknown,2005.0,12.77,13.38,20.98,13.82,12.77,76.0,8.1
ys: memories of celceta,PS4,3.78,2.91,42,Role-Playing,Nihon Falcom Corporation,XSEED Games,2013.0,21.47,27.57,51.98,28.35,21.47,77.0,7.833333333333333
yu yu hakusho: dark tournament,PS2,2.96,3.22,20.56,Fighting,Digital Fiction,Atari Games,2004.0,2.95,5.3,5.97,4.58,2.95,56.0,8.0
yu-gi-oh! 5d's stardust accelerator: world championship 2009,DS,3.87,3.27,42.73,"Card Game, Strategy, Turn-Based",Konami,Konami,2009.0,29.25,48.7,480.03,94.1,29.25,73.0,7.5
yu-gi-oh! 7 trials to glory: world championship tournament 2005,GBA,3.45,3.16,37.89,"Card Game, Role-Playing, Strategy, Turn-Based",Konami,Konami,2005.0,17.37,55.0,20.0,23.5,17.37,66.0,8.7
yu-gi-oh! capsule monster coliseum,PS2,3.67,2.98,33.13,Role-Playing,Konami,Konami,2004.0,15.6,25.9,46.7,23.27,15.6,62.0,8.1
yu-gi-oh! dungeon dice monsters,GBA,3.27,3.22,30.31,"Board Game, Strategy, Turn-Based",Konami,Konami,2003.0,6.58,11.92,12.0,8.37,6.58,67.0,8.0
yu-gi-oh! gx tag force,PSP,3.9,2.98,48.13,"Card Game, Strategy, Turn-Based",Konami,Konami,2006.0,31.13,75.3,167.5,64.42,31.13,62.0,7.8
yu-gi-oh! gx tag force 2,PSP,3.87,2.92,44.93,"Card, Strategy",Konami,Konami,2007.0,38.35,42.0,20.95,39.87,38.35,60.0,8.2
yu-gi-oh! gx: the beginning of destiny,PS2,3.85,3.15,54.46,Unknown,Unknown,Konami,2008.0,21.85,58.75,303.92,112.98,21.85,49.0,8.4
yu-gi-oh! master duel,PC,3.31,3.33,52.22,"Card Game, Role-Playing, Simulation, Top-Down, Turn-Based",Konami,Konami,2022.0,47.93,88.22,105.62,79.85,47.93,80.0,6.0
yu-gi-oh! reshef of destruction,GBA,3.14,4.1,39.15,"Card Game, Strategy, Turn-Based",Konami,Konami,2004.0,27.27,21.53,20.95,24.88,27.27,61.0,7.2
yu-gi-oh! rush duel: dawn of the battle royale!!,NS,3.78,3.0,35.47,"Strategy/Tactical, Turn-Based",Konami,Konami,2021.0,13.7,25.48,20.95,17.23,13.7,62.0,6.2
yu-gi-oh! the duelists of the roses,PS2,3.66,3.21,34.36,Card Battle,Konami,Konami,2003.0,14.7,29.65,67.53,24.67,14.7,59.0,8.1
yu-gi-oh! the falsebound kingdom,GC,3.22,2.95,35.82,"Real-Time, Strategy",Konami,Konami,2003.0,20.35,28.25,50.25,32.02,20.35,44.0,7.3
yu-gi-oh! the sacred cards,GBA,3.43,2.72,22.05,Role-Playing,Konami,Konami,2003.0,7.75,11.38,17.88,9.87,7.75,60.0,7.0
yu-gi-oh! world championship 2007,DS,3.66,3.1,41.22,Card Battle,Konami,Konami,2007.0,24.5,50.0,68.02,44.0,24.5,76.0,7.6
yu-gi-oh! world championship tournament 2004,GBA,3.46,3.01,35.22,"Card Game, Strategy, Turn-Based",Konami,Konami,2004.0,26.87,24.45,26.5,26.17,26.87,68.0,7.7
yu-gi-oh! worldwide edition: stairway to the destined duel,GBA,3.67,2.93,35.82,"Card Game, Strategy, Turn-Based",Konami,Konami,2003.0,14.22,18.85,25.0,16.87,14.22,72.0,8.6
yu-gi-oh! zexal: world duel carnival,3DS,3.34,2.97,38.26,Unknown,Konami,Konami,2014.0,6.8,16.72,78.92,29.17,6.8,52.0,6.1
yumi's odd odyssey,3DS,3.98,4.38,29.38,"Platform, Puzzle, Scrolling, Third-Person",Agatsuma Entertainment,Natsume,2014.0,1.98,8.93,19.0,5.03,1.98,74.0,7.7
yuppie psycho,PC,4.08,3.06,10.58,"Action, Adventure",Baroque Decay,Another Indie,2019.0,8.82,11.8,18.72,11.87,8.82,81.0,8.2
zack & wiki: quest for barbaros' treasure,WII,3.91,3.44,23.43,"Adventure, Point-And-Click, Puzzle",Capcom,Capcom,2007.0,14.3,18.1,27.58,16.15,14.3,87.0,8.4
zarvot,NS,3.96,3.92,10.67,Adventure,by Sam Eng,by Sam Eng,2018.0,3.0,13.42,20.95,3.0,3.0,72.0,7.0
zatch bell! mamodo battles,GC,3.34,2.88,30.71,Fighting,Eighting,Bandai,2005.0,12.15,13.42,20.95,12.15,12.15,56.5,7.9
zatch bell! mamodo fury,GC,3.3,3.14,41.2,Unknown,Mechanic Arms,Namco Bandai Games,2006.0,4.35,13.42,6.15,5.07,4.35,40.0,7.8
zen pinball 3d,3DS,3.8,3.02,19.9,Pinball,Zen Studios,Zen Studios,2012.0,0.72,13.42,20.95,0.72,0.72,79.0,7.8
zeno clash,PC,3.44,3.19,7.49,"Brawler, Fighting, First-Person Shooter",ACE Team,Unknown,2009.0,3.8,5.22,8.97,4.45,3.8,77.0,7.7
zero escape: the nonary games,XONE,3.07,3.4,24.4,"Adventure, Puzzle, Visual Novel",Spike Chunsoft,Aksys Games,2017.0,32.68,44.08,51.75,49.12,32.68,87.0,8.3
zero escape: virtue's last reward,VITA,4.38,3.23,38.23,"Adventure, Puzzle, Visual Novel",Chunsoft,Unknown,2012.0,27.13,35.45,36.52,34.9,27.13,86.0,8.75
zero escape: zero time dilemma,PS4,3.82,2.93,25.11,"Adventure, Puzzle, Visual Novel",Spike Chunsoft,Unknown,2016.0,20.45,21.42,22.22,21.87,20.45,80.5,8.0
zeus: master of olympus,PC,4.17,3.27,63.69,Simulation,Impressions Games,Sierra Entertainment,2000.0,32.82,67.87,75.75,55.28,32.82,87.0,8.7
ziggurat,PC,3.43,3.83,18.32,"First-Person, Roguelike, Shooter",Milkstone Studios,Milkstone Studios,2014.0,4.28,14.77,40.25,11.85,4.28,80.0,7.2
zoids assault,X360,3.16,3.57,33.14,"Role-Playing, Strategy",Atlus,Atlus,2008.0,14.32,13.42,20.95,14.32,14.32,46.0,8.0
zombie apocalypse,PS3,3.37,3.08,12.3,Shoot 'Em Up,Nihilistic Software,Konami,2009.0,4.75,5.55,6.33,5.58,4.75,63.5,7.55
zombie apocalypse: never die alone,PS3,2.86,3.28,12.1,Shooter,Backbone Entertainment,Konami,2011.0,2.28,13.42,20.95,2.28,2.28,64.5,4.3
zombie army 4: dead war,PS4,3.62,3.18,27.46,"Shooter, Third-Person",Rebellion,Rebellion,2020.0,12.1,19.15,61.33,18.45,12.1,75.75,5.8
zombie army trilogy,PC,3.53,3.38,22.91,"Shooter, Third-Person",Rebellion Oxford,Rebellion Developments,2015.0,13.82,19.98,33.58,16.92,13.82,66.5,7.0
zombie driver hd,PS3,2.75,3.36,32.8,Car Combat,Exor Studios,Exor Studios,2009.0,5.33,9.05,18.53,9.17,5.33,64.0,5.1
zombie night terror,PC,3.69,3.5,8.8,"Action, Strategy",NoClip,Gambitious Digital Entertainment,2016.0,11.7,15.23,32.62,17.18,11.7,81.0,7.8
zombie panic in wonderland,WII,3.76,3.53,10.74,"Action, On-Rails, Real-Time, Shooter, Top-Down",Akaoni Studio,Unknown,2010.0,3.52,13.42,20.95,3.52,3.52,65.0,7.3
zombie revenge,ARC,2.89,4.0,1.55,Beat Em Up,Sega,Sega,2000.0,1.37,3.42,3.0,1.9,1.37,60.0,8.3
zone of the enders,PS2,3.9,3.01,12.28,"Action, Flight, Third-Person",Konami Computer Entertainment Japan,Konami Computer Entertainment,2001.0,4.9,5.55,8.0,5.35,4.9,78.0,7.1
zone of the enders hd collection,X360,4.01,3.41,31.77,"Action, Compilation, Flight",Konami,Konami,2012.0,10.58,11.7,14.57,11.32,10.58,74.0,7.800000000000001
zone of the enders: the 2nd runner,PS2,4.27,3.33,19.27,"Action, Flight",Konami Computer Entertainment Japan,Konami Computer Entertainment,2003.0,6.55,7.72,14.28,7.32,6.55,82.0,8.7
zone of the enders: the 2nd runner mars,PS4,4.06,3.53,17.3,Action,Unknown,Konami Digital Entertainment,2018.0,6.22,6.78,12.57,7.12,6.22,71.0,7.8
zone of the enders: the fist of mars,GBA,4.09,3.13,23.29,Action,Unknown,Konami Computer Entertainment,2002.0,17.17,19.27,21.78,18.28,17.17,71.0,8.5
zoo tycoon 2,PC,3.75,2.59,47.73,Simulation,Unknown,Unknown,2004.0,48.53,99.0,42.67,69.0,48.53,72.0,7.9
zoo tycoon 2 ds,DS,3.19,2.34,28.62,"Point-And-Click, Simulation",Blue Fang Games,THQ,2008.0,11.0,13.42,20.95,11.0,11.0,60.0,5.4
zoo tycoon ds,DS,2.79,2.21,18.43,Simulation,THQ,THQ,2005.0,40.52,13.42,20.95,40.52,40.52,44.0,6.6
zoocube,GBA,2.83,2.78,10.08,Puzzle,Unknown,Unknown,2002.0,6.72,13.42,20.95,6.72,6.72,69.0,6.7
zubo,DS,3.6,2.38,25.1,"Action, Rhythm",EA Bright Light Studios,Electronic Arts,2009.0,13.72,14.75,20.95,14.48,13.72,75.0,7.6
zuma deluxe,X360,3.5,3.7,6.33,Puzzle,PopCap Games,PopCap Games,2003.0,5.83,10.9,14.88,8.62,5.83,77.0,7.2
zwei: the arges adventure,PC,3.38,3.64,26.29,"Action, Role-Playing",Nihon Falcom,Unknown,2018.0,18.08,24.6,110.0,25.98,18.08,68.0,8.0
zwei: the ilvard insurrection,PC,3.83,2.93,18.83,"Action, Adventure, Role-Playing, Third-Person",Nihon Falcom,Unknown,2017.0,21.13,28.52,34.77,26.35,21.13,79.0,8.2
